据点ID,区分,受注日期,客户希望纳期,销售GPR内外,英文顾客,客INC,规格型号,产品名称,注残数量,货币,不含税价格,成本金额,中分类C,供应商名称,供应商集团内外,终端用户英文,终端用户行业C,ID
MPSH,2,20211229,20211124,OUT,ACE,8000,123143100,PSL-D-40,12,RMB,521,,2602,MPTJ,OUT,,,1
MPSH,2,20211229,20211110,OUT,ACE,8000,123143100,PSL-D-40,5,RMB,521,,2602,MPTJ,OUT,,,2
MPSH,2,20211229,20220105,OUT,ACE,8000,,AK-124-MAT-14K,5,RMB,274,,3101,MPTJ,OUT,,,3
MPSH,2,20211229,20220112,OUT,ACE,8000,123143100,PSL-D-40,40,RMB,521,,2602,MPTJ,OUT,,,4
MPSH,2,20211229,20220112,OUT,ACE,8000,123149600,PSL-K-8,4,RMB,123,,2602,MPTJ,OUT,,,5
MPSH,2,20211229,20220105,OUT,ACE,8000,121568100,SFC-030SA2-6B-10B,3,RMB,97,,2301,MPTJ,OUT,,,6
MPSH,2,20211229,20220204,OUT,ACE,8000,129826300,SFH-260S 60H-60H海外,1,RMB,7325,,2302,MPJP,IN,,,7
MPSH,2,20211229,20211208,OUT,ACE,8000,123143100,PSL-D-40,8,RMB,521,,2602,MPTJ,OUT,,,8
MPSH,2,20211229,20211215,OUT,ACE,8000,121265300,SFF-100SS-32K-32K,3,RMB,442,,2302,MPTJ,OUT,,,9
MPSH,2,20211229,20211222,OUT,ACE,8000,123143100,PSL-D-40,8,RMB,521,,2602,MPTJ,OUT,,,10
MPSH,2,20211229,20220121,OUT,ACE,8000,126877800,TT-1X-03-12H-3NM-P,1,RMB,990,,3105,MPJP,IN,,,11
MPSH,2,20211229,20220121,OUT,ACE,8000,103191100,102-05-13 24V 10DIN,5,RMB,248,,1101,MPJP,IN,,,12
MPSH,2,20211229,20211229,OUT,ACE,8000,123432700,CS-10-31G 24V R20DIN A20DIN,4,RMB,456,,1301,MPTJ,OUT,,,13
MPSH,2,20211229,20211027,OUT,ACE,8000,,SFF-100SS-32KK-45K,30,RMB,370,,2302,MPTJ,OUT,威达重工,1010,14
MPSH,2,20211229,20211217,OUT,ACE,8000,130003300,SFF-140DS-40KK-50K-800N,20,RMB,1034,,2302,MPJP,IN,济南二机床,1010,15
MPSH,2,20211229,20211229,OUT,ACE,8000,123145700,PSL-G-24,28,RMB,74,,2602,MPTJ,OUT,青岛高测,1010,16
MPSH,2,20211229,20211220,OUT,JINGJI,1200,121461600,SFC-030SA2-10B-14B,800,RMB,47,,2301,MPTJ,OUT,精技工业,1290,17
MPSH,2,20211229,20220121,OUT,ACE,8000,130003300,SFF-140DS-40KK-50K-800N,2,RMB,1034,,2302,MPJP,IN,济南二机床,1010,18
MPSH,2,20211229,20211229,OUT,ACE,8000,,SFF-100SS-32KK-45K,30,RMB,370,,2302,MPTJ,OUT,威达重工,1010,19
MPSH,2,20211229,20220302,OUT,NICHIDEN,8000,104298200,CF-X-008-OB,100,RMB,291,,2101,MPJP,IN,罗姆半导体,1190,20
MPSH,2,20211229,20220103,OUT,NICHIDEN,8000,125731500,SFC-025SA2-12B-12B,2,RMB,111,,2301,MPTJ,OUT,TOWA半导体,1190,21
MPSH,2,20211229,20220106,OUT,TOYO AUTOMATION,8000,121461600,SFC-030SA2-10B-14B,2000,RMB,37.0973,,2301,MPTJ,OUT,东佑达,1210,22
MPSH,2,20211229,20220125,OUT,AMADA,1000,100124900,PE-250-P,30,RMB,2202.59,,3101,MPJP,IN,天田机床,1090,23
MPSH,2,20211229,20220410,OUT,BANGSHENG,8000,661967,318.35.4.4(661967),50,RMB,1680,,1501,其他,OUT,常德烟草,9090,24
MPSH,2,20211229,20220307,OUT,NING ZHI SHENG,0100,124757600,BXR-06-10-005-24V-20DIN,9,RMB,526,,1401,MPJP,IN,沈阳新松,0140,25
MPSH,2,20211229,20211220,OUT,ANSEN,8000,,SFF-100DS-48KK-55KM,120,RMB,465,,2302,MPTJ,OUT,华都精工,1090,26
MPSH,2,20211229,20211122,OUT,ANSEN,8000,,SFF-100DS-48KK-55KM,100,RMB,465,,2302,MPTJ,OUT,华都精工,1090,27
MPSH,2,20211229,20211220,OUT,ANSEN,8000,,SFF-100DS-48KK-55KM,176,RMB,465,,2302,MPTJ,OUT,华都精工,1090,28
MPSH,2,20211229,20220430,OUT,ANSEN,8000,,CPG-030-T007B-07,5000,RMB,8,,2901,MPTJ,OUT,南京埃斯顿,0140,29
MPSH,2,20211229,20220630,,YEENROBOT,8000,129642000,SFF-120DS-40B-50B-600N,10,RMB,2400,,2302,MPJP,IN,上海衍恩智能,1090,30
MPSH,2,20211229,20220115,OUT,TAKAMAZZHANGHZ,1000,121850700,SFC-050SA2-14B-15B,20,RMB,202.564,,2301,MPTJ,OUT,友嘉高松,1090,31
MPSH,2,20211229,20220208,OUT,MISUMI,8000,121847600,SFC-060SA2-22B-24B,11,RMB,257.26,,2301,MPTJ,OUT,米思米,8020,32
MPSH,2,20211229,20211229,OUT,MISUMI,8000,121847600,SFC-060SA2-22B-24B,11,RMB,257.26,,2301,MPTJ,OUT,米思米,8020,33
MPSH,2,20211229,20220228,OUT,YAMAZEN-SH,8000,,SFC-035SA2-12B-18B,40,RMB,104,,2301,MPTJ,OUT,岛津,1510,34
MPSH,2,20211229,20220125,OUT,OKUMA,1000,,SFF-080DS-T003,14,RMB,447,,2302,MPTJ,OUT,北一大隈,1090,35
MPSH,2,20211229,20220104,OUT,OKUMA,1000,,SFF-080DS-T003,1,RMB,447,,2302,MPTJ,OUT,北一大隈,1090,36
MPSH,2,20211229,20210720,OUT,POLYSTAR,1900,,FR-D720-0.2K,40,RMB,507.0796,,3301,其他,OUT,包利思特,1910,37
MPSH,2,20211229,20210730,OUT,POLYSTAR,1900,,Q6BAT,15,RMB,182.3009,,3302,其他,OUT,包利思特,1910,38
MPSH,2,20211229,20210730,OUT,POLYSTAR,1900,,GT11-50BAT,15,RMB,223.8938,,3302,其他,OUT,包利思特,1910,39
MPSH,2,20211229,20211120,OUT,POLYSTAR,1900,,FR-D720-0.2K,10,RMB,507.0796,,3301,其他,OUT,包利思特,1910,40
MPSH,2,20211229,20220130,OUT,POLYSTAR,1900,,FR-D720-0.2K,5,RMB,507.0796,,3301,其他,OUT,包利思特,1910,41
MPSH,2,20211229,20220107,OUT,ACE,8000,129629400,SFF-120DS-35K-40K-600N,20,RMB,876,,2302,MPJP,IN,,,42
MPSH,2,20211229,20220112,OUT,ACE,8000,,111-06-12N 24V 15DIN,60,RMB,127,,1301,MPTJ,OUT,,,43
MPSH,2,20211229,20211229,OUT,ACE,8000,,111-06-13N 24V,30,RMB,103,,1301,MPTJ,OUT,,,44
MPSH,2,20211229,20211229,OUT,ACE,8000,,111-10-13N 24V,10,RMB,142,,1301,MPTJ,OUT,,,45
MPSH,2,20211229,20211215,OUT,ACE,8000,,SFF-100DS-38KK-42KK,66,RMB,458,,2302,MPTJ,OUT,青岛高测,1010,46
MPSH,2,20211229,20211201,OUT,ACE,8000,,SFF-100DS-38KK-42KK,40,RMB,458,,2302,MPTJ,OUT,青岛高测,1010,47
MPSH,2,20211229,20211229,OUT,ACE,8000,,SFF-100DS-38KK-42KK,2,RMB,458,,2302,MPTJ,OUT,青岛高测,1010,48
MPSH,2,20211229,20220105,OUT,ACE,8000,,SFF-100DS-38KK-42KK,85,RMB,458,,2302,MPTJ,OUT,青岛高测,1010,49
MPSH,2,20211229,20220304,OUT,ACE,8000,123420600,101-20-13G 24V 40DIN,2,RMB,1663,,1301,MPJP,IN,,,50
MPSH,2,20211229,20220105,OUT,ACE,8000,,PE-124-MAT-15H,1,RMB,215,,3101,MPTJ,OUT,,,51
MPSH,2,20211229,20220204,OUT,ACE,8000,103180300,102-04-13 24V 10DIN,64,RMB,151,,1101,MPJP,IN,深圳迈瑞,1410,52
MPSH,2,20211229,20220106,OUT,NICHIDEN,8000,122557200,SFC-010DA2-4.5B-6B,10,RMB,132,,2301,MPTJ,OUT,丝路咖,1130,53
MPSH,2,20211229,20220106,OUT,NICHIDEN,8000,121386100,SFC-030DA2-8B-14B,10,RMB,151,,2301,MPTJ,OUT,嘉睦电子,0190,54
MPSH,2,20211229,20220121,OUT,NICHIDEN,8000,121386100,SFC-030DA2-8B-14B,6,RMB,151,,2301,MPTJ,OUT,芯笙半导体,1190,55
MPSH,2,20211229,20220106,OUT,SHINMAYWA,1900,121375500,SFC-020DA2-6B-8B,10,RMB,148,,2301,MPTJ,OUT,新明和,9099,56
MPSH,2,20211229,20220228,OUT,SHINMAYWA,1900,121375500,SFC-020DA2-6B-8B,10,RMB,148,,2301,MPTJ,OUT,新明和,9099,57
MPSH,2,20211229,20220228,OUT,SHINMAYWA,1900,121386100,SFC-030DA2-8B-14B,20,RMB,157,,2301,MPTJ,OUT,新明和,9099,58
MPSH,2,20211229,20220218,OUT,ANSEN,8000,104298100,CF-X-008-O0,250,RMB,130,,2101,MPJP,IN,小松（山东）,0510,59
MPSH,2,20211229,20220218,OUT,ANSEN,8000,104298100,CF-X-008-O0,200,RMB,130,,2101,MPJP,IN,小松（山东）,0510,60
MPSH,2,20211229,20211129,OUT,ANSEN,8000,,SFF-100DS-38KK-55KM,43,RMB,465,,2302,MPTJ,OUT,华都精工,1090,61
MPSH,2,20211229,20220107,OUT,MISUMI,8000,121931800,SFC-050SA2-19B-22B,2,RMB,168.38,,2301,MPTJ,OUT,米思米,8020,62
MPSH,2,20211229,20211229,OUT,MISUMI,8000,121568000,SFC-030SA2-10B-10B,1,RMB,100.85,,2301,MPTJ,OUT,米思米,8020,63
MPSH,2,20211229,20220314,OUT,MISUMI,8000,121758000,SFC-030DA2-12B-14B,1,RMB,128.21,,2301,MPTJ,OUT,米思米,8020,64
MPSH,2,20211229,20220220,OUT,KAMPF,8000,668974,587.15.5.1(668974),15,RMB,3400,,1501,其他,OUT,康甫机械,9090,65
MPSH,2,20211229,20210720,OUT,POLYSTAR,1900,,QY40P,20,RMB,369.9115,,3302,其他,OUT,包利思特,1910,66
MPSH,2,20211229,20210730,OUT,POLYSTAR,1900,,QY40P,10,RMB,369.9115,,3302,其他,OUT,包利思特,1910,67
MPSH,2,20211229,20210730,OUT,POLYSTAR,1900,,QY40P,1,RMB,369.9115,,3302,其他,OUT,包利思特,1910,68
MPSH,2,20211229,20211120,OUT,POLYSTAR,1900,,QY40P,10,RMB,369.9115,,3302,其他,OUT,包利思特,1910,69
MPSH,2,20211229,20220105,OUT,YACHIYO,8000,121923700,SFC-060DA2-24B-30B,1,RMB,397,,2301,MPTJ,OUT,武汉牧野,1030,70
MPSH,2,20211229,20220430,OUT,POLYSTAR,1900,,QY40P,20,RMB,369.9115,,3302,其他,OUT,包利思特,9099,71
MPSH,2,20211229,20220225,OUT,HONG JIN XIN,8000,125360600,BXW-03-10R-24V-11,100,RMB,282,,1201,MPTW,OUT,深圳鹰诺,1590,72
MPSH,2,20211229,20220118,OUT,BITPASS,8000,,SFF-100DS-38KK-42KK,1,RMB,558,,2302,MPTJ,OUT,四川志方,1510,73
MPSH,2,20211229,20211231,OUT,BITPASS,8000,121758000,SFC-030DA2-12B-14B,20,RMB,61,,2301,MPTJ,OUT,昆山杰士德,1190,74
MPSH,2,20211229,20220106,OUT,FTS-SHENZHENG,8000,121386100,SFC-030DA2-8B-14B,2,RMB,107,,2301,MPTJ,OUT,深圳易天,1190,75
MPSH,2,20211229,20220208,OUT,BITPASS,8000,129723200,SFF-120SS-45K-55K-600N,4,RMB,768,,2302,MPJP,IN,青岛大东,1020,76
MPSH,2,20211229,20220208,OUT,BITPASS,8000,125188900,SFF-080DS-22K-25K,1,RMB,410,,2302,MPTJ,OUT,青岛大东,1020,77
MPSH,2,20211229,20220120,OUT,BITPASS,8000,122167000,SFF-080SS-25K-25K,2,RMB,357,,2302,MPTJ,OUT,上海仕泽,9004,78
MPSH,2,20211229,20211201,OUT,BITPASS,8000,104298100,CF-X-008-O0,50,RMB,130,,2101,MPJP,IN,无锡洋马,9099,79
MPSH,2,20211229,20211201,OUT,BITPASS,8000,104298100,CF-X-008-O0,50,RMB,130,,2101,MPJP,IN,无锡洋马,9099,80
MPSH,2,20211229,20211201,OUT,BITPASS,8000,104298100,CF-X-008-O0,50,RMB,130,,2101,MPJP,IN,无锡洋马,9099,81
MPSH,2,20211229,20220105,OUT,ACE,8000,122769000,ALS-055-R,27,RMB,84,,2202,MPTJ,OUT,,,82
MPSH,2,20211229,20220105,OUT,ACE,8000,,ALS-080ARN-38BHA-40BHA,10,RMB,227,,2202,MPTJ,OUT,,,83
MPSH,2,20211229,20220105,OUT,ACE,8000,,AK-185-MAT-28N,10,RMB,470,,3101,MPTJ,OUT,,,84
MPSH,2,20211229,20220105,OUT,ACE,8000,123026000,SFC-100SA2-35B-40B,1,RMB,364,,2301,MPTJ,OUT,,,85
MPSH,2,20211229,20220105,OUT,ACE,8000,,ALS-030ARN-8BHA-12BHA,2,RMB,55,,2202,MPTJ,OUT,,,86
MPSH,2,20211229,20211229,OUT,ACE,8000,121912800,SFC-060SA2-18B-30B,1,RMB,258,,2301,MPTJ,OUT,,,87
MPSH,2,20211229,20220107,OUT,ACE,8000,,SFF-120DS-45K-55KK-600N,1,RMB,1465,,2302,MPJP,IN,,,88
MPSH,2,20211229,20220105,OUT,ACE,8000,,PE-185-MAT-22K,20,RMB,270,,3101,MPTJ,OUT,富豪木工,9003,89
MPSH,2,20211229,20220105,OUT,ACE,8000,129024300,SFC-035DA2-12B-19B,50,RMB,99,,2301,MPTJ,OUT,济南金威刻,1030,90
MPSH,2,20211229,20211201,OUT,ACE,8000,,SFF-090SS-40KK-45K,60,RMB,341,,2302,MPTJ,OUT,宁波海天,1010,91
MPSH,2,20211229,20211103,OUT,ACE,8000,,SFF-090SS-40KK-45K,10,RMB,341,,2302,MPTJ,OUT,宁波海天,1010,92
MPSH,2,20211229,20211203,OUT,ACE,8000,129837400,SFF-120DS-40K-40KK-600N,5,RMB,676,,2302,MPJP,IN,宁波海天,1010,93
MPSH,2,20211229,20220202,OUT,ACE,8000,129837400,SFF-120DS-40K-40KK-600N,30,RMB,676,,2302,MPJP,IN,宁波海天,1010,94
MPSH,2,20211229,20220105,OUT,ACE,8000,,SFC-080DA2-T088,50,RMB,225,,2301,MPTJ,OUT,杭州友佳,1010,95
MPSH,2,20211229,20220304,OUT,ACE,8000,129837400,SFF-120DS-40K-40KK-600N,15,RMB,676,,2302,MPJP,IN,宁波海天,1010,96
MPSH,2,20211229,20220121,OUT,ACE,8000,129837400,SFF-120DS-40K-40KK-600N,31,RMB,676,,2302,MPJP,IN,宁波海天,1010,97
MPSH,2,20211229,20211229,OUT,ACE,8000,,SFF-080SS-35K-35KS,5,RMB,306,,2302,MPTJ,OUT,宁波海天,1010,98
MPSH,2,20211229,20211229,OUT,ACE,8000,,SRG-060AS-32K-35KS,9,RMB,159,,2303,MPTJ,OUT,宁波海天,1010,99
MPSH,2,20211229,20211229,OUT,ACE,8000,,111-08-13N 24V,40,RMB,97,,1301,MPTJ,OUT,瑞一五金,9099,100
MPSH,2,20211229,20220105,OUT,ACE,8000,121776100,SFC-010DA2-5B-8B,50,RMB,93,,2301,MPTJ,OUT,上海天旋,1190,101
MPSH,2,20211229,20220105,OUT,ACE,8000,,SFF-070SS-24KK-35KS,2,RMB,305,,2302,MPTJ,OUT,,,102
MPSH,2,20211229,20220105,OUT,ACE,8000,,111-12-11N 24V 25JIS,1,RMB,247,,1301,MPTJ,OUT,,,103
MPSH,2,20211229,20220311,OUT,NICHIDEN,8000,128749700,BXR-035-10LE-062,22,RMB,423,,1201,MPJP,IN,东莞新友智能,9099,104
MPSH,2,20211229,20220105,OUT,SHINMAYWA,1900,121776100,SFC-010DA2-5B-8B,20,RMB,154,,2301,MPTJ,OUT,新明和,9099,105
MPSH,2,20211229,20220105,OUT,SHINMAYWA,1900,121776100,SFC-010DA2-5B-8B,20,RMB,154,,2301,MPTJ,OUT,新明和,9099,106
MPSH,2,20211229,20220106,OUT,SHINMAYWA,1900,121776100,SFC-010DA2-5B-8B,20,RMB,154,,2301,MPTJ,OUT,新明和,9099,107
MPSH,2,20211229,20220209,OUT,SHINMAYWA,1900,121776100,SFC-010DA2-5B-8B,20,RMB,154,,2301,MPTJ,OUT,新明和,9099,108
MPSH,2,20211229,20220105,OUT,SHINMAYWA,1900,121776100,SFC-010DA2-5B-8B,2,RMB,154,,2301,MPTJ,OUT,新明和,9099,109
MPSH,2,20211229,20220211,OUT,SHINMAYWA,1900,121776100,SFC-010DA2-5B-8B,20,RMB,154,,2301,MPTJ,OUT,新明和,9099,110
MPSH,2,20211229,20220211,OUT,SHINMAYWA,1900,121776100,SFC-010DA2-5B-8B,20,RMB,154,,2301,MPTJ,OUT,新明和,9099,111
MPSH,2,20211229,20220228,OUT,SHINMAYWA,1900,121776100,SFC-010DA2-5B-8B,20,RMB,154,,2301,MPTJ,OUT,新明和,9099,112
MPSH,2,20211229,20220301,OUT,SHINMAYWA,1900,121776100,SFC-010DA2-5B-8B,20,RMB,154,,2301,MPTJ,OUT,新明和,9099,113
MPSH,2,20211229,20220225,OUT,SHINMAYWA,1900,121776100,SFC-010DA2-5B-8B,20,RMB,154,,2301,MPTJ,OUT,新明和,9099,114
MPSH,2,20211229,20220304,OUT,ANSEN,8000,071082300,AL-090,200,RMB,52,,2202,MPJP,IN,上海启翔,2390,115
MPSH,2,20211229,20220110,OUT,ANSEN,8000,,SFF-100DS-42KJ-55KJ,10,RMB,511,,2302,MPTJ,OUT,广东台一,1910,116
MPSH,2,20211229,20220104,OUT,ANSEN,8000,,111-10-12N 24V 25JIS,8,RMB,181,,1301,MPTJ,OUT,,,117
MPSH,2,20211229,20220108,OUT,ANSEN,8000,,ALS-040AYN-20BHA-20BHA,4,RMB,71,,2202,MPTJ,OUT,,,118
MPSH,2,20211229,20220115,OUT,ANSEN,8000,121454900,SFC-020DA2-8B-8B,2,RMB,118,,2301,MPTJ,OUT,,,119
MPSH,2,20211229,20220103,OUT,ANSEN,8000,121437500,SFC-030DA2-10B-14B,10,RMB,126,,2301,MPTJ,OUT,,,120
MPSH,2,20211229,20220204,OUT,ANSEN,8000,121516800,BXW-04-10L-24V-10,1,RMB,177,,1201,MPJP,IN,,,121
MPSH,2,20211229,20211105,OUT,ANSEN,8000,,BXW-01-10R-24V(本体）,1000,RMB,103,,1401,MPTW,OUT,苏州汇川,0140,122
MPSH,2,20211229,20220105,OUT,ACE,8000,,111-08-11N 24V 15DIN,1,RMB,140,,1301,MPTJ,OUT,,,123
MPSH,2,20211229,20220105,OUT,ACE,8000,123141000,PSL-D-8,12,RMB,152,,2602,MPTJ,OUT,,,124
MPSH,2,20211229,20220204,OUT,ACE,8000,105646700,ETP-A-55,1,RMB,826,,2601,MPJP,IN,,,125
MPSH,2,20211229,20211208,OUT,ACE,8000,122740600,ALS-040-R,2,RMB,52,,2202,MPJP,IN,,,126
MPSH,2,20211229,20211201,OUT,ACE,8000,,SFF-090SS-35K-40KK,30,RMB,362,,2302,MPTJ,OUT,宁波海天,1010,127
MPSH,2,20211229,20211103,OUT,ACE,8000,,SFF-090SS-40K-40KK,10,RMB,341,,2302,MPTJ,OUT,宁波海天,1010,128
MPSH,2,20211229,20211124,OUT,ACE,8000,,SFF-090SS-35K-40KK,25,RMB,362,,2302,MPTJ,OUT,宁波海天,1010,129
MPSH,2,20211229,20220105,OUT,ACE,8000,123020900,SFC-090SA2-35B-35B,1,RMB,246,,2301,MPTJ,OUT,杭州友佳,1010,130
MPSH,2,20211229,20211215,OUT,ACE,8000,125242800,SRG-060AS-35K-35KS,40,RMB,159,,2303,MPTJ,OUT,宁波海天,1010,131
MPSH,2,20211229,20220121,OUT,ACE,8000,126813500,SFH-190S-T015,8,RMB,2509,,2302,MPJP,IN,宁波海天,1010,132
MPSH,2,20211229,20211229,OUT,ACE,8000,,SFF-090SS-40K-40KK,10,RMB,341,,2302,MPTJ,OUT,宁波海天,1010,133
MPSH,2,20211229,20211229,OUT,ACE,8000,123020900,SFC-090SA2-35B-35B,50,RMB,246,,2301,MPTJ,OUT,杭州友佳,1010,134
MPSH,2,20211229,20220105,OUT,ACE,8000,,SFF-090SS-35K-40KK,15,RMB,362,,2302,MPTJ,OUT,宁波海天,1010,135
MPSH,2,20211229,20220105,OUT,ACE,8000,,SFF-090SS-40K-40KK,10,RMB,341,,2302,MPTJ,OUT,宁波海天,1010,136
MPSH,2,20211229,20220301,OUT,NICHIDEN,8000,128747800,BXR-025-10LE-032,200,RMB,198,,1201,MPJP,IN,东莞新友智能,9099,137
MPSH,2,20211229,20211217,OUT,ANSEN,8000,108922800,NSS 10.9.12,3,RMB,3200,,2902,MPJP,IN,安庆恒昌,1640,138
MPSH,2,20211229,20220221,OUT,ANSEN,8000,122740600,ALS-040-R,500,RMB,52,,2202,MPJP,IN,,,139
MPSH,2,20211229,20211220,OUT,ANSEN,8000,,SFF-090DS-35K-42K,30,RMB,462,,2302,MPTJ,OUT,,,140
MPSH,2,20211229,20211213,OUT,ANSEN,8000,122681800,SFF-090SS-32K-35K,20,RMB,410,,2302,MPTJ,OUT,,,141
MPSH,2,20211229,20220121,OUT,ANSEN,8000,123434700,CS-16-35G 24V R30DIN A30DIN,2,RMB,2050,,1301,MPJP,IN,,,142
MPSH,2,20211229,20220121,OUT,ANSEN,8000,105659100,RSE-15,8,RMB,289,,2503,MPJP,IN,,,143
MPSH,2,20211229,20220103,OUT,ANSEN,8000,121809900,SFC-060SA2-28B-28B,2,RMB,258,,2301,MPTJ,OUT,,,144
MPSH,2,20211229,20220103,OUT,ANSEN,8000,121945800,SFC-050DA2-22B-22B,3,RMB,204,,2301,MPTJ,OUT,山东鲁南,1010,145
MPSH,2,20211229,20220110,OUT,STAR PRECISION,1000,,SFC-050SA2-T171,430,RMB,186,,2301,MPTJ,OUT,斯大精密,1090,146
MPSH,2,20211229,20220110,OUT,STAR PRECISION,1000,,SFC-050SA2-T212,140,RMB,153,,2301,MPTJ,OUT,斯大精密,1090,147
MPSH,2,20211229,20220108,OUT,STAR PRECISION,1000,,SFC-050SA2-T171,290,RMB,186,,2301,MPTJ,OUT,斯大精密,1090,148
MPSH,2,20211229,20220208,OUT,STAR PRECISION,1000,,SFC-050SA2-T171,380,RMB,186,,2301,MPTJ,OUT,斯大精密,1090,149
MPSH,2,20211229,20211231,,ZZYWK,8000,,SFC-050SA2-15.875B-22B,2,RMB,320,,2301,MPTJ,OUT,中冶迈克,1590,150
MPSH,2,20211229,20220215,OUT,TAKAMAZZHANGHZ,1000,123070800,SFC-080SA2-T002,10,RMB,380.342,,2301,MPTJ,OUT,友嘉高松,1090,151
MPSH,2,20211229,20220118,OUT,TAKAMAZZHANGHZ,1000,123070800,SFC-080SA2-T002,20,RMB,380.342,,2301,MPTJ,OUT,友嘉高松,1090,152
MPSH,2,20211229,20220315,OUT,TAKAMAZZHANGHZ,1000,123070800,SFC-080SA2-T002,20,RMB,380.342,,2301,MPTJ,OUT,友嘉高松,1090,153
MPSH,2,20211229,20220105,OUT,MISUMI,8000,121881400,SFC-020DA2-7B-8B,2,RMB,121.37,,2301,MPTJ,OUT,米思米,8020,154
MPSH,2,20211229,20211230,OUT,CHANGZHOU LEINIER,8000,,101-08-13N 24V 15JIS,15,RMB,159,,1301,MPTJ,OUT,钰邦电子,1190,155
MPSH,2,20211229,20220104,OUT,OKUMA,1000,125242800,SRG-060AS-35K-35KS,15,RMB,171,,2303,MPTJ,OUT,北一大隈,1090,156
MPSH,2,20211229,20220104,OUT,OKUMA,1000,123146000,PSL-G-30,4,RMB,109,,2602,MPTJ,OUT,北一大隈,1090,157
MPSH,2,20211229,20220125,OUT,OKUMA,1000,123146000,PSL-G-30,8,RMB,109,,2602,MPTJ,OUT,北一大隈,1090,158
MPSH,2,20211229,20220104,OUT,OKUMA,1000,123146000,PSL-G-30,10,RMB,109,,2602,MPTJ,OUT,北一大隈,1090,159
MPSH,2,20211229,20220125,OUT,OKUMA,1000,123146000,PSL-G-30,6,RMB,109,,2602,MPTJ,OUT,北一大隈,1090,160
MPSH,2,20211229,20220125,OUT,OKUMA,1000,123146000,PSL-G-30,1,RMB,109,,2602,MPTJ,OUT,北一大隈,1090,161
MPSH,2,20211229,20220125,OUT,OKUMA,1000,125242800,SRG-060AS-35K-35KS,39,RMB,171,,2303,MPTJ,OUT,北一大隈,1090,162
MPSH,2,20211229,20220105,OUT,ACE,8000,,SFC-040DA2-19BH-20BH,3,RMB,181,,2301,MPTJ,OUT,,,163
MPSH,2,20211229,20220105,OUT,ACE,8000,121913400,SFC-060SA2-24B-25B,48,RMB,258,,2301,MPTJ,OUT,,,164
MPSH,2,20211229,20220121,OUT,ACE,8000,028033400,ACRM-100 8-6.35,5,RMB,136,,2501,MPJP,IN,,,165
MPSH,2,20211229,20220121,OUT,ACE,8000,110088000,MM-16K-S,4,RMB,484,,2502,MPJP,IN,,,166
MPSH,2,20211229,20211119,OUT,ACE,8000,129832400,SFF-140DS-40KK-55K-800N,30,RMB,758,,2302,MPJP,IN,宁波海天,1010,167
MPSH,2,20211229,20220107,OUT,ACE,8000,129832400,SFF-140DS-40KK-55K-800N,30,RMB,758,,2302,MPJP,IN,宁波海天,1010,168
MPSH,2,20211229,20220107,OUT,ACE,8000,126079400,SRG-070DS-35K-35K,30,RMB,350,,2303,MPJP,IN,宁波海天,1010,169
MPSH,2,20211229,20220107,OUT,ACE,8000,129875500,SFF-120DS-35K-35K-600N,40,RMB,876,,2302,MPJP,IN,济南二机床,1010,170
MPSH,2,20211229,20211203,OUT,ACE,8000,129832400,SFF-140DS-40KK-55K-800N,40,RMB,758,,2302,MPJP,IN,宁波海天,1010,171
MPSH,2,20211229,20211203,OUT,ACE,8000,129832400,SFF-140DS-40KK-55K-800N,40,RMB,758,,2302,MPJP,IN,宁波海天,1010,172
MPSH,2,20211229,20220107,OUT,ACE,8000,126079400,SRG-070DS-35K-35K,10,RMB,350,,2303,MPJP,IN,宁波海天,1010,173
MPSH,2,20211229,20220121,OUT,ACE,8000,126079400,SRG-070DS-35K-35K,50,RMB,350,,2303,MPJP,IN,宁波海天,1010,174
MPSH,2,20211229,20211229,OUT,ACE,8000,,ALS-080ARN-35BHA-35BHA,50,RMB,155,,2202,MPTJ,OUT,莆田庆川,1090,175
MPSH,2,20211229,20220121,OUT,ACE,8000,122647600,121-10-20G,1,RMB,2075,,1302,MPJP,IN,,,176
MPSH,2,20211229,20211229,OUT,ACE,8000,121945500,SFC-050DA2-15B-18B,2,RMB,225,,2301,MPTJ,OUT,,,177
MPSH,2,20211229,20220105,OUT,ACE,8000,,ALS-080ARN-35BHA-38BKA,2,RMB,227,,2202,MPTJ,OUT,,,178
MPSH,2,20211229,20211222,OUT,ACE,8000,,SFC-050SA2-T081,100,RMB,100,,2301,MPTJ,OUT,西安北村,1010,179
MPSH,2,20211229,20220105,OUT,ACE,8000,,ALS-065ARN-32BKA-35BHA,5,RMB,143,,2202,MPTJ,OUT,宁波海天,1010,180
MPSH,2,20211229,20220106,OUT,TOYO AUTOMATION,8000,121347500,SFC-040SA2-12B-16B,10,RMB,41.593,,2301,MPTJ,OUT,东佑达,1210,181
MPSH,2,20211229,20221220,OUT,TOYO AUTOMATION,8000,121318400,SFC-030SA2-8B-10B,19,RMB,37.0974,,2301,MPTJ,OUT,东佑达,1210,182
MPSH,2,20211229,20220201,OUT,ANSEN,8000,662267,546.15.3.4(662267),30,RMB,2850,,1501,其他,OUT,青岛软控,0910,183
MPSH,2,20211229,20211227,OUT,ANSEN,8000,122740600,ALS-040-R,500,RMB,52,,2202,MPTJ,OUT,,,184
MPSH,2,20211229,20220218,OUT,ANSEN,8000,108922700,NSS 7.3.7,2,RMB,2885,,2902,MPJP,IN,,,185
MPSH,2,20211229,20220430,OUT,ANSEN,8000,,CPG-030-T007A-07,10000,RMB,15,,2901,MPTJ,OUT,南京埃斯顿,0140,186
MPSH,2,20211229,20220131,OUT,ANSEN,8000,,BXH-16-10N-03,300,RMB,560,,1401,MPTJ,OUT,南京埃斯顿,0140,187
MPSH,2,20211229,20220630,,YEENROBOT,8000,128721600,SFF-120DS-40B-40B-600N,10,RMB,2400,,2302,MPJP,IN,上海衍恩智能,1090,188
MPSH,2,20211229,20220115,OUT,TAKAMAZZHANGHZ,1000,121911400,SFC-060SA2-15B-19B,10,RMB,311.966,,2301,MPTJ,OUT,友嘉高松,1090,189
MPSH,2,20211229,20220115,OUT,TAKAMAZZHANGHZ,1000,121911400,SFC-060SA2-15B-19B,20,RMB,311.966,,2301,MPTJ,OUT,友嘉高松,1090,190
MPSH,2,20211229,20211229,OUT,MISUMI,8000,128639600,SFC-030DA2-8B-9.525B,2,RMB,128.21,,2301,MPTJ,OUT,米思米,8020,191
MPSH,2,20211229,20220104,OUT,OKUMA,1000,123154200,PSL-K-25-B,7,RMB,243,,2602,MPTJ,OUT,北一大隈,1090,192
MPSH,2,20211229,20220104,OUT,OKUMA,1000,123948400,PSL-G-70,7,RMB,550,,2602,MPTJ,OUT,北一大隈,1090,193
MPSH,2,20211229,20220125,OUT,OKUMA,1000,123948400,PSL-G-70,10,RMB,550,,2602,MPTJ,OUT,北一大隈,1090,194
MPSH,2,20211229,20220217,OUT,OKUMA,1000,123154200,PSL-K-25-B,10,RMB,243,,2602,MPTJ,OUT,北一大隈,1090,195
MPSH,2,20211229,20220104,OUT,OKUMA,1000,123154200,PSL-K-25-B,1,RMB,243,,2602,MPTJ,OUT,北一大隈,1090,196
MPSH,2,20211229,20220217,OUT,OKUMA,1000,123154200,PSL-K-25-B,1,RMB,243,,2602,MPTJ,OUT,北一大隈,1090,197
MPSH,2,20211229,20220104,OUT,OKUMA,1000,123948400,PSL-G-70,1,RMB,550,,2602,MPTJ,OUT,北一大隈,1090,198
MPSH,2,20211229,20210720,OUT,POLYSTAR,1900,,MR-PWS1CBL2M-A1-L,60,RMB,78.7611,,3302,其他,OUT,包利思特,1910,199
MPSH,2,20211229,20210730,OUT,POLYSTAR,1900,,MR-PWS1CBL2M-A1-L,20,RMB,78.7611,,3302,其他,OUT,包利思特,1910,200
MPSH,2,20211229,20210730,OUT,POLYSTAR,1900,,MR-PWS1CBL2M-A1-L,3,RMB,78.7611,,3302,其他,OUT,包利思特,1910,201
MPSH,2,20211229,20211120,OUT,POLYSTAR,1900,,MR-PWS1CBL2M-A1-L,10,RMB,78.7611,,3302,其他,OUT,包利思特,1910,202
MPSH,2,20211229,20220105,OUT,ACE,8000,,ALS-040ARN-14BHA-15BHA,6,RMB,71,,2202,MPTJ,OUT,,,203
MPSH,2,20211229,20220105,OUT,ACE,8000,121766200,SFC-050DA2-24B-24B,10,RMB,225,,2301,MPTJ,OUT,,,204
MPSH,2,20211229,20220105,OUT,ACE,8000,123019800,SFC-090SA2-30B-32B,24,RMB,333,,2301,MPTJ,OUT,,,205
MPSH,2,20211229,20220105,OUT,ACE,8000,122014800,SFC-050SA2-25B-25B,4,RMB,167,,2301,MPTJ,OUT,,,206
MPSH,2,20211229,20220218,OUT,ACE,8000,,SFF-140SS-60K-65K-1000N,2,RMB,1288,,2302,MPJP,IN,,,207
MPSH,2,20211229,20211215,OUT,ACE,8000,126918000,SFF-080SS-25K-32K,3,RMB,357,,2302,MPTJ,OUT,,,208
MPSH,2,20211229,20211229,OUT,ACE,8000,,SFF-100DS-38K-42K,9,RMB,558,,2302,MPTJ,OUT,,,209
MPSH,2,20211229,20220121,OUT,ACE,8000,129013500,ETP-E-015-NH,10,RMB,432,,2601,MPJP,IN,,,210
MPSH,2,20211229,20220121,OUT,ACE,8000,124757900,BXR-12-10-030-24V-24DIN,10,RMB,784,,1401,MPJP,IN,,,211
MPSH,2,20211229,20211229,OUT,ACE,8000,126390500,SFC-060DA2-25B-35B,1,RMB,305,,2301,MPTJ,OUT,,,212
MPSH,2,20211229,20220107,OUT,ACE,8000,106803400,JK42,5,RMB,2056,,3104,MPJP,IN,北人富士,1610,213
MPSH,2,20211229,20220105,OUT,ACE,8000,,ALS-055ARN-20BHA-22BHA,3,RMB,96,,2202,MPTJ,OUT,青岛高测,1010,214
MPSH,2,20211229,20220112,OUT,ACE,8000,123142500,PSL-D-28,10,RMB,380,,2602,MPTJ,OUT,西安北村,1010,215
MPSH,2,20211229,20211222,OUT,ACE,8000,123142500,PSL-D-28,5,RMB,380,,2602,MPTJ,OUT,西安北村,1010,216
MPSH,2,20211229,20211229,OUT,ACE,8000,121505100,SFC-050DA2-19B-20B,1,RMB,214,,2301,MPTJ,OUT,青岛高测,1010,217
MPSH,2,20211229,20221220,OUT,TOYO AUTOMATION,8000,121722200,SFC-040SA2-12B-19B,598,RMB,41.5929,,2301,MPTJ,OUT,东佑达,1210,218
MPSH,2,20211229,20220307,OUT,NING ZHI SHENG,0100,124758000,BXR-14-10-038-24V-28DIN,5,RMB,1132,,1401,MPJP,IN,沈阳新松,0140,219
MPSH,2,20211229,20220218,OUT,ANSEN,8000,129013500,ETP-E-015-NH,200,RMB,310,,2601,MPJP,IN,扬州锻压,1020,220
MPSH,2,20211229,20211217,OUT,ANSEN,8000,111948300,SFS-14G 55H-55H,10,RMB,2446,,2302,MPJP,IN,,,221
MPSH,2,20211229,20220315,OUT,ANSEN,8000,,SFF-100DS-38K-42K,2,RMB,558,,2302,MPTJ,OUT,,,222
MPSH,2,20211229,20220204,OUT,ANSEN,8000,104535400,SFS-05W,5,RMB,572,,2302,MPJP,IN,,,223
MPSH,2,20211229,20220131,OUT,ANSEN,8000,128623900,SFF-100DS-55K-55KM,2,RMB,558,,2302,MPTJ,OUT,,,224
MPSH,2,20211229,20220115,OUT,ANSEN,8000,121399700,SFC-050DA2-22B-24B,2,RMB,204,,2301,MPTJ,OUT,山东鲁南,1010,225
MPSH,2,20211229,20210201,OUT,TAMAGAWA,0100,800000523,CPG-030-T005B,10000,RMB,7.01,,2901,MPTJ,OUT,多摩川,0140,226
MPSH,2,20211229,20201201,OUT,TAMAGAWA,0100,800000523,CPG-030-T005B,20000,RMB,7.01,,2901,MPTJ,OUT,多摩川,0140,227
MPSH,2,20211229,20211020,OUT,TAMAGAWA,0100,800000523,CPG-030-T005B,4000,RMB,7.01,,2901,MPTJ,OUT,多摩川,0140,228
MPSH,2,20211229,20211010,OUT,TAMAGAWA,0100,800000523,CPG-030-T005B,10000,RMB,7.01,,2901,MPTJ,OUT,多摩川,0140,229
MPSH,2,20211229,20220102,OUT,TAMAGAWA,0100,800000523,CPG-030-T005B,6000,RMB,7.01,,2901,MPTJ,OUT,多摩川,0140,230
MPSH,2,20211229,20220208,OUT,MISUMI,8000,121344500,SFC-030DA2-8B-8B,7,RMB,128.21,,2301,MPTJ,OUT,米思米,8020,231
MPSH,2,20211229,20220208,OUT,MISUMI,8000,122027600,SFC-060SA2-17B-24B,2,RMB,257.26,,2301,MPTJ,OUT,米思米,8020,232
MPSH,2,20211229,20220107,OUT,MISUMI,8000,121852000,SFC-050SA2-19B-24B,2,RMB,168.38,,2301,MPTJ,OUT,米思米,8020,233
MPSH,2,20211229,20220112,OUT,MISUMI,8000,121666600,SFC-030SA2-8B-14B,14,RMB,100.85,,2301,MPTJ,OUT,米思米,8020,234
MPSH,2,20211229,20220113,OUT,MISUMI,8000,122887200,ALS-055-R-15B-20B,1,RMB,135.6,,2202,MPTJ,OUT,米思米,8020,235
MPSH,2,20211229,20220113,OUT,MISUMI,8000,122887200,ALS-055-R-15B-20B,1,RMB,135.6,,2202,MPTJ,OUT,米思米,8020,236
MPSH,2,20211229,20220117,OUT,MISUMI,8000,121344500,SFC-030DA2-8B-8B,3,RMB,128.21,,2301,MPTJ,OUT,米思米,8020,237
MPSH,2,20211229,20220117,OUT,MISUMI,8000,122997500,SFC-080DA2-20B-25B,1,RMB,336.75,,2301,MPTJ,OUT,米思米,8020,238
MPSH,2,20211229,20220201,OUT,LG MAZAK,1000,128540400,SFF-080SS-T076N,15,RMB,1193.16,,2302,MPJP,IN,宁夏小巨人,1010,239
MPSH,2,20211229,20220404,OUT,LG MAZAK,1000,128540400,SFF-080SS-T076N,5,RMB,1193.16,,2302,MPJP,IN,小巨人,1010,240
MPSH,2,20211229,20220310,OUT,HANZ,8000,129013500,ETP-E-015-NH,100,RMB,265,,2601,MPJP,IN,江苏开璇,9099,241
MPSH,2,20211229,20220220,OUT,HANZ,8000,129013500,ETP-E-015-NH,310,RMB,265,,2601,MPJP,IN,江苏开璇,9099,242
MPSH,2,20211229,20220204,OUT,ACE,8000,,SFH-190S-55H-55H 海外,1,RMB,4395,,2302,MPJP,IN,,,243
MPSH,2,20211229,20220105,OUT,ACE,8000,,ALS-040ARN-14BHA-20BHA,3,RMB,71,,2202,MPTJ,OUT,,,244
MPSH,2,20211229,20220105,OUT,ACE,8000,123003700,SFC-080DA2-32B-35B,8,RMB,333,,2301,MPTJ,OUT,,,245
MPSH,2,20211229,20211229,OUT,ACE,8000,121922500,SFC-060DA2-16B-24B,1,RMB,305,,2301,MPTJ,OUT,,,246
MPSH,2,20211229,20211215,OUT,ACE,8000,127343300,SFC-060DA2-28B-35B,300,RMB,171,,2301,MPTJ,OUT,江苏厚道,1030,247
MPSH,2,20211229,20211001,OUT,ACE,8000,127634800,SFC-055DA2-22B-22B,60,RMB,241,,2301,MPJP,IN,青岛高测,1010,248
MPSH,2,20211229,20220121,OUT,ACE,8000,103187300,102-04-31 24V R8MM A8DIN,95,RMB,212,,1101,MPJP,IN,北京阿奇,1010,249
MPSH,2,20211229,20211229,OUT,ACE,8000,,ALS-055ARN-17BHA-22BHA,4,RMB,106,,2202,MPTJ,OUT,,,250
MPSH,2,20211229,20211229,OUT,ACE,8000,,ALS-065ARN-35BHA-38BHA,1,RMB,143,,2202,MPTJ,OUT,宁波海天,1010,251
MPSH,2,20211229,20220105,OUT,ACE,8000,,SFF-090SS-38KK-40K,1,RMB,341,,2302,MPTJ,OUT,宁波海天,1010,252
MPSH,2,20211229,20220117,OUT,NICHIDEN,8000,121769900,SFC-030SA2-6B-8B,5,RMB,116,,2301,MPTJ,OUT,嘉睦科技,0190,253
MPSH,2,20211229,20220407,OUT,NICHIDEN,8000,104366900,CF-A-050-S0-1360,15,RMB,466,,2101,,,罗姆半导体,1190,254
MPSH,2,20211229,20220407,OUT,NICHIDEN,8000,104314000,CF-A-016-O0-1360,20,RMB,257,,2101,MPJP,IN,罗姆半导体,1190,255
MPSH,2,20211229,20220410,OUT,BANGSHENG,8000,662152,318.25.4.4(662152),50,RMB,1590,,1501,其他,OUT,常德烟草,9090,256
MPSH,2,20211229,20220107,OUT,ANSEN,8000,130594400,SFF-120DS-40KJ-55KJ-600N,11,RMB,1150,,2302,MPJP,IN,广东台一,1910,257
MPSH,2,20211229,20220122,OUT,ANSEN,8000,,111-08-11N 24V 15JIS,2,RMB,140,,1301,MPTJ,OUT,安徽绩溪,9002,258
MPSH,2,20211229,20220122,OUT,ANSEN,8000,,CS-08-35N 24V R15JIS A15JIS,2,RMB,284,,1301,MPTJ,OUT,安庆恒昌,1640,259
MPSH,2,20211229,20220108,OUT,ANSEN,8000,123429800,CS-08-33G 24V 15DIN,2,RMB,337,,1301,MPTJ,OUT,,,260
MPSH,2,20211229,20220110,OUT,ANSEN,8000,123146800,PSL-G-50,1,RMB,173,,2602,MPTJ,OUT,,,261
MPSH,2,20211229,20220115,OUT,TAKAMAZZHANGHZ,1000,121582100,SFC-050SA2-12B-14B,10,RMB,207.692,,2301,MPTJ,OUT,友嘉高松,1090,262
MPSH,2,20211229,20220126,OUT,MISUMI,8000,121843200,SFC-040SA2-14B-19B,10,RMB,121.37,,2301,MPTJ,OUT,米思米,8020,263
MPSH,2,20211229,20220126,OUT,MISUMI,8000,121355200,SFC-020SA2-8B-10B,3,RMB,89.74,,2301,MPTJ,OUT,米思米,8020,264
MPSH,2,20211229,20220110,OUT,MISUMI,8000,121478200,SFC-040DA2-12B-19B,10,RMB,162.39,,2301,MPTJ,OUT,米思米,8020,265
MPSH,2,20211229,20211229,OUT,MISUMI,8000,121769900,SFC-030SA2-6B-8B,2,RMB,100.85,,2301,MPTJ,OUT,米思米,8020,266
MPSH,2,20211229,20211229,OUT,MISUMI,8000,121355200,SFC-020SA2-8B-10B,4,RMB,89.74,,2301,MPTJ,OUT,米思米,8020,267
MPSH,2,20211229,20220105,OUT,YAMAZEN-SH,8000,,SFC-050SA2-T122,100,RMB,220,,2301,MPTJ,OUT,西铁城,1090,268
MPSH,2,20211229,20220329,OUT,YAMAZEN-SH,8000,,SFC-050SA2-T122,100,RMB,220,,2301,MPTJ,OUT,西铁城,1090,269
MPSH,2,20211229,20220104,OUT,OKUMA,1000,123146800,PSL-G-50,14,RMB,143,,2602,MPTJ,OUT,北一大隈,1090,270
MPSH,2,20211229,20220125,OUT,OKUMA,1000,123146800,PSL-G-50,20,RMB,143,,2602,MPTJ,OUT,北一大隈,1090,271
MPSH,2,20211229,20220104,OUT,OKUMA,1000,123146800,PSL-G-50,12,RMB,143,,2602,MPTJ,OUT,北一大隈,1090,272
MPSH,2,20211229,20220104,OUT,OKUMA,1000,123146800,PSL-G-50,2,RMB,143,,2602,MPTJ,OUT,北一大隈,1090,273
MPSH,2,20211229,20211231,OUT,BITPASS,8000,121478200,SFC-040DA2-12B-19B,30,RMB,73,,2301,MPTJ,OUT,昆山杰士德,1190,274
MPSH,2,20211229,20220104,OUT,BITPASS,8000,121808800,SFC-010DA2-5B-6B,2,RMB,60,,2301,MPTJ,OUT,苏州迈为,1190,275
MPSH,2,20211229,20211230,OUT,BITPASS,8000,,ALS-040ARN-15BHA-16BHA,50,RMB,45,,2202,MPTJ,OUT,苏州迈为,1190,276
MPSH,2,20211229,20220107,OUT,BITPASS,8000,121732900,SFC-060DA2-20B-20B,20,RMB,159,,2301,MPTJ,OUT,上海联泰,1190,277
MPSH,2,20211229,20220214,OUT,BITPASS,8000,127113000,SFF-090DS-35B-40B-300N,2,RMB,1172,,2302,MPJP,IN,东伸机电,2390,278
MPSH,2,20211229,20220110,OUT,HEXI,8000,,SFF-080DS-28K-32KK,4,RMB,410,,2302,MPTJ,OUT,东莞普锐米勒,9004,279
MPSH,2,20211229,20211231,OUT,BITPASS,8000,125974800,SFC-025DA2-10B-10B,12,RMB,60,,2301,MPTJ,OUT,昆山鸿仕达,1140,280
MPSH,2,20211229,20211230,OUT,BITPASS,8000,125974800,SFC-025DA2-10B-10B,8,RMB,60,,2301,MPTJ,OUT,昆山鸿仕达,1140,281
MPSH,2,20211229,20220104,OUT,BITPASS,8000,123429800,CS-08-33G 24V 15DIN,20,RMB,337,,1301,MPTJ,OUT,上海仕泽,9004,282
MPSH,2,20211229,20220105,OUT,ACE,8000,,CS-08-33N 24V 15DIN,1,RMB,222,,1301,MPTJ,OUT,,,283
MPSH,2,20211229,20220105,OUT,ACE,8000,121727700,SFC-035SA2-8B-14B,10,RMB,102,,2301,MPTJ,OUT,,,284
MPSH,2,20211229,20211124,OUT,ACE,8000,127322600,SFF-100DS-40K-40KK,35,RMB,510,,2302,MPTJ,OUT,宁波海天,1010,285
MPSH,2,20211229,20220105,OUT,ACE,8000,,SFC-080SA2-T224,10,RMB,231,,2301,MPTJ,OUT,杭州友佳,1010,286
MPSH,2,20211229,20220105,OUT,ACE,8000,,SFC-080DA2-T090,54,RMB,262,,2301,MPTJ,OUT,杭州友佳,1010,287
MPSH,2,20211229,20220121,OUT,ACE,8000,130319600,SFF-140DS-75KJ-75KJ-1000N,5,RMB,1600,,2302,MPJP,IN,北京阿奇,1010,288
MPSH,2,20211229,20220105,OUT,ACE,8000,,101-06-15N 24V R12DIN A12DIN,1,RMB,215,,1301,MPTJ,OUT,,,289
MPSH,2,20211229,20211208,OUT,SHIMPO,0100,120770300,BXH-08-10-A-60,660,RMB,210.58,,1401,MPJP,IN,电产新宝,0140,290
MPSH,2,20211229,20220408,OUT,SHIMPO,0100,120770300,BXH-08-10-A-60,660,RMB,210.58,,1401,MPJP,IN,电产新宝,0140,291
MPSH,2,20211229,20220114,OUT,SHIMPO,0100,120770300,BXH-08-10-A-60,330,RMB,210.58,,1401,MPJP,IN,电产新宝,0140,292
MPSH,2,20211229,20220310,OUT,SHIMPO,0100,120770300,BXH-08-10-A-60,660,RMB,210.58,,1401,MPJP,IN,电产新宝,0140,293
MPSH,2,20211229,20211229,OUT,ACE,8000,,ALS-055ARN-20BHA-24BHA,38,RMB,99,,2202,MPTJ,OUT,宁波海天,1010,294
MPSH,2,20211229,20220105,OUT,SHINMAYWA,1900,121903500,SFC-040DA2-8B-19B,20,RMB,200,,2301,MPTJ,OUT,新明和,9099,295
MPSH,2,20211229,20220105,OUT,SHINMAYWA,1900,121903500,SFC-040DA2-8B-19B,20,RMB,200,,2301,MPTJ,OUT,新明和,9099,296
MPSH,2,20211229,20220106,OUT,SHINMAYWA,1900,121903500,SFC-040DA2-8B-19B,20,RMB,200,,2301,MPTJ,OUT,新明和,9099,297
MPSH,2,20211229,20220209,OUT,SHINMAYWA,1900,121903500,SFC-040DA2-8B-19B,20,RMB,200,,2301,MPTJ,OUT,新明和,9099,298
MPSH,2,20211229,20220211,OUT,SHINMAYWA,1900,121903500,SFC-040DA2-8B-19B,20,RMB,200,,2301,MPTJ,OUT,新明和,9099,299
MPSH,2,20211229,20220211,OUT,SHINMAYWA,1900,121903500,SFC-040DA2-8B-19B,20,RMB,200,,2301,MPTJ,OUT,新明和,9099,300
MPSH,2,20211229,20220301,OUT,SHINMAYWA,1900,121903500,SFC-040DA2-8B-19B,20,RMB,200,,2301,MPTJ,OUT,新明和,9099,301
MPSH,2,20211229,20220225,OUT,SHINMAYWA,1900,121903500,SFC-040DA2-8B-19B,20,RMB,200,,2301,MPTJ,OUT,新明和,9099,302
MPSH,2,20211229,20220125,OUT,AMADA,1000,112233000,AK-185-AV,30,RMB,1193.97,,3101,MPJP,IN,天田机床,1090,303
MPSH,2,20211229,20211217,OUT,ANSEN,8000,125045100,SFS-14G 42H-42H,10,RMB,2262,,2302,MPJP,IN,湖州惠盛,1610,304
MPSH,2,20211229,20220120,OUT,ANSEN,8000,122998100,SFC-080DA2-20B-35B,4,RMB,314,,2301,MPTJ,OUT,苏州宝玛,9002,305
MPSH,2,20211229,20220108,OUT,ANSEN,8000,121431600,SFC-010SA2-6B-6B,2,RMB,82,,2301,MPTJ,OUT,,,306
MPSH,2,20211229,20220115,OUT,ANSEN,8000,,CS-08-31N 24V R15DIN A15DIN,1,RMB,253,,1301,MPTJ,OUT,,,307
MPSH,2,20211229,20220108,OUT,ANSEN,8000,121945600,SFC-050DA2-19B-19B,50,RMB,204,,2301,MPTJ,OUT,山东鲁南,1010,308
MPSH,2,20211229,20220126,OUT,MISUMI,8000,121658500,SFC-060DA2-19B-19B,1,RMB,303.42,,2301,MPTJ,OUT,米思米,8020,309
MPSH,2,20211229,20220221,OUT,MISUMI,8000,121437000,SFC-035SA2-12B-12B,4,RMB,105.13,,2301,MPTJ,OUT,米思米,8020,310
MPSH,2,20211229,20220311,OUT,MISUMI,8000,121437000,SFC-035SA2-12B-12B,8,RMB,105.13,,2301,MPTJ,OUT,米思米,8020,311
MPSH,2,20211229,20220412,OUT,MISUMI,8000,121437000,SFC-035SA2-12B-12B,4,RMB,105.13,,2301,MPTJ,OUT,米思米,8020,312
MPSH,2,20211229,20220512,OUT,MISUMI,8000,121437000,SFC-035SA2-12B-12B,4,RMB,105.13,,2301,MPTJ,OUT,米思米,8020,313
MPSH,2,20211229,20220610,OUT,MISUMI,8000,121437000,SFC-035SA2-12B-12B,4,RMB,105.13,,2301,MPTJ,OUT,米思米,8020,314
MPSH,2,20211229,20220126,OUT,MISUMI,8000,123006200,SFC-080SA2-24B-24B,2,RMB,284.62,,2301,MPTJ,OUT,米思米,8020,315
MPSH,2,20211229,20220228,OUT,YAMAZEN-SH,8000,121375600,SFC-030DA2-10B-11B,1,RMB,128,,2301,MPTJ,OUT,上海岛津,1510,316
MPSH,2,20211229,20220103,OUT,HANZ,8000,124562800,SFF-070SS-22K-25K,100,RMB,250,,2302,MPTJ,OUT,徐州协鑫,9099,317
MPSH,2,20211229,20220114,OUT,HANZ,8000,124562800,SFF-070SS-22K-25K,40,RMB,250,,2302,MPTJ,OUT,徐州协鑫,9099,318
MPSH,2,20211229,20220129,OUT,HANZ,8000,124562800,SFF-070SS-22K-25K,236,RMB,250,,2302,MPTJ,OUT,徐州协鑫,9099,319
MPSH,2,20211229,20220125,OUT,OKUMA,1000,123146400,PSL-G-40,9,RMB,115,,2602,MPTJ,OUT,北一大隈,1090,320
MPSH,2,20211229,20220217,OUT,OKUMA,1000,123146400,PSL-G-40,6,RMB,115,,2602,MPTJ,OUT,北一大隈,1090,321
MPSH,2,20211229,20210720,OUT,POLYSTAR,1900,,MR-J4-20B,20,RMB,1802.6549,,3401,其他,OUT,包利思特,1910,322
MPSH,2,20211229,20220105,OUT,ACE,8000,,111-12-11N 24V 25DIN,1,RMB,247,,1301,MPTJ,OUT,,,323
MPSH,2,20211229,20220105,OUT,ACE,8000,,ALS-080ARN-35BHA-40BHA,20,RMB,227,,2202,MPTJ,OUT,,,324
MPSH,2,20211229,20220105,OUT,ACE,8000,123007200,SFC-080SA2-25B-32B,8,RMB,285,,2301,MPTJ,OUT,,,325
MPSH,2,20211229,20220105,OUT,ACE,8000,121349200,SFC-020SA2-8B-8B,4,RMB,85,,2301,MPTJ,OUT,,,326
MPSH,2,20211229,20220105,OUT,ACE,8000,121724700,SFC-040DA2-10B-14B,4,RMB,160,,2301,MPTJ,OUT,,,327
MPSH,2,20211229,20220105,OUT,ACE,8000,123007200,SFC-080SA2-25B-32B,2,RMB,285,,2301,MPTJ,OUT,,,328
MPSH,2,20211229,20220218,OUT,ACE,8000,130562900,SFF-140SS-60K-70K-1000N,2,RMB,1288,,2302,MPJP,IN,,,329
MPSH,2,20211229,20211229,OUT,ACE,8000,122299400,111-08-13G 24V,5,RMB,165,,1301,MPTJ,OUT,,,330
MPSH,2,20211229,20220105,OUT,ACE,8000,,PE-155-MAT-20H,20,RMB,245,,3101,MPTJ,OUT,绍武振达,9003,331
MPSH,2,20211229,20220105,OUT,ACE,8000,,SFC-080SA2-T222,50,RMB,197,,2301,MPTJ,OUT,杭州友佳,1010,332
MPSH,2,20211229,20211208,OUT,ACE,8000,,ALS-065ARN-28BHA-35BHA,406,RMB,114,,2202,MPTJ,OUT,山东顺佳,1010,333
MPSH,2,20211229,20220105,OUT,ACE,8000,,ALS-055ARN-19BHA-20BHA,21,RMB,99,,2202,MPTJ,OUT,江苏匠准,9099,334
MPSH,2,20211229,20220105,OUT,ACE,8000,,101-12-13N 24V 25JIS,1,RMB,267,,1301,MPTJ,OUT,,,335
MPSH,2,20211229,20220307,OUT,NING ZHI SHENG,0100,124757800,BXR-10-10-016-24V-24DIN,7,RMB,756,,1401,MPJP,IN,沈阳新松,0140,336
MPSH,2,20211229,20220204,OUT,ANSEN,8000,071080100,AL-070,300,RMB,25,,2202,MPJP,IN,上海新闵太阳,1610,337
MPSH,2,20211229,20220108,OUT,ANSEN,8000,121846400,SFC-060DA2-22B-24B,11,RMB,305,,2301,MPTJ,OUT,,,338
MPSH,2,20211229,20220107,OUT,ANSEN,8000,103574300,546-32-34-NS 24V 65DIN,2,RMB,12353,,1501,MPJP,IN,,,339
MPSH,2,20211229,20220107,OUT,ANSEN,8000,033031200,SD-50-20L,2,RMB,433,,3107,MPJP,IN,,,340
MPSH,2,20211229,20220204,OUT,ANSEN,8000,071081100,AL-075,2,RMB,54,,2202,MPJP,IN,,,341
MPSH,2,20211229,20220204,OUT,ANSEN,8000,071081100,AL-075,1,RMB,54,,2202,MPJP,IN,,,342
MPSH,2,20211229,20220103,OUT,ANSEN,8000,,BXL-10-10N-015-24V-20,2,RMB,309,,1401,MPTJ,OUT,,,343
MPSH,2,20211229,20211229,OUT,MISUMI,8000,121349200,SFC-020SA2-8B-8B,5,RMB,89.74,,2301,MPTJ,OUT,米思米,8020,344
MPSH,2,20211229,20220126,OUT,MISUMI,8000,121713300,SFC-030SA2-8B-9B,8,RMB,100.85,,2301,MPTJ,OUT,米思米,8020,345
MPSH,2,20211229,20220228,OUT,YAMAZEN-SH,8000,121931500,SFC-050SA2-18B-18B,40,RMB,169,,2301,MPTJ,OUT,岛津,1510,346
MPSH,2,20211229,20211120,OUT,POLYSTAR,1900,,GT2705-VTBD,10,RMB,5124.7788,,3302,其他,OUT,包利思特,1910,347
MPSH,2,20211229,20220430,OUT,POLYSTAR,1900,,GT2705-VTBD,10,RMB,5124.7788,,3302,其他,OUT,包利思特,9099,348
MPSH,2,20211229,20220104,OUT,SUNWA,8000,121758400,SFC-050SA2-17B-24B,10,RMB,204,,2301,MPTJ,OUT,苏州松下,1730,349
MPSH,2,20211229,20220225,OUT,BITPASS,8000,121821700,SFC-005SA2-4B-5B,20,RMB,132,,2301,MPJP,IN,杭州长川,1510,350
MPSH,2,20211229,20211230,OUT,BITPASS,8000,121349200,SFC-020SA2-8B-8B,92,RMB,41,,2301,MPTJ,OUT,昆山杰士德,1190,351
MPSH,2,20211229,20211229,OUT,BITPASS,8000,121349200,SFC-020SA2-8B-8B,13,RMB,41,,2301,MPTJ,OUT,昆山杰士德,1190,352
MPSH,2,20211229,20211229,OUT,BITPASS,8000,121609100,SFC-060SA2-17B-22B,40,RMB,135,,2301,MPTJ,OUT,上海联泰,1190,353
MPSH,2,20211229,20220106,OUT,FTS-SHENZHENG,8000,121829400,SFC-035DA2-10B-16B,2,RMB,120,,2301,MPTJ,OUT,深圳易天,1190,354
MPSH,2,20211229,20220118,OUT,BITPASS,8000,121943900,SFC-050DA2-10B-19B,10,RMB,101,,2301,MPTJ,OUT,昆山杰士德,1190,355
MPSH,2,20211229,20220106,OUT,BITPASS,8000,121937800,SFC-050DA2-24B-25B,2,RMB,101,,2301,MPTJ,OUT,昆山杰士德,1190,356
MPSH,2,20211229,20211229,OUT,BITPASS,8000,,ALS-040ARN-T013,30,RMB,45,,2202,MPTJ,OUT,苏州迈为,1190,357
MPSH,2,20211229,20220208,OUT,BITPASS,8000,,SFF-100DS-45K-55K,2,RMB,470,,2302,MPTJ,OUT,青岛大东,1020,358
MPSH,2,20211229,20220301,OUT,BITPASS,8000,131491300,SFF-100SS-35BJ-38BK-450N,12,RMB,1139,,2302,MPJP,IN,上海仕泽,9004,359
MPSH,2,20211229,20220107,OUT,BITPASS,8000,126037600,SFC-040SA2-12B-20B,2,RMB,53,,2301,MPTJ,OUT,上海联泰,1190,360
MPSH,2,20211229,20220107,OUT,BITPASS,8000,,SFC-060DA2-28B-32B,2,RMB,159,,2301,MPTJ,OUT,上海联泰,1190,361
MPSH,2,20211229,20220301,OUT,THK,1000,121831500,SFC-060SA2-30B-30B,1,RMB,310,,2301,MPTJ,OUT,常州THK,0290,362
MPSH,2,20211229,20220404,OUT,THK,1000,121831500,SFC-060SA2-30B-30B,1,RMB,310,,2301,MPTJ,OUT,常州THK,0290,363
MPSH,2,20211229,20220204,OUT,ACE,8000,123412100,ETP-A-20,100,RMB,240,,2601,MPJP,IN,北京泰诚信,1510,364
MPSH,2,20211229,20220302,OUT,ACE,8000,,PE-185-MAT-25H,20,RMB,270,,3101,MPTJ,OUT,富豪木工,9003,365
MPSH,2,20211229,20220105,OUT,ACE,8000,,P-106-MA-19（28KG弹簧）,42,RMB,150,,3101,MPTJ,OUT,上海焱德,1810,366
MPSH,2,20211229,20220220,OUT,ACE,8000,128575400,SFF-120DS-48B-55BM-600N,120,RMB,998,,2302,MPJP,IN,青岛高测,1010,367
MPSH,2,20211229,20220115,OUT,ACE,8000,128575400,SFF-120DS-48B-55BM-600N,120,RMB,998,,2302,MPJP,IN,青岛高测,1010,368
MPSH,2,20211229,20211229,OUT,ACE,8000,,SFC-050SA2-15B-19K,56,RMB,133,,2301,MPTJ,OUT,青岛高测,1010,369
MPSH,2,20211229,20211229,OUT,ACE,8000,121733000,SFC-060DA2-20B-25B,10,RMB,238,,2301,MPTJ,OUT,青岛高测,1010,370
MPSH,2,20211229,20211229,OUT,ACE,8000,121733000,SFC-060DA2-20B-25B,45,RMB,238,,2301,MPTJ,OUT,青岛高测,1010,371
MPSH,2,20211229,20211229,OUT,ACE,8000,,SFC-050SA2-15B-19K,2,RMB,133,,2301,MPTJ,OUT,青岛高测,1010,372
MPSH,2,20211229,20220301,OUT,ACE,8000,660154,546.21.3.7（660154）,5,RMB,6700,,1501,其他,OUT,上海骏博,9090,373
MPSH,2,20211229,20220121,OUT,ACE,8000,108922900,NSS 13.9.14,1,RMB,5750,,2902,MPJP,IN,,,374
MPSH,2,20211229,20220105,OUT,ACE,8000,123132400,SFC-035DA2-9.525B-15B,15,RMB,141,,2301,MPTJ,OUT,,,375
MPSH,2,20211229,20220204,OUT,ACE,8000,128575400,SFF-120DS-48B-55BM-600N,120,RMB,949,,2302,MPJP,IN,青岛高测,1010,376
MPSH,2,20211229,20211222,OUT,ACE,8000,,ALS-065ARN-35BHA-35BHA,22,RMB,114,,2202,MPTJ,OUT,宁波海天,1010,377
MPSH,2,20211229,20220106,OUT,TOYO AUTOMATION,8000,125720500,SFC-030SA2-10B-16B,5,RMB,37.098,,2301,MPTJ,OUT,东佑达,1210,378
MPSH,2,20211229,20220106,OUT,TOYO AUTOMATION,8000,121880300,SFC-020SA2-6B-7B,20,RMB,34.5045,,2301,MPTJ,OUT,东佑达,1210,379
MPSH,2,20211229,20220108,OUT,STAR PRECISION,1000,,SFC-050SA2-T092,140,RMB,148,,2301,MPTJ,OUT,斯大精密,1090,380
MPSH,2,20211229,20220204,OUT,ANSEN,8000,108922900,NSS 13.9.14,1,RMB,4253,,2902,MPJP,IN,杭州轻工业,2320,381
MPSH,2,20211229,20220218,OUT,ANSEN,8000,108922900,NSS 13.9.14,3,RMB,4253,,2902,MPJP,IN,杭州轻工业,2320,382
MPSH,2,20211229,20220218,OUT,ANSEN,8000,104482200,CF-A-028-O0-1360,20,RMB,215,,2101,MPJP,IN,小松（山东）,0510,383
MPSH,2,20211229,20220204,OUT,ANSEN,8000,121091800,SFS-08S-22M-24M,3,RMB,663,,2302,MPJP,IN,,,384
MPSH,2,20211229,20220204,OUT,ANSEN,8000,105644100,ETP-A-38,20,RMB,433,,2601,MPJP,IN,,,385
MPSH,2,20211229,20220107,OUT,ZHENGYI BEARING,8000,121733000,SFC-060DA2-20B-25B,20,RMB,285,,2301,MPTJ,OUT,利元亨,1290,386
MPSH,2,20211229,20220315,OUT,TAKAMAZZHANGHZ,1000,123071500,SFC-080SA2-T003,20,RMB,423.077,,2301,MPTJ,OUT,友嘉高松,1090,387
MPSH,2,20211229,20220106,OUT,MISUMI,8000,121851600,SFC-050SA2-16B-16B,4,RMB,168.38,,2301,MPTJ,OUT,米思米,8020,388
MPSH,2,20211229,20220110,OUT,MISUMI,8000,121426000,SFC-050DA2-15B-19B,1,RMB,225.64,,2301,MPTJ,OUT,米思米,8020,389
MPSH,2,20211229,20220104,OUT,MISUMI,8000,121851600,SFC-050SA2-16B-16B,4,RMB,168.38,,2301,MPTJ,OUT,米思米,8020,390
MPSH,2,20211229,20220105,OUT,MISUMI,8000,121822200,SFC-060DA2-20B-24B,2,RMB,303.42,,2301,MPTJ,OUT,米思米,8020,391
MPSH,2,20211229,20220105,OUT,MISUMI,8000,121851600,SFC-050SA2-16B-16B,2,RMB,168.38,,2301,MPTJ,OUT,米思米,8020,392
MPSH,2,20211229,20220110,OUT,MISUMI,8000,121851600,SFC-050SA2-16B-16B,2,RMB,168.38,,2301,MPTJ,OUT,米思米,8020,393
MPSH,2,20211229,20220111,OUT,MISUMI,8000,121851600,SFC-050SA2-16B-16B,4,RMB,168.38,,2301,MPTJ,OUT,米思米,8020,394
MPSH,2,20211229,20220126,OUT,MISUMI,8000,121851600,SFC-050SA2-16B-16B,1,RMB,168.38,,2301,MPTJ,OUT,米思米,8020,395
MPSH,2,20211229,20220125,OUT,OKUMA,1000,121365600,SFF-080SS-22K-35KS,14,RMB,366,,2302,MPTJ,OUT,北一大隈,1090,396
MPSH,2,20211229,20220104,OUT,OKUMA,1000,121365600,SFF-080SS-22K-35KS,1,RMB,366,,2302,MPTJ,OUT,北一大隈,1090,397
MPSH,2,20211229,20211210,OUT,MITSUBISHI,0100,128886300,BXW-05-10-49,260,RMB,158.97,,1201,MPTW,OUT,三菱电机,0140,398
MPSH,2,20211229,20211210,OUT,MITSUBISHI,0100,128886300,BXW-05-10-49,40,RMB,158.97,,1201,MPTW,OUT,三菱电机,0140,399
MPSH,2,20211229,20211210,OUT,MITSUBISHI,0100,128886300,BXW-05-10-49,40,RMB,158.97,,1201,MPTW,OUT,三菱电机,0140,400
MPSH,2,20211229,20211210,OUT,MITSUBISHI,0100,128886300,BXW-05-10-49,60,RMB,158.97,,1201,MPTW,OUT,三菱电机,0140,401
MPSH,2,20211229,20211210,OUT,MITSUBISHI,0100,128886300,BXW-05-10-49,60,RMB,158.97,,1201,MPTW,OUT,三菱电机,0140,402
MPSH,2,20211229,20211216,OUT,MITSUBISHI,0100,128886300,BXW-05-10-49,40,RMB,158.97,,1201,MPTW,OUT,三菱电机,0140,403
MPSH,2,20211229,20220112,OUT,ACE,8000,123145900,PSL-G-28,8,RMB,100,,2602,MPTJ,OUT,,,404
MPSH,2,20211229,20211215,OUT,ACE,8000,,SFC-060DA2-24B-24K L=65,100,RMB,381,,2301,MPTJ,OUT,,,405
MPSH,2,20211229,20220121,OUT,ACE,8000,129647900,ETP-E-070-NH,2,RMB,2408,,2601,MPJP,IN,,,406
MPSH,2,20211229,20211229,OUT,ACE,8000,121391800,SFC-010DA2-6B-8B,8,RMB,110,,2301,MPTJ,OUT,,,407
MPSH,2,20211229,20220204,OUT,ACE,8000,122646200,125-06-12G,10,RMB,1178,,1302,MPJP,IN,北京佳源凯瑞,1010,408
MPSH,2,20211229,20211229,OUT,ACE,8000,,SFC-050SA2-18B-22K,112,RMB,133,,2301,MPTJ,OUT,青岛高测,1010,409
MPSH,2,20211229,20220121,OUT,ACE,8000,129725700,SFC-055DA2-22B-22K,34,RMB,248,,2301,MPJP,IN,青岛高测,1010,410
MPSH,2,20211229,20211229,OUT,ACE,8000,,ALS-065ARN-25BHA-32BKA,20,RMB,114,,2202,MPTJ,OUT,宁波海天,1010,411
MPSH,2,20211229,20211229,OUT,ACE,8000,,ALS-065ARN-20BHA-35BHA,50,RMB,118,,2202,MPTJ,OUT,莆田华睿,1090,412
MPSH,2,20211229,20211229,OUT,ACE,8000,122565700,SFC-060SA2-18B-16BC,40,RMB,308,,2301,MPTJ,OUT,,,413
MPSH,2,20211229,20211229,OUT,ACE,8000,,SFF-100DS-38KK-40KK,4,RMB,558,,2302,MPTJ,OUT,,,414
MPSH,2,20211229,20211229,OUT,ACE,8000,121391800,SFC-010DA2-6B-8B,2,RMB,110,,2301,MPTJ,OUT,,,415
MPSH,2,20211229,20220401,OUT,SHIMPO,0100,020233000,ANTI-NOISE SPRING:XS-08-10-A-20,1000,RMB,0.85,,1401,MPJP,IN,电产新宝,0140,416
MPSH,2,20211229,20220302,OUT,SHIMPO,0100,020233000,ANTI-NOISE SPRING:XS-08-10-A-20,1000,RMB,0.85,,1401,MPJP,IN,电产新宝,0140,417
MPSH,2,20211229,20220220,OUT,SHIMPO,0100,071084200,AL-100,6,RMB,213,,2202,MPJP,IN,电产新宝,0140,418
MPSH,2,20211229,20220220,OUT,SHIMPO,0100,071082200,AL-095,10,RMB,108,,2202,MPJP,IN,电产新宝,0140,419
MPSH,2,20211229,20211229,,GZJUSONG,8000,121851800,SFC-050SA2-14B-19B,1,RMB,251,,2301,MPTJ,OUT,广州巨松,9004,420
MPSH,2,20211229,20220312,OUT,NICHIDEN,8000,104327800,CF-A-025-O0-1360,20,RMB,360,,2101,,,罗姆半导体,1190,421
MPSH,2,20211229,20221220,OUT,TOYO AUTOMATION,8000,121583000,SFC-040SA2-12B-14B,313,RMB,41.5929,,2301,MPTJ,OUT,东佑达,1210,422
MPSH,2,20211229,20220105,OUT,SHINMAYWA,1900,121391800,SFC-010DA2-6B-8B,10,RMB,154,,2301,MPTJ,OUT,新明和,9099,423
MPSH,2,20211229,20220105,OUT,SHINMAYWA,1900,121391800,SFC-010DA2-6B-8B,10,RMB,154,,2301,MPTJ,OUT,新明和,9099,424
MPSH,2,20211229,20220211,OUT,SHINMAYWA,1900,121391800,SFC-010DA2-6B-8B,10,RMB,154,,2301,MPTJ,OUT,新明和,9099,425
MPSH,2,20211229,20220211,OUT,SHINMAYWA,1900,121391800,SFC-010DA2-6B-8B,10,RMB,154,,2301,MPTJ,OUT,新明和,9099,426
MPSH,2,20211229,20220301,OUT,SHINMAYWA,1900,121391800,SFC-010DA2-6B-8B,10,RMB,154,,2301,MPTJ,OUT,新明和,9099,427
MPSH,2,20211229,20220225,OUT,SHINMAYWA,1900,121391800,SFC-010DA2-6B-8B,10,RMB,154,,2301,MPTJ,OUT,新明和,9099,428
MPSH,2,20211229,20220110,OUT,STAR PRECISION,1000,,SFC-050SA2-T172,590,RMB,186,,2301,MPTJ,OUT,斯大精密,1090,429
MPSH,2,20211229,20220108,OUT,STAR PRECISION,1000,,SFC-050SA2-T172,390,RMB,186,,2301,MPTJ,OUT,斯大精密,1090,430
MPSH,2,20211229,20220208,OUT,STAR PRECISION,1000,,SFC-050SA2-T172,570,RMB,186,,2301,MPTJ,OUT,斯大精密,1090,431
MPSH,2,20211229,20220204,OUT,ANSEN,8000,130823400,SFM-120DS-T008N,5,RMB,2650,,2302,MPJP,IN,南通常测,1520,432
MPSH,2,20211229,20220218,OUT,ANSEN,8000,130823400,SFM-120DS-T008N,5,RMB,2650,,2302,MPJP,IN,南通常测,1520,433
MPSH,2,20211229,20220204,OUT,ANSEN,8000,122646900,122-08-20G,3,RMB,2630,,1302,MPJP,IN,,,434
MPSH,2,20211229,20211130,OUT,ANSEN,8000,,BXH-12-10N-01,500,RMB,384,,1401,MPTJ,OUT,南京埃斯顿,0140,435
MPSH,2,20211229,20220104,OUT,OKUMA,1000,123146200,PSL-G-35,26,RMB,112,,2602,MPTJ,OUT,北一大隈,1090,436
MPSH,2,20211229,20220125,OUT,OKUMA,1000,123146200,PSL-G-35,9,RMB,112,,2602,MPTJ,OUT,北一大隈,1090,437
MPSH,2,20211229,20220125,OUT,OKUMA,1000,123146200,PSL-G-35,1,RMB,112,,2602,MPTJ,OUT,北一大隈,1090,438
MPSH,2,20211229,20220217,OUT,OKUMA,1000,123146200,PSL-G-35,24,RMB,112,,2602,MPTJ,OUT,北一大隈,1090,439
MPSH,2,20211229,20220125,OUT,OKUMA,1000,123146200,PSL-G-35,1,RMB,112,,2602,MPTJ,OUT,北一大隈,1090,440
MPSH,2,20211229,20220110,OUT,POLYSTAR,1900,,VRSF-15C-400-T2,20,RMB,1490.2655,,3103,其他,OUT,包利思特,1910,441
MPSH,2,20211229,20211222,OUT,YONGFUWANG-SHENZHENG,8000,129725700,SFC-055DA2-22B-22K,2,RMB,355,,2301,MPJP,IN,克洛诺斯,1290,442
MPSH,2,20211229,20220104,OUT,BITPASS,8000,,AK-216-MAT-28N,1,RMB,637,,3101,MPTJ,OUT,上海联泰,1190,443
MPSH,2,20211229,20220107,OUT,ACE,8000,130003600,SFF-120DS-40KK-40KK-600N,1,RMB,793,,2302,MPJP,IN,,,444
MPSH,2,20211229,20220105,OUT,ACE,8000,121765900,SFC-040SA2-14B-15B,10,RMB,118,,2301,MPTJ,OUT,,,445
MPSH,2,20211229,20210820,OUT,ACE,8000,129276900,SFF-120DS-55BM-55BM-600N,20,RMB,955,,2302,MPJP,IN,青岛高测,1010,446
MPSH,2,20211229,20211105,OUT,ACE,8000,129276900,SFF-120DS-55BM-55BM-600N,174,RMB,945,,2302,MPJP,IN,青岛高测,1010,447
MPSH,2,20211229,20211119,OUT,ACE,8000,129276900,SFF-120DS-55BM-55BM-600N,160,RMB,945,,2302,MPJP,IN,青岛高测,1010,448
MPSH,2,20211229,20220120,OUT,ACE,8000,129276900,SFF-120DS-55BM-55BM-600N,60,RMB,945,,2302,MPJP,IN,青岛高测,1010,449
MPSH,2,20211229,20211201,OUT,ACE,8000,,ALS-065ARN-25BHA-35BHA,400,RMB,114,,2202,MPTJ,OUT,宁波海天,1010,450
MPSH,2,20211229,20220107,OUT,ACE,8000,130210700,SFF-120DS-40KK-55KJ-600N,10,RMB,873,,2302,MPJP,IN,济南二机,1010,451
MPSH,2,20211229,20211215,OUT,ACE,8000,,ALS-065ARN-25BHA-35BHA,300,RMB,114,,2202,MPTJ,OUT,宁波海天,1010,452
MPSH,2,20211229,20220218,OUT,ACE,8000,129276900,SFF-120DS-55BM-55BM-600N,60,RMB,938,,2302,MPJP,IN,青岛高测,1010,453
MPSH,2,20211229,20220121,OUT,ACE,8000,103314400,112-05-13 24V,1,RMB,154,,1101,MPJP,IN,中国电子科技,1190,454
MPSH,2,20211229,20220121,OUT,ACE,8000,130003600,SFF-120DS-40KK-40KK-600N,1,RMB,793,,2302,MPJP,IN,济南二机床,1010,455
MPSH,2,20211229,20211229,OUT,ACE,8000,,ALS-065ARN-25BHA-35BHA,300,RMB,114,,2202,MPTJ,OUT,宁波海天,1010,456
MPSH,2,20211229,20220106,OUT,TOYO AUTOMATION,8000,121731700,SFC-050SA2-16B-17B,3,RMB,93,,2301,MPTJ,OUT,东佑达,1210,457
MPSH,2,20211229,20220106,OUT,SHINMAYWA,1900,121366200,SFC-050DA2-16B-19B,20,RMB,293,,2301,MPTJ,OUT,新明和,9099,458
MPSH,2,20211229,20220209,OUT,SHINMAYWA,1900,121366200,SFC-050DA2-16B-19B,20,RMB,293,,2301,MPTJ,OUT,新明和,9099,459
MPSH,2,20211229,20220110,OUT,ANSEN,8000,121503400,SFC-040DA2-15B-19B,1,RMB,151,,2301,MPTJ,OUT,苏州宝玛,9002,460
MPSH,2,20211229,20220218,OUT,ANSEN,8000,104731200,SFS-14S,20,RMB,795,,2302,MPJP,IN,朗诚,1090,461
MPSH,2,20211229,20220107,OUT,ANSEN,8000,105642600,ETP-A-30,1,RMB,318,,2601,MPJP,IN,,,462
MPSH,2,20211229,20220120,OUT,ZHENGYI BEARING,8000,129563900,SFF-120SS-40K-40K-600N,15,RMB,1120,,2302,MPJP,IN,环球工业,1010,463
MPSH,2,20211229,20211230,OUT,MISUMI,8000,123024100,SFC-100SA2-35B-35B,1,RMB,365.81,,2301,MPTJ,OUT,米思米,8020,464
MPSH,2,20211229,20220105,OUT,YAMAZEN-SH,8000,121717800,SFC-050SA2-16B-14BC,150,RMB,212,,2301,MPTJ,OUT,西铁城,1090,465
MPSH,2,20211229,20220216,OUT,YAMAZEN-SH,8000,121717800,SFC-050SA2-16B-14BC,270,RMB,212,,2301,MPTJ,OUT,西铁城,1090,466
MPSH,2,20211229,20211101,OUT,YAMAZEN-SH,8000,121717800,SFC-050SA2-16B-14BC,150,RMB,212,,2301,MPTJ,OUT,西铁城,1090,467
MPSH,2,20211229,20220329,OUT,YAMAZEN-SH,8000,121717800,SFC-050SA2-16B-14BC,300,RMB,212,,2301,MPTJ,OUT,西铁城,1090,468
MPSH,2,20211229,20220428,OUT,YAMAZEN-SH,8000,121717800,SFC-050SA2-16B-14BC,300,RMB,212,,2301,MPTJ,OUT,西铁城,1090,469
MPSH,2,20211229,20220201,OUT,YAMAZEN-SH,8000,121717800,SFC-050SA2-16B-14BC,480,RMB,212,,2301,MPTJ,OUT,西铁城,1090,470
MPSH,2,20211229,20220104,OUT,OKUMA,1000,123146100,PSL-G-32,4,RMB,112,,2602,MPTJ,OUT,北一大隈,1090,471
MPSH,2,20211229,20220104,OUT,OKUMA,1000,123146100,PSL-G-32,9,RMB,112,,2602,MPTJ,OUT,北一大隈,1090,472
MPSH,2,20211229,20220125,OUT,OKUMA,1000,123146100,PSL-G-32,17,RMB,112,,2602,MPTJ,OUT,北一大隈,1090,473
MPSH,2,20211229,20210720,OUT,POLYSTAR,1900,,MR-J3BUS03M,60,RMB,219.469,,3302,其他,OUT,包利思特,1910,474
MPSH,2,20211229,20210720,OUT,POLYSTAR,1900,,MR-PWS1CBL5M-A1-L,20,RMB,97.3451,,3302,其他,OUT,包利思特,1910,475
MPSH,2,20211229,20210730,OUT,POLYSTAR,1900,,MR-PWS1CBL5M-A1-L,20,RMB,97.3451,,3302,其他,OUT,包利思特,1910,476
MPSH,2,20211229,20210730,OUT,POLYSTAR,1900,,MR-J3BUS03M,30,RMB,219.469,,3302,其他,OUT,包利思特,1910,477
MPSH,2,20211229,20210730,OUT,POLYSTAR,1900,,MR-PWS1CBL5M-A1-L,1,RMB,97.3451,,3302,其他,OUT,包利思特,1910,478
MPSH,2,20211229,20210730,OUT,POLYSTAR,1900,,MR-J3BUS03M,3,RMB,219.469,,3302,其他,OUT,包利思特,1910,479
MPSH,2,20211229,20211120,OUT,POLYSTAR,1900,,MR-J3BUS03M,20,RMB,219.469,,3302,其他,OUT,包利思特,1910,480
MPSH,2,20211229,20211120,OUT,POLYSTAR,1900,,MR-PWS1CBL5M-A1-L,10,RMB,97.3451,,3302,其他,OUT,包利思特,1910,481
MPSH,2,20211229,20211120,OUT,POLYSTAR,1900,,Q52B,10,RMB,341.5929,,3302,其他,OUT,包利思特,1910,482
MPSH,2,20211229,20220430,OUT,POLYSTAR,1900,,MR-PWS1CBL5M-A1-L,40,RMB,97.3451,,3302,其他,OUT,包利思特,9099,483
MPSH,2,20211229,20211203,OUT,ACE,8000,033021500,SD-100-50L,18,RMB,439,,3107,MPJP,IN,,,484
MPSH,2,20211229,20211217,OUT,ACE,8000,129710800,SFF-120DS-50K-50K-600N,2,RMB,1465,,2302,MPJP,IN,,,485
MPSH,2,20211229,20220105,OUT,ACE,8000,,PE-124-MAT-15K,5,RMB,215,,3101,MPTJ,OUT,,,486
MPSH,2,20211229,20220105,OUT,ACE,8000,,CS-12-33N 24V 25DIN,1,RMB,344,,1301,MPTJ,OUT,,,487
MPSH,2,20211229,20220105,OUT,ACE,8000,,ALS-065ARN-25BHA-32BHA,2,RMB,143,,2202,MPTJ,OUT,,,488
MPSH,2,20211229,20211229,OUT,ACE,8000,121931100,SFC-050SA2-14B-24B,2,RMB,167,,2301,MPTJ,OUT,,,489
MPSH,2,20211229,20220105,OUT,ACE,8000,123008100,SFC-080SA2-32B-32B,1,RMB,264,,2301,MPTJ,OUT,,,490
MPSH,2,20211229,20220105,OUT,ACE,8000,121436900,SFC-030SA2-8B-8B,6,RMB,97,,2301,MPTJ,OUT,,,491
MPSH,2,20211229,20220105,OUT,ACE,8000,121843400,SFC-040SA2-8B-14B,4,RMB,118,,2301,MPTJ,OUT,,,492
MPSH,2,20211229,20220121,OUT,ACE,8000,110857100,CPE-19-8B-8B,15,RMB,212,,2901,MPJP,IN,,,493
MPSH,2,20211229,20211229,OUT,ACE,8000,,SFC-020DA2-6B-9K,3,RMB,118,,2301,MPTJ,OUT,,,494
MPSH,2,20211229,20220302,OUT,ACE,8000,,AK-155-MAB-28N,20,RMB,220,,3101,MPTJ,OUT,四川青城,9003,495
MPSH,2,20211229,20220121,OUT,ACE,8000,129812300,BEM-24ESN12-120N with inspection report,200,RMB,50,,1901,MPJP,IN,新产业生物,1420,496
MPSH,2,20211229,20211020,OUT,ACE,8000,,SFF-100DS-38KK-38KK,50,RMB,458,,2302,MPTJ,OUT,青岛高测,1010,497
MPSH,2,20211229,20211208,OUT,ACE,8000,,SFF-100DS-38KK-38KK,100,RMB,458,,2302,MPTJ,OUT,青岛高测,1010,498
MPSH,2,20211229,20211208,OUT,ACE,8000,,SFF-100DS-38KK-38KK,100,RMB,458,,2302,MPTJ,OUT,青岛高测,1010,499
MPSH,2,20211229,20211103,OUT,ACE,8000,,SFF-100DS-38KK-38KK,50,RMB,458,,2302,MPTJ,OUT,青岛高测,1010,500
MPSH,2,20211229,20220204,OUT,ACE,8000,129905900,SFF-120SS-40KK-55K-600N,1,RMB,672,,2302,MPJP,IN,宁波海天,1010,501
MPSH,2,20211229,20211229,OUT,ACE,8000,121817600,SFC-035DA2-12B-16B,17,RMB,141,,2301,MPTJ,OUT,,,502
MPSH,2,20211229,20211229,OUT,ACE,8000,,SFF-090SS-32KK-32KK,8,RMB,410,,2302,MPTJ,OUT,,,503
MPSH,2,20211229,20211229,OUT,ACE,8000,,ALS-055ARN-22BHA-24BHA,50,RMB,106,,2202,MPTJ,OUT,,,504
MPSH,2,20211229,20220204,OUT,ACE,8000,129787600,SFF-140DS-50K-55K-1000N,1,RMB,1772,,2302,MPJP,IN,,,505
MPSH,2,20211229,20220105,OUT,ACE,8000,,SFC-050DA2-19B-22K,2,RMB,225,,2301,MPTJ,OUT,,,506
MPSH,2,20211229,20220215,OUT,NICHIDEN,8000,121848700,SFC-060SA2-18B-22B,100,RMB,190,,2301,MPTJ,OUT,牧野机床,1030,507
MPSH,2,20211229,20211229,,GZJUSONG,8000,121931100,SFC-050SA2-14B-24B,1,RMB,251,,2301,MPTJ,OUT,广州巨松,9004,508
MPSH,2,20211229,20211231,OUT,NICHIDEN,8000,121436900,SFC-030SA2-8B-8B,1,RMB,113,,2301,MPTJ,OUT,TOWA半导体,1190,509
MPSH,2,20211229,20220429,OUT,NICHIDEN,8000,121436900,SFC-030SA2-8B-8B,30,RMB,113,,2301,MPTJ,OUT,TOWA半导体,1190,510
MPSH,2,20211229,20220407,OUT,NICHIDEN,8000,104424100,CF-A-250-O0-1360,2,RMB,2280,,2101,MPJP,IN,罗姆半导体,1190,511
MPSH,2,20211229,20220106,OUT,TOYO AUTOMATION,8000,121700300,SFC-030DA2-10B-10B,10,RMB,67.097,,2301,MPTJ,OUT,东佑达,1210,512
MPSH,2,20211229,20211217,OUT,ANSEN,8000,106508900,TT-2X-03-16-15NM-P,10,RMB,1230,,3105,MPJP,IN,,,513
MPSH,2,20211229,20220208,OUT,MISUMI,8000,123826900,SFC-020DA2-6B-9.525B,2,RMB,121.37,,2301,MPTJ,OUT,米思米,8020,514
MPSH,2,20211229,20220104,OUT,OKUMA,1000,121412300,SFF-080SS-30K-35KS,45,RMB,366,,2302,MPTJ,OUT,北一大隈,1090,515
MPSH,2,20211229,20220301,OUT,OKUMA,1000,121412300,SFF-080SS-30K-35KS,48,RMB,366,,2302,MPTJ,OUT,北一大隈,1090,516
MPSH,2,20211229,20220125,OUT,OKUMA,1000,121412300,SFF-080SS-30K-35KS,66,RMB,366,,2302,MPTJ,OUT,北一大隈,1090,517
MPSH,2,20211229,20220114,OUT,YEENROBOT,8000,123008000,SFC-080SA2-30B-35B,100,RMB,270,,2301,MPTJ,OUT,上海衍恩,1090,518
MPSH,2,20211229,20210720,OUT,POLYSTAR,1900,,MR-J4-70B,20,RMB,2492.0354,,3401,其他,OUT,包利思特,1910,519
MPSH,2,20211229,20210720,OUT,POLYSTAR,1900,,MR-J3ENCBL5M-A1-L,20,RMB,97.3451,,3302,其他,OUT,包利思特,1910,520
MPSH,2,20211229,20210730,OUT,POLYSTAR,1900,,MR-J3ENCBL5M-A1-L,20,RMB,97.3451,,3302,其他,OUT,包利思特,1910,521
MPSH,2,20211229,20210730,OUT,POLYSTAR,1900,,MR-J3ENCBL5M-A1-L,1,RMB,97.3451,,3302,其他,OUT,包利思特,1910,522
MPSH,2,20211229,20211120,OUT,POLYSTAR,1900,,MR-J3ENCBL5M-A1-L,10,RMB,97.3451,,3302,其他,OUT,包利思特,1910,523
MPSH,2,20211229,20220430,OUT,POLYSTAR,1900,,MR-J4-70B,10,RMB,2492.0354,,3401,其他,OUT,包利思特,9099,524
MPSH,2,20211229,20220112,OUT,ACE,8000,123149900,PSL-K-10,3,RMB,61,,2602,MPTJ,OUT,,,525
MPSH,2,20211229,20220121,OUT,ACE,8000,129648100,ETP-E-090-NH,1,RMB,2862,,2601,MPJP,IN,,,526
MPSH,2,20211229,20211229,OUT,ACE,8000,,ALS-105ABN-48BHA-55BHA,2,RMB,441,,2202,MPTJ,OUT,,,527
MPSH,2,20211229,20220107,OUT,ACE,8000,129771000,SFF-140DS-55K-55KK-1000N,20,RMB,758,,2302,MPJP,IN,宁波海天,1010,528
MPSH,2,20211229,20211203,OUT,ACE,8000,129771000,SFF-140DS-55K-55KK-1000N,20,RMB,758,,2302,MPJP,IN,宁波海天,1010,529
MPSH,2,20211229,20211229,OUT,ACE,8000,121673700,SFC-050SA2-15B-20B,4,RMB,167,,2301,MPTJ,OUT,,,530
MPSH,2,20211229,20211229,OUT,ACE,8000,,ALS-055ARN-22BHA-22BHA,100,RMB,106,,2202,MPTJ,OUT,,,531
MPSH,2,20211229,20211208,OUT,SHIMPO,0100,123277000,BXH-08-10-A-78G,600,RMB,224.67,,1401,MPJP,IN,电产新宝,0140,532
MPSH,2,20211229,20220408,OUT,SHIMPO,0100,123277000,BXH-08-10-A-78G,600,RMB,224.67,,1401,MPJP,IN,电产新宝,0140,533
MPSH,2,20211229,20220114,OUT,SHIMPO,0100,123277000,BXH-08-10-A-78G,600,RMB,224.67,,1401,MPJP,IN,电产新宝,0140,534
MPSH,2,20211229,20220311,OUT,SHIMPO,0100,123277000,BXH-08-10-A-78G,600,RMB,224.67,,1401,MPJP,IN,电产新宝,0140,535
MPSH,2,20211229,20220114,OUT,NICHIDEN,8000,122063300,SFC-010DA2-4.5B-8B,6,RMB,132,,2301,MPTJ,OUT,丝路咖,1130,536
MPSH,2,20211229,20220110,OUT,ANSEN,8000,,CS-08-33N 24V 15JIS,50,RMB,197,,1301,MPTJ,OUT,安徽绩溪,9002,537
MPSH,2,20211229,20220104,OUT,ANSEN,8000,,101-10-13N 24V 25JIS,8,RMB,180,,1301,MPTJ,OUT,,,538
MPSH,2,20211229,20220107,OUT,ANSEN,8000,071293700,CPU-36-A-14B-14B,2,RMB,381,,2901,MPJP,IN,,,539
MPSH,2,20211229,20220204,OUT,ANSEN,8000,130537000,SFF-080SS-38K-38K-200N,2,RMB,471,,2302,MPJP,IN,,,540
MPSH,2,20211229,20211203,OUT,ANSEN,8000,,BXW-05-10-54(本体）,200,RMB,150,,1201,MPTW,OUT,苏州汇川,0140,541
MPSH,2,20211229,20220201,OUT,ZHENGYI BEARING,8000,125392800,SFF-090SS-30K-40K,1,RMB,451,,2302,MPTJ,OUT,环球工业,1010,542
MPSH,2,20211229,20220105,OUT,MISUMI,8000,123017100,SFC-090DA2-30B-32B,2,RMB,396.58,,2301,MPTJ,OUT,米思米,8020,543
MPSH,2,20211229,20220120,OUT,LG MAZAK,1000,129925600,SFM-090SS-T005N,50,RMB,1692.58,,2302,MPJP,IN,小巨人,1010,544
MPSH,2,20211229,20220228,OUT,LG MAZAK,1000,129925600,SFM-090SS-T005N,30,RMB,1692.58,,2302,MPJP,IN,小巨人,1010,545
MPSH,2,20211229,20220106,OUT,YAMAZEN-SH,8000,121769800,SFC-050SA2-16B-24B,100,RMB,129,,2301,MPTJ,OUT,西铁城,1090,546
MPSH,2,20211229,20220218,OUT,YAMAZEN-SH,8000,121769800,SFC-050SA2-16B-24B,50,RMB,129,,2301,MPTJ,OUT,西铁城,1090,547
MPSH,2,20211229,20220329,OUT,YAMAZEN-SH,8000,121769800,SFC-050SA2-16B-24B,200,RMB,129,,2301,MPTJ,OUT,西铁城,1090,548
MPSH,2,20211229,20220201,OUT,YAMAZEN-SH,8000,121769800,SFC-050SA2-16B-24B,350,RMB,129,,2301,MPTJ,OUT,西铁城,1090,549
MPSH,2,20211229,20220426,OUT,YAMAZEN-SH,8000,121769800,SFC-050SA2-16B-24B,150,RMB,129,,2301,MPTJ,OUT,西铁城,1090,550
MPSH,2,20211229,20210720,OUT,POLYSTAR,1900,,MR-J4-40B,40,RMB,1870.7965,,3401,其他,OUT,包利思特,1910,551
MPSH,2,20211229,20210730,OUT,POLYSTAR,1900,,MR-J4-40B,20,RMB,1870.7965,,3401,其他,OUT,包利思特,1910,552
MPSH,2,20211229,20210730,OUT,POLYSTAR,1900,,MR-J4-40B,2,RMB,1870.7965,,3401,其他,OUT,包利思特,1910,553
MPSH,2,20211229,20211120,OUT,POLYSTAR,1900,,MR-J4-40B,10,RMB,1870.7965,,3401,其他,OUT,包利思特,1910,554
MPSH,2,20211229,20220430,OUT,POLYSTAR,1900,,MR-J4-40B,35,RMB,1870.7965,,3401,其他,OUT,包利思特,9099,555
MPSH,2,20211229,20211101,OUT,BITPASS,8000,123149900,PSL-K-10,40,RMB,61,,2602,MPTJ,OUT,杭州长川,1510,556
MPSH,2,20211229,20211231,OUT,BITPASS,8000,121931700,SFC-050SA2-19B-19B,20,RMB,75,,2301,MPTJ,OUT,昆山杰士德,1190,557
MPSH,2,20211229,20210720,OUT,BITPASS,8000,121898700,SFC-035DA2,192,RMB,67,,2301,MPTJ,OUT,,,558
MPSH,2,20211229,20211229,OUT,BITPASS,8000,,ALS-080ARN-32BHA-45BHA,10,RMB,227,,2202,MPTJ,OUT,上海东富龙,1820,559
MPSH,2,20211229,20220301,OUT,THK,1000,125392800,SFF-090SS-30K-40K,1,RMB,513,,2302,MPTJ,OUT,常州THK,0290,560
MPSH,2,20211229,20220404,OUT,THK,1000,125392800,SFF-090SS-30K-40K,1,RMB,513,,2302,MPTJ,OUT,常州THK,0290,561
MPSH,2,20211229,20211231,OUT,DAIDO-ROBOT,8000,111456000,SFS-09S-25M-32M,40,RMB,1053,,2302,MPJP,IN,浙江芯晖,1140,562
MPSH,2,20211229,20220422,OUT,THK,1000,125392800,SFF-090SS-30K-40K,1,RMB,513,,2302,MPTJ,OUT,THK(常州）,1290,563
MPSH,2,20211229,20220130,OUT,TIANJIN AOXIANG,8000,128743800,BXR-015-10LE-006,50,RMB,331,,1201,MPJP,IN,北京福尔哈贝,0170,564
MPSH,2,20211229,20220105,OUT,ACE,8000,,101-06-13N 24V 15JIS,10,RMB,130,,1301,MPTJ,OUT,,,565
MPSH,2,20211229,20220105,OUT,ACE,8000,121931900,SFC-050SA2-19B-25B,48,RMB,167,,2301,MPTJ,OUT,,,566
MPSH,2,20211229,20220112,OUT,ACE,8000,,125-08-12N,34,RMB,799,,1302,MPTJ,OUT,阳政精机,1810,567
MPSH,2,20211229,20211217,OUT,ACE,8000,130635500,SFF-120DS-40KK-50K-600N,10,RMB,793,,2302,MPJP,IN,济南二机床,1010,568
MPSH,2,20211229,20211229,OUT,ACE,8000,123007700,SFC-080SA2-28B-35B,15,RMB,285,,2301,MPTJ,OUT,,,569
MPSH,2,20211229,20220302,OUT,NICHIDEN,8000,104496100,CF-A-200-O0-1360,10,RMB,1794,,2101,MPJP,IN,罗姆半导体,1190,570
MPSH,2,20211229,20220106,OUT,TOYO AUTOMATION,8000,121292700,SFC-010DA2-8B-8B,40,RMB,66,,2301,MPTJ,OUT,东佑达,1210,571
MPSH,2,20211229,20220204,OUT,ANSEN,8000,105644400,ETP-A-40,12,RMB,410,,2601,MPJP,IN,上海亚华,1610,572
MPSH,2,20211229,20220108,OUT,ANSEN,8000,,125-08-12N,30,RMB,799,,1302,MPTJ,OUT,宿州恒元,1810,573
MPSH,2,20211229,20220204,OUT,ANSEN,8000,129797100,SFC-050SA2-19BJ-25BJ,2,RMB,390,,2301,MPJP,IN,,,574
MPSH,2,20211229,20210201,OUT,TAMAGAWA,0100,125857300,CPG-030-T001A,6000,RMB,14.1,,2901,MPTJ,OUT,多摩川,0140,575
MPSH,2,20211229,20201201,OUT,TAMAGAWA,0100,125857300,CPG-030-T001A,40000,RMB,14.1,,2901,MPTJ,OUT,多摩川,0140,576
MPSH,2,20211229,20200903,OUT,TAMAGAWA,0100,800000523,CPG-030-T005B,3000,RMB,7.01,,2901,其他,OUT,多摩川,0140,577
MPSH,2,20211229,20211020,OUT,TAMAGAWA,0100,125857300,CPG-030-T001A,8000,RMB,14.1,,2901,MPTJ,OUT,多摩川,0140,578
MPSH,2,20211229,20211010,OUT,TAMAGAWA,0100,125857300,CPG-030-T001A,20000,RMB,14.1,,2901,MPTJ,OUT,多摩川,0140,579
MPSH,2,20211229,20220102,OUT,TAMAGAWA,0100,125857300,CPG-030-T001A,12000,RMB,14.1,,2901,MPTJ,OUT,多摩川,0140,580
MPSH,2,20211229,20220215,OUT,TAKAMAZZHANGHZ,1000,125723100,SFC-080SA2-19B-20B,10,RMB,360,,2301,MPTJ,OUT,友嘉高松,1090,581
MPSH,2,20211229,20220118,OUT,TAKAMAZZHANGHZ,1000,125723100,SFC-080SA2-19B-20B,20,RMB,360,,2301,MPTJ,OUT,友嘉高松,1090,582
MPSH,2,20211229,20220221,OUT,MISUMI,8000,121666100,SFC-020DA2-6B-6B,1,RMB,121.37,,2301,MPTJ,OUT,米思米,8020,583
MPSH,2,20211229,20220324,OUT,MISUMI,8000,121666100,SFC-020DA2-6B-6B,1,RMB,121.37,,2301,MPTJ,OUT,米思米,8020,584
MPSH,2,20211229,20220422,OUT,MISUMI,8000,121666100,SFC-020DA2-6B-6B,1,RMB,121.37,,2301,MPTJ,OUT,米思米,8020,585
MPSH,2,20211229,20220610,OUT,MISUMI,8000,121666100,SFC-020DA2-6B-6B,1,RMB,121.37,,2301,MPTJ,OUT,米思米,8020,586
MPSH,2,20211229,20210720,OUT,POLYSTAR,1900,,MR-J3BUS05M,20,RMB,238.9381,,3302,其他,OUT,包利思特,1910,587
MPSH,2,20211229,20210730,OUT,POLYSTAR,1900,,MR-J3BUS05M,10,RMB,238.9381,,3302,其他,OUT,包利思特,1910,588
MPSH,2,20211229,20210730,OUT,POLYSTAR,1900,,MR-J3BUS05M,1,RMB,238.9381,,3302,其他,OUT,包利思特,1910,589
MPSH,2,20211229,20220105,OUT,YACHIYO,8000,123003100,SFC-080DA2-30B-35B,1,RMB,433,,2301,MPTJ,OUT,武汉牧野,1030,590
MPSH,2,20211229,20220430,OUT,POLYSTAR,1900,,MR-J3BUS05M,20,RMB,238.9381,,3302,其他,OUT,包利思特,9099,591
MPSH,2,20211229,20211231,OUT,YONGFUWANG-SHENZHENG,8000,121851500,SFC-050SA2-16B-22B,1,RMB,192,,2301,MPTJ,OUT,裕尚,9099,592
MPSH,2,20211229,20211229,OUT,BITPASS,8000,121292700,SFC-010DA2-8B-8B,18,RMB,60,,2301,MPTJ,OUT,昆山杰士德,1190,593
MPSH,2,20211229,20220104,OUT,BITPASS,8000,125619200,SFC-025SA2-8B-8B,40,RMB,41,,2301,MPTJ,OUT,苏州迈为,1190,594
MPSH,2,20211229,20220106,OUT,FTS-SHENZHENG,8000,122731000,SFC-040DA2-17B-19B,4,RMB,136,,2301,MPTJ,OUT,深圳易天,1190,595
MPSH,2,20211229,20211230,OUT,BITPASS,8000,121732700,SFC-050DA2-14B-20B,4,RMB,101,,2301,MPTJ,OUT,苏州迈为,1190,596
MPSH,2,20211229,20220110,OUT,BITPASS,8000,123110700,SFF-090DS-38K-38K,2,RMB,460,,2302,MPTJ,OUT,绍兴威顿,9099,597
MPSH,2,20211229,20220104,OUT,BITPASS,8000,,SFC-050DA2-15BH-24KH,1,RMB,441,,2301,MPTJ,OUT,江苏亚威,1090,598
MPSH,2,20211229,20210720,OUT,BITPASS,8000,121931900,SFC-050SA2,290,RMB,75,,2301,MPTJ,OUT,,,599
MPSH,2,20211229,20220215,OUT,BITPASS,8000,103153400,CSZ-08-35,20,RMB,1293,,1301,MPJP,IN,斯图加特,1290,600
MPSH,2,20211229,20220113,OUT,BITPASS,8000,120957400,ETP-T-20-C,1,RMB,1117,,2601,MPJP,IN,上海东富龙,1820,601
MPSH,2,20211229,20220113,OUT,BITPASS,8000,120957400,ETP-T-20-C,2,RMB,1117,,2601,MPJP,IN,上海东富龙,1820,602
MPSH,2,20211229,20211228,OUT,RUJIANG-SHENZHENG,8000,126036900,SFC-020DA2-10B-11B,1,RMB,58,,2301,MPTJ,OUT,深圳世宗,1190,603
MPSH,2,20211229,20220106,OUT,TIANJIN AOXIANG,8000,100044000,AP-98-MA-14,1,RMB,274,,3101,MPTJ,OUT,北京纽朗,1910,604
MPSH,2,20211229,20220211,OUT,BITPASS,8000,125279300,BEH-20G,1,RMB,2610,,1901,MPJP,IN,江苏天鹏,9099,605
MPSH,2,20211229,20220225,OUT,BITPASS,8000,103574000,546-32-34-NS 24V 70DIN,1,RMB,12353,,1501,MPJP,IN,重庆力研,9099,606
MPSH,2,20211229,20220214,OUT,BITPASS,8000,122167000,SFF-080SS-25K-25K,1,RMB,357,,2302,MPTJ,OUT,苏州兴力达,9099,607
MPSH,2,20211229,20220331,OUT,BITPASS,8000,104298100,CF-X-008-O0,150,RMB,130,,2101,MPJP,IN,无锡洋马,9099,608
MPSH,2,20211229,20220104,OUT,BITPASS,8000,,ALS-065ARN-19BHA-22BHA,3,RMB,143,,2202,MPTJ,OUT,上海朗岱,1820,609
MPSH,2,20211229,20220304,OUT,DAIDO-ROBOT,8000,,SFC-060SA2-12B-25BH,6,RMB,351,,2301,MPTJ,OUT,浙江芯晖,1140,610
MPSH,2,20211229,20220310,OUT,TIANJIN AOXIANG,8000,125279300,BEH-20G,2,RMB,2610,,1901,MPJP,IN,北京奥瑞金,9092,611
MPSH,2,20211229,20220310,OUT,TIANJIN AOXIANG,8000,105637400,ETP-T-50,5,RMB,897,,2601,MPJP,IN,北京控制工程,1520,612
MPSH,2,20211229,20220307,OUT,TSUGAMI,1000,130258800,SFM-070DS-T001N,7,RMB,1595,,2302,MPJP,IN,津上精密,1090,613
MPSH,2,20211229,20220104,OUT,LEINIER,0100,121375500,SFC-020DA2-6B-8B,40,RMB,88,,2301,MPTJ,OUT,南京协辰,1190,614
MPSH,2,20211229,20220130,OUT,POLYSTAR,1900,,FR-D720-0.4K,5,RMB,575.2212,,3301,其他,OUT,包利思特,1910,615
MPSH,2,20211229,20220228,OUT,POLYSTAR,1900,,FR-D720-0.4K,2,RMB,575.2212,,3301,其他,OUT,包利思特,9099,616
MPSH,2,20211229,20220430,OUT,POLYSTAR,1900,,MR-PWS1CBL2M-A1-L,40,RMB,78.7611,,3302,其他,OUT,包利思特,9099,617
MPSH,2,20211229,20220430,OUT,POLYSTAR,1900,,FR-D720-0.4K,5,RMB,575.2212,,3301,其他,OUT,包利思特,9099,618
MPSH,2,20211229,20220104,OUT,BITPASS,8000,121845600,SFC-040SA2-10B-19B,1,RMB,53,,2301,MPTJ,OUT,上海联泰,1190,619
MPSH,2,20211229,20211229,OUT,BITPASS,8000,,SFC-050DA2-19B-30B,150,RMB,101,,2301,MPTJ,OUT,苏州赛腾,1590,620
MPSH,2,20211229,20220221,OUT,BITPASS,8000,,SFF-140SS-45K-65KM-800N,10,RMB,1200,,2302,MPJP,IN,北京精雕,1030,621
MPSH,2,20211229,20220120,OUT,BITPASS,8000,122685000,SFF-090DS-35K-38K,3,RMB,462,,2302,MPTJ,OUT,大连Z煜翔,9099,622
MPSH,2,20211229,20220110,OUT,BITPASS,8000,122685000,SFF-090DS-35K-38K,3,RMB,460,,2302,MPTJ,OUT,绍兴威顿,9099,623
MPSH,2,20211229,20220310,OUT,LEINIER,0100,126952700,SFF-090SS-38K-45K,4,RMB,451,,2302,MPTJ,OUT,上海微电子,1140,624
MPSH,2,20211229,20220304,OUT,TSUGAMI,1000,128616400,SFF-060SS-T037N,3,RMB,327,,2302,MPJP,IN,津上精密,1090,625
MPSH,2,20211229,20220110,OUT,TSUGAMI,1000,127325600,SFF-060SS-T017N,14,RMB,147,,2302,MPTJ,OUT,津上精密,1090,626
MPSH,2,20211229,20220320,OUT,NANTONG SHAOHAI,8000,675857,546.21.1.5（675857）,12,RMB,5250,,1501,其他,OUT,江苏铁锚,9090,627
MPSH,2,20211229,20220125,OUT,OKUMA,1000,123146000,PSL-G-30,3,RMB,109,,2602,MPTJ,OUT,北一大隈,1090,628
MPSH,2,20211229,20220104,OUT,OKUMA,1000,125242800,SRG-060AS-35K-35KS,8,RMB,171,,2303,MPTJ,OUT,北一大隈,1090,629
MPSH,2,20211229,20220104,OUT,OKUMA,1000,125242800,SRG-060AS-35K-35KS,3,RMB,171,,2303,MPTJ,OUT,北一大隈,1090,630
MPSH,2,20211229,20210720,OUT,POLYSTAR,1900,,HG-KR23J,20,RMB,1130.0885,,3401,其他,OUT,包利思特,1910,631
MPSH,2,20211229,20210730,OUT,POLYSTAR,1900,,HG-KR23J,20,RMB,1130.0885,,3401,其他,OUT,包利思特,1910,632
MPSH,2,20211229,20210730,OUT,POLYSTAR,1900,,HG-KR23J,2,RMB,1130.0885,,3401,其他,OUT,包利思特,1910,633
MPSH,2,20211229,20211120,OUT,POLYSTAR,1900,,HG-KR23J,10,RMB,1130.0885,,3401,其他,OUT,包利思特,1910,634
MPSH,2,20211229,20220110,OUT,POLYSTAR,1900,,VRSF-15D-750-T2,5,RMB,1861.9469,,3103,其他,OUT,包利思特,1910,635
MPSH,2,20211229,20220130,OUT,JTC,8000,108922800,NSS 10.9.12,100,RMB,3400,,2902,MPJP,IN,电产京利,1020,636
MPSH,2,20211229,20220430,OUT,POLYSTAR,1900,,HG-KR23J,35,RMB,1130.0885,,3401,其他,OUT,包利思特,9099,637
MPSH,2,20211229,20220105,OUT,BITPASS,8000,121897000,SFC-035DA2-8B-11B,1,RMB,67,,2301,MPTJ,OUT,杭州长川,1510,638
MPSH,2,20211229,20220110,OUT,BITPASS,8000,121862300,SFC-050DA2-12B-22B,2,RMB,101,,2301,MPTJ,OUT,上海联泰,1190,639
MPSH,2,20211229,20220225,OUT,BITPASS,8000,123141000,PSL-D-8,10,RMB,152,,2602,MPTJ,OUT,上海联泰,1190,640
MPSH,2,20211229,20220107,OUT,BITPASS,8000,121830500,SFC-050SA2-20B-24B,1,RMB,75,,2301,MPTJ,OUT,上海联泰,1190,641
MPSH,2,20211229,20220107,OUT,BITPASS,8000,,ALS-095ARN-40BHA-40BHA,1,RMB,318,,2202,MPTJ,OUT,上海东富龙,1820,642
MPSH,2,20211229,20220114,OUT,BITPASS,8000,123147200,PSL-G-20-C,30,RMB,133,,2602,MPTJ,OUT,上海东富龙,1820,643
MPSH,2,20211229,20220301,OUT,THK,1000,127086100,SFF-060SS-16B-16B-60N,1,RMB,1007,,2302,MPJP,IN,常州THK,0290,644
MPSH,2,20211229,20220404,OUT,THK,1000,127086100,SFF-060SS-16B-16B-60N,1,RMB,1007,,2302,MPJP,IN,常州THK,0290,645
MPSH,2,20211229,20220225,OUT,DAIDO-ROBOT,8000,104653900,SFS-09S-25M-25M,2,RMB,1053,,2302,MPJP,IN,浙江芯晖,1140,646
MPSH,2,20211229,20220422,OUT,THK,1000,127086100,SFF-060SS-16B-16B-60N,1,RMB,1007,,2302,MPJP,IN,THK（常州）,1290,647
MPSH,2,20211229,20220120,OUT,TIANJIN AOXIANG,8000,128186900,546-15-34-NF 24V 25JIS SH,1,RMB,3270,,1501,MPJP,IN,天津赛象,0990,648
MPSH,2,20211229,20220304,OUT,TSUGAMI,1000,127128000,SFF-060SS-19B-22B-60N,14,RMB,171,,2302,MPJP,IN,津上精密,1090,649
MPSH,2,20211229,20220304,OUT,TSUGAMI,1000,127128000,SFF-060SS-19B-22B-60N,1,RMB,171,,2302,MPJP,IN,津上精密,1090,650
MPSH,2,20211229,20220207,OUT,TSUGAMI,1000,121931600,SFC-050SA2-18B-19B,4,RMB,179,,2301,MPTJ,OUT,津上精密,1090,651
MPSH,2,20211229,20220405,OUT,TSUGAMI,1000,127128000,SFF-060SS-19B-22B-60N,5,RMB,171,,2302,MPJP,IN,津上精密,1090,652
MPSH,2,20211229,20220125,OUT,MISUMI,8000,121454900,SFC-020DA2-8B-8B,12,RMB,121.37,,2301,MPTJ,OUT,米思米,8020,653
MPSH,2,20211229,20211229,OUT,MISUMI,8000,121454900,SFC-020DA2-8B-8B,1,RMB,121.37,,2301,MPTJ,OUT,米思米,8020,654
MPSH,2,20211229,20220207,OUT,MISUMI,8000,121454900,SFC-020DA2-8B-8B,4,RMB,121.37,,2301,MPTJ,OUT,米思米,8020,655
MPSH,2,20211229,20220114,OUT,MISUMI,8000,122769000,ALS-055-R,1,RMB,112.86,,2202,MPTJ,OUT,米思米,8020,656
MPSH,2,20211229,20220221,OUT,MISUMI,8000,121454900,SFC-020DA2-8B-8B,6,RMB,121.37,,2301,MPTJ,OUT,米思米,8020,657
MPSH,2,20211229,20220105,OUT,YAMAZEN-SH,8000,124030000,SFC-050SA2-16B-11BC,100,RMB,212,,2301,MPTJ,OUT,西铁城,1090,658
MPSH,2,20211229,20220216,OUT,YAMAZEN-SH,8000,124030000,SFC-050SA2-16B-11BC,180,RMB,212,,2301,MPTJ,OUT,西铁城,1090,659
MPSH,2,20211229,20211101,OUT,YAMAZEN-SH,8000,124030000,SFC-050SA2-16B-11BC,100,RMB,212,,2301,MPTJ,OUT,西铁城,1090,660
MPSH,2,20211229,20220329,OUT,YAMAZEN-SH,8000,124030000,SFC-050SA2-16B-11BC,200,RMB,212,,2301,MPTJ,OUT,西铁城,1090,661
MPSH,2,20211229,20220428,OUT,YAMAZEN-SH,8000,124030000,SFC-050SA2-16B-11BC,200,RMB,212,,2301,MPTJ,OUT,西铁城,1090,662
MPSH,2,20211229,20220201,OUT,YAMAZEN-SH,8000,124030000,SFC-050SA2-16B-11BC,320,RMB,212,,2301,MPTJ,OUT,西铁城,1090,663
MPSH,2,20211229,20211230,OUT,CHANGZHOU LEINIER,8000,,111-08-13N 24V,15,RMB,121,,1301,MPTJ,OUT,钰邦电子,1190,664
MPSH,2,20211229,20210720,OUT,POLYSTAR,1900,,QC05B,20,RMB,126.5487,,3302,其他,OUT,包利思特,1910,665
MPSH,2,20211229,20210730,OUT,POLYSTAR,1900,,QC05B,10,RMB,126.5487,,3302,其他,OUT,包利思特,1910,666
MPSH,2,20211229,20210730,OUT,POLYSTAR,1900,,QC05B,1,RMB,126.5487,,3302,其他,OUT,包利思特,1910,667
MPSH,2,20211229,20211120,OUT,POLYSTAR,1900,,QC05B,10,RMB,126.5487,,3302,其他,OUT,包利思特,1910,668
MPSH,2,20211229,20220105,OUT,YACHIYO,8000,121873300,SFC-060DA2-24B-25B,1,RMB,397,,2301,MPTJ,OUT,武汉牧野,1030,669
MPSH,2,20211229,20220430,OUT,POLYSTAR,1900,,QC05B,20,RMB,126.5487,,3302,其他,OUT,包利思特,9099,670
MPSH,2,20211229,20211220,OUT,BITPASS,8000,130282300,SFM-120SS-45K-45K-600N-G2.5/15000,4,RMB,1379,,2302,MPJP,IN,湖南湘仪,1510,671
MPSH,2,20211229,20220131,OUT,BITPASS,8000,130282300,SFM-120SS-45K-45K-600N-G2.5/15000,1,RMB,1379,,2302,MPJP,IN,湘仪动力,1510,672
MPSH,2,20211229,20220106,OUT,FTS-SHENZHENG,8000,124758900,SFC-050DA2-20BH-22BH,2,RMB,265,,2301,MPTJ,OUT,深圳易天,1190,673
MPSH,2,20211229,20220106,OUT,FTS-SHENZHENG,8000,121603600,SFC-050SA2-16B-20B,7,RMB,142,,2301,MPTJ,OUT,深圳易天,1190,674
MPSH,2,20211229,20211230,OUT,BITPASS,8000,,ALS-020ARN-6BHA-8BHA,400,RMB,32,,2202,MPTJ,OUT,苏州迈为,1190,675
MPSH,2,20211229,20211230,OUT,BITPASS,8000,,SFC-060SA2-20B-35B,1,RMB,135,,2301,MPTJ,OUT,昆山杰士德,1190,676
MPSH,2,20211229,20211230,OUT,BITPASS,8000,,ALS-020ARN-6BHA-8BHA,150,RMB,32,,2202,MPTJ,OUT,苏州迈为,1190,677
MPSH,2,20211229,20211229,OUT,BITPASS,8000,,ALS-040ARN-T014,30,RMB,45,,2202,MPTJ,OUT,苏州迈为,1190,678
MPSH,2,20211229,20220107,OUT,BITPASS,8000,121603600,SFC-050SA2-16B-20B,1,RMB,75,,2301,MPTJ,OUT,上海联泰,1190,679
MPSH,2,20211229,20220107,OUT,TIANJIN AOXIANG,8000,,AK-185-MAT-28N,2,RMB,470,,3101,MPTJ,OUT,唐山奥一,1990,680
MPSH,2,20211229,20220105,OUT,TIANJIN AOXIANG,8000,121485900,SFC-020SA2-6B-10B,1,RMB,85,,2301,MPTJ,OUT,天津七所高科技,1910,681
MPSH,2,20211229,20220210,OUT,TIANJIN AOXIANG,8000,128749700,BXR-035-10LE-062,200,RMB,257,,1201,MPJP,IN,北京思灵,1520,682
MPSH,2,20211229,20220301,OUT,TIANJIN AOXIANG,8000,128749700,BXR-035-10LE-062,1500,RMB,257,,1201,MPJP,IN,北京思灵,1520,683
MPSH,2,20211229,20220215,OUT,TIANJIN AOXIANG,8000,128749700,BXR-035-10LE-062,500,RMB,257,,1201,MPJP,IN,北京思灵机器人,1520,684
MPSH,2,20211229,20220106,OUT,TSUGAMI,1000,123005400,SFC-080SA2-20B-35B,6,RMB,356,,2301,MPTJ,OUT,津上精密,1090,685
MPSH,2,20211229,20220304,OUT,TSUGAMI,1000,123005400,SFC-080SA2-20B-35B,5,RMB,356,,2301,MPTJ,OUT,津上精密,1090,686
MPSH,2,20211229,20220121,OUT,SG GEAR MOTOR,0100,126950700,BXL-16-10N-12,12,RMB,494,,1401,MPTJ,OUT,史克马,0140,687
MPSH,2,20211229,20220121,OUT,SG GEAR MOTOR,0100,126950700,BXL-16-10N-12,12,RMB,494,,1401,MPTJ,OUT,史克马,0140,688
MPSH,2,20211229,20220430,OUT,POLYSTAR,1900,,MR-J3ENCBL5M-A1-L,40,RMB,97.3451,,3302,其他,OUT,包利思特,9099,689
MPSH,2,20211229,20220310,OUT,YONGFUWANG-SHENZHENG,8000,,SFF-100DS-42KK-45KK,3,RMB,642,,2302,MPTJ,OUT,捷控,1130,690
MPSH,2,20211229,20220104,OUT,YONGFUWANG-SHENZHENG,8000,122014200,SFC-020SA2-6.35B-10B,10,RMB,98,,2301,MPTJ,OUT,捷控,1410,691
MPSH,2,20211229,20220218,OUT,BITPASS,8000,105025400,TT-1X-01-12-12-3NM,3,RMB,703,,3105,MPJP,IN,上海谙邦,1190,692
MPSH,2,20211229,20220104,OUT,BITPASS,8000,121875800,SFC-060DA2-18B-20B,4,RMB,159,,2301,MPTJ,OUT,上海联泰,1190,693
MPSH,2,20211229,20220106,OUT,BITPASS,8000,,SFC-030DA2-14B-14B L=55,2,RMB,158,,2301,MPTJ,OUT,苏州迈为,1190,694
MPSH,2,20211229,20211230,OUT,BITPASS,8000,121875800,SFC-060DA2-18B-20B,6,RMB,159,,2301,MPTJ,OUT,上海联泰,1190,695
MPSH,2,20211229,20220110,OUT,FTS-SHENZHENG,8000,121436900,SFC-030SA2-8B-8B,120,RMB,80,,2301,MPTJ,OUT,华大基因,1490,696
MPSH,2,20211229,20220118,OUT,BITPASS,8000,,SFC-035DA2-10B-14K,10,RMB,141,,2301,MPTJ,OUT,江苏亚威,1090,697
MPSH,2,20211229,20211208,OUT,BITPASS,8000,124432800,ALS-040-B,4,RMB,52,,2202,MPTJ,OUT,上海谱莱密克,9099,698
MPSH,2,20211229,20220107,OUT,BITPASS,8000,121727800,SFC-050SA2-19B-20B,2,RMB,75,,2301,MPTJ,OUT,上海联泰,1190,699
MPSH,2,20211229,20220420,OUT,SHENGTONG,8000,130341700,SFM-140SS-48K-80K-1000N-G2.5/10000,3,RMB,1784,,2302,MPJP,IN,沈阳机床,1010,700
MPSH,2,20211229,20220117,OUT,SHENGTONG,8000,,ALS-065ARN-22BHA-25BHA,8,RMB,172,,2202,MPTJ,OUT,沈阳机床,1010,701
MPSH,2,20211229,20220301,OUT,THK,1000,,SFC-060DA2-25B-35J,1,RMB,397,,2301,MPTJ,OUT,常州THK,0290,702
MPSH,2,20211229,20220404,OUT,THK,1000,,SFC-060DA2-25B-35J,1,RMB,397,,2301,MPTJ,OUT,常州THK,0290,703
MPSH,2,20211229,20220422,OUT,THK,1000,,SFC-060DA2-25B-35J,1,RMB,397,,2301,MPTJ,OUT,THK(常州）,1290,704
MPSH,2,20211229,20220210,OUT,TIANJIN AOXIANG,8000,128740200,BXR-040-10LE-132,420,RMB,253,,1201,MPJP,IN,北京思灵,1520,705
MPSH,2,20211229,20220215,OUT,TIANJIN AOXIANG,8000,128740200,BXR-040-10LE-132,500,RMB,253,,1201,MPJP,IN,北京思灵机器人,1520,706
MPSH,2,20211229,20220115,OUT,TSUGAMI,1000,129296400,SFF-040SS-T001N,38,RMB,854,,2302,MPJP,IN,津上精密,1090,707
MPSH,2,20211229,20220116,OUT,TSUGAMI,1000,129296400,SFF-040SS-T001N,13,RMB,854,,2302,MPJP,IN,津上精密,1090,708
MPSH,2,20211229,20220130,OUT,KAMPF,8000,664301,587.15.3.1(664301),2,RMB,3800,,1501,其他,OUT,康甫机械,9090,709
MPSH,2,20211229,20210720,OUT,POLYSTAR,1900,,MR-J3ENCBL2M-A1-L,60,RMB,88.4956,,3302,其他,OUT,包利思特,1910,710
MPSH,2,20211229,20210720,OUT,POLYSTAR,1900,,Q55B,20,RMB,409.7345,,3302,其他,OUT,包利思特,1910,711
MPSH,2,20211229,20210720,OUT,POLYSTAR,1900,,QX40,20,RMB,369.9115,,3302,其他,OUT,包利思特,1910,712
MPSH,2,20211229,20210730,OUT,POLYSTAR,1900,,Q55B,10,RMB,409.7345,,3302,其他,OUT,包利思特,1910,713
MPSH,2,20211229,20210730,OUT,POLYSTAR,1900,,QX40,10,RMB,369.9115,,3302,其他,OUT,包利思特,1910,714
MPSH,2,20211229,20210730,OUT,POLYSTAR,1900,,MR-J3ENCBL2M-A1-L,20,RMB,88.4956,,3302,其他,OUT,包利思特,1910,715
MPSH,2,20211229,20210730,OUT,POLYSTAR,1900,,Q55B,1,RMB,409.7345,,3302,其他,OUT,包利思特,1910,716
MPSH,2,20211229,20210730,OUT,POLYSTAR,1900,,QX40,1,RMB,369.9115,,3302,其他,OUT,包利思特,1910,717
MPSH,2,20211229,20210730,OUT,POLYSTAR,1900,,MR-J3ENCBL2M-A1-L,3,RMB,88.4956,,3302,其他,OUT,包利思特,1910,718
MPSH,2,20211229,20211120,OUT,POLYSTAR,1900,,MR-J3ENCBL2M-A1-L,10,RMB,88.4956,,3302,其他,OUT,包利思特,1910,719
MPSH,2,20211229,20211120,OUT,POLYSTAR,1900,,QX40,10,RMB,369.9115,,3302,其他,OUT,包利思特,1910,720
MPSH,2,20211229,20220430,OUT,POLYSTAR,1900,,MR-J3ENCBL2M-A1-L,40,RMB,88.4956,,3302,其他,OUT,包利思特,9099,721
MPSH,2,20211229,20220430,OUT,POLYSTAR,1900,,QX40,20,RMB,369.9115,,3302,其他,OUT,包利思特,9099,722
MPSH,2,20211229,20220430,OUT,POLYSTAR,1900,,Q55B,20,RMB,409.7345,,3302,其他,OUT,包利思特,9099,723
MPSH,2,20211229,20220218,OUT,BITPASS,8000,071283500,CPU-36-A-12B-14B,2,RMB,381,,2901,MPJP,IN,上海联泰,1190,724
MPSH,2,20211229,20220325,OUT,BITPASS,8000,124758000,BXR-14-10-038-24V-28DIN,1,RMB,943,,1401,MPJP,IN,哈工大,8020,725
MPSH,2,20211229,20220106,OUT,FTS-SHENZHENG,8000,126636100,SFC-040SA2-16B-20B,3,RMB,103,,2301,MPTJ,OUT,深圳易天,1190,726
MPSH,2,20211229,20211230,OUT,BITPASS,8000,,ALS-030ABN-10BHA-12BHA,1,RMB,42,,2202,MPTJ,OUT,苏州迈为,1190,727
MPSH,2,20211229,20211229,OUT,BITPASS,8000,,ALS-040ARN-14BHA-15BHA,50,RMB,45,,2202,MPTJ,OUT,苏州迈为,1190,728
MPSH,2,20211229,20211230,OUT,BITPASS,8000,,ALS-040ARN-14BHA-15BHA,50,RMB,45,,2202,MPTJ,OUT,苏州迈为,1190,729
MPSH,2,20211229,20211230,OUT,BITPASS,8000,,ALS-040ARN-10BHA-14BHA,10,RMB,45,,2202,MPTJ,OUT,苏州迈为,1190,730
MPSH,2,20211229,20220114,OUT,BITPASS,8000,121666600,SFC-030SA2-8B-14B,1,RMB,43,,2301,MPTJ,OUT,上海联泰,1190,731
MPSH,2,20211229,20220110,OUT,HEXI,8000,125755300,SFF-080SS-28K-32KK,12,RMB,357,,2302,MPTJ,OUT,东莞普锐米勒,9004,732
MPSH,2,20211229,20211229,OUT,BITPASS,8000,123142500,PSL-D-28,1,RMB,404,,2602,MPTJ,OUT,安徽大华,1140,733
MPSH,2,20211229,20211229,OUT,BITPASS,8000,123006700,SFC-080SA2-24B-32B,2,RMB,285,,2301,MPTJ,OUT,上海易孚迪,9099,734
MPSH,2,20211229,20220225,OUT,BITPASS,8000,125065100,SFF-090DS-30K-38K,1,RMB,462,,2302,MPTJ,OUT,上海申璞,9099,735
MPSH,2,20211229,20210720,OUT,BITPASS,8000,121344300,SFC-020SA2,34,RMB,41,,2301,MPTJ,OUT,,,736
MPSH,2,20211229,20220304,OUT,DAIDO-ROBOT,8000,124949300,SFS-10S-25M-32H,4,RMB,919,,2302,MPJP,IN,喜开理,1910,737
MPSH,2,20211229,20220304,OUT,DAIDO-ROBOT,8000,,SFC-060SA2-24BH-25B,18,RMB,351,,2301,MPTJ,OUT,浙江芯晖,1140,738
MPSH,2,20211229,20220225,OUT,DAIDO-ROBOT,8000,,SFC-060SA2-24BH-25B,6,RMB,351,,2301,MPTJ,OUT,浙江芯晖,1140,739
MPSH,2,20211229,20220104,OUT,RUJIANG-SHENZHENG,8000,121722200,SFC-040SA2-12B-19B,99,RMB,53,,2301,MPTJ,OUT,东莞科隆威,1190,740
MPSH,2,20211229,20211228,OUT,RUJIANG-SHENZHENG,8000,121304800,SFC-030SA2-5B-11B,4,RMB,43,,2301,MPTJ,OUT,深圳世宗,1190,741
MPSH,2,20211229,20220104,OUT,RUJIANG-SHENZHENG,8000,122027600,SFC-060SA2-17B-24B,1,RMB,135,,2301,MPTJ,OUT,深圳轴心,1190,742
MPSH,2,20211229,20220104,OUT,LEINIER,0100,121487700,SFC-035SA2-10B-14B,40,RMB,82,,2301,MPTJ,OUT,南京协辰,1190,743
MPSH,2,20211229,20220130,OUT,TIANJIN AOXIANG,8000,124757900,BXR-12-10-030-24V-24DIN,10,RMB,776,,1401,MPJP,IN,北京良工,1010,744
MPSH,2,20211229,20220107,OUT,BITPASS,8000,,BXL-08-10N-004-24V-14,1,RMB,217,,1401,MPTJ,OUT,北京北一,9099,745
MPSH,2,20211229,20220107,OUT,BITPASS,8000,121830200,SFC-040DA2-16B-19B,4,RMB,73,,2301,MPTJ,OUT,上海联泰,1190,746
MPSH,2,20211229,20220222,OUT,BITPASS,8000,122648200,121-08-10G,10,RMB,1600,,1302,MPJP,IN,南京晶升,2190,747
MPSH,2,20211229,20211229,OUT,BITPASS,8000,123149000,PSL-G-55-C,1,RMB,259,,2602,MPTJ,OUT,上海东富龙,1820,748
MPSH,2,20211229,20211229,OUT,BITPASS,8000,122998700,SFC-080DA2-22B-32B,10,RMB,333,,2301,MPTJ,OUT,上海东富龙,1820,749
MPSH,2,20211229,20220104,OUT,RUJIANG-SHENZHENG,8000,121478200,SFC-040DA2-12B-19B,43,RMB,73,,2301,MPTJ,OUT,东莞科隆威,1190,750
MPSH,2,20211229,20220114,OUT,RUJIANG-SHENZHENG,8000,121478200,SFC-040DA2-12B-19B,60,RMB,73,,2301,MPTJ,OUT,深圳世宗,1190,751
MPSH,2,20211229,20211210,OUT,TIANJIN AOXIANG,8000,125974800,SFC-025DA2-10B-10B,1,RMB,123,,2301,MPTJ,OUT,廊坊正淇,1520,752
MPSH,2,20211229,20220106,OUT,TSUGAMI,1000,121937300,SFC-050SA2-18B-16BC,6,RMB,273,,2301,MPTJ,OUT,津上精密,1090,753
MPSH,2,20211229,20220304,OUT,TSUGAMI,1000,121937300,SFC-050SA2-18B-16BC,6,RMB,273,,2301,MPTJ,OUT,津上精密,1090,754
MPSH,2,20211229,20220430,OUT,POLYSTAR,1900,,MR-J3BUS03M,50,RMB,219.469,,3302,其他,OUT,包利思特,9099,755
MPSH,2,20211229,20220430,OUT,POLYSTAR,1900,,Q52B,10,RMB,341.5929,,3302,其他,OUT,包利思特,9099,756
MPSH,2,20211229,20211230,OUT,POLYSTAR,1900,123145500,PSL-G-20,100,RMB,144.2478,,2602,MPTJ,OUT,包利思特,9099,757
MPSH,2,20211229,20220106,OUT,FTS-SHENZHENG,8000,121729200,SFC-050DA2-17B-19B,2,RMB,191,,2301,MPTJ,OUT,深圳易天,1190,758
MPSH,2,20211229,20220211,OUT,BITPASS,8000,104641500,SFS-09S,2,RMB,399,,2302,MPJP,IN,上海联泰,1190,759
MPSH,2,20211229,20211230,OUT,BITPASS,8000,121503400,SFC-040DA2-15B-19B,2,RMB,73,,2301,MPTJ,OUT,昆山鸿仕达,1140,760
MPSH,2,20211229,20220119,OUT,BITPASS,8000,122025600,SFF-100DS-35K-40K,8,RMB,558,,2302,MPTJ,OUT,上海意特利,1090,761
MPSH,2,20211229,20220119,OUT,BITPASS,8000,125980500,SFF-100DS-40K-40K,2,RMB,558,,2302,MPTJ,OUT,上海意特利,1090,762
MPSH,2,20211229,20220108,OUT,BITPASS,8000,105011100,TT-1X-01-8-8-2NM,20,RMB,690,,3105,MPJP,IN,绍兴威顿,9099,763
MPSH,2,20211229,20220124,OUT,BITPASS,8000,123146100,PSL-G-32,1,RMB,116,,2602,MPTJ,OUT,易孚迪,9099,764
MPSH,2,20211229,20220106,OUT,BITPASS,8000,124550000,SFF-100SS-35K-40K,2,RMB,442,,2302,MPTJ,OUT,上海阔钧,9099,765
MPSH,2,20211229,20220104,OUT,BITPASS,8000,123146100,PSL-G-32,5,RMB,116,,2602,MPTJ,OUT,上海易孚迪,9099,766
MPSH,2,20211229,20220119,OUT,BITPASS,8000,131056400,SFF-100DS-38K-38K-450N,5,RMB,845,,2302,MPJP,IN,山东豪迈,0920,767
MPSH,2,20211229,20211230,OUT,BITPASS,8000,127644700,SFF-100DS-38K-38K,4,RMB,558,,2302,MPTJ,OUT,山东豪迈,0920,768
MPSH,2,20211229,20220115,OUT,SHENGTONG,8000,,ALS-065ARN-25BHA-35BHA,150,RMB,121,,2202,MPTJ,OUT,沈阳机床,1010,769
MPSH,2,20211229,20220125,OUT,SHENGTONG,8000,,ALS-065ARN-25BHA-35BHA,50,RMB,121,,2202,MPTJ,OUT,沈阳机床,1010,770
MPSH,2,20211229,20220225,OUT,DAIDO-ROBOT,8000,,SFC-060SA2-25B-25BH,2,RMB,351,,2301,MPTJ,OUT,浙江芯晖,1140,771
MPSH,2,20211229,20220106,OUT,TIANJIN AOXIANG,8000,100021300,P-124-MA-18,1,RMB,271,,3101,MPTJ,OUT,北京纽朗,1910,772
MPSH,2,20211229,20211216,OUT,TIANJIN AOXIANG,8000,100021300,P-124-MA-18,10,RMB,271,,3101,MPTJ,OUT,北京纽朗包装,1910,773
MPSH,2,20211229,20220304,OUT,TSUGAMI,1000,130677300,SFF-090SS-32K-35K-300N,21,RMB,635.3982,,2302,MPJP,IN,津上精密,1090,774
MPSH,2,20211229,20220216,OUT,TSUGAMI,1000,130677300,SFF-090SS-32K-35K-300N,7,RMB,635.3982,,2302,MPJP,IN,津上精密,1090,775
MPSH,2,20211229,20220316,OUT,TSUGAMI,1000,130677300,SFF-090SS-32K-35K-300N,3,RMB,635.3982,,2302,MPJP,IN,津上精密,1090,776
MPSH,2,20211229,20220207,OUT,TSUGAMI,1000,130677300,SFF-090SS-32K-35K-300N,2,RMB,635.3982,,2302,MPJP,IN,津上精密,1090,777
MPSH,2,20211229,20220307,OUT,TSUGAMI,1000,130677300,SFF-090SS-32K-35K-300N,18,RMB,635.3982,,2302,MPJP,IN,津上精密,1090,778
MPSH,2,20211229,20210730,OUT,TIANJIN AOXIANG,8000,660029,546.21.3.4（660029）,50,RMB,2500,,1501,其他,OUT,北京航天五院,0140,779
MPSH,2,20211229,20220106,OUT,TSUGAMI,1000,121931700,SFC-050SA2-19B-19B,6,RMB,179,,2301,MPTJ,OUT,津上精密,1090,780
MPSH,2,20211229,20220304,OUT,TSUGAMI,1000,121931700,SFC-050SA2-19B-19B,5,RMB,179,,2301,MPTJ,OUT,津上精密,1090,781
MPSH,2,20211229,20220207,OUT,TSUGAMI,1000,129915300,SFM-120SS-48B-50B-600N-G2.5/10000,22,RMB,2007,,2302,MPJP,IN,津上精密,1090,782
MPSH,2,20211229,20220207,OUT,TSUGAMI,1000,127327600,SFC-050SA2-18BJ-19BJ,39,RMB,296,,2301,MPJP,IN,津上精密,1090,783
MPSH,2,20211229,20220307,OUT,TSUGAMI,1000,129915300,SFM-120SS-48B-50B-600N-G2.5/10000,33,RMB,2007,,2302,MPJP,IN,津上精密,1090,784
MPSH,2,20211229,20220110,OUT,TSUGAMI,1000,123146900,PSL-G-55,13,RMB,117,,2602,MPTJ,OUT,津上精密,1090,785
MPSH,2,20211229,20210730,OUT,POLYSTAR,1900,,MR-J4-20B,20,RMB,1802.6549,,3401,其他,OUT,包利思特,1910,786
MPSH,2,20211229,20210730,OUT,POLYSTAR,1900,,MR-J4-20B,2,RMB,1802.6549,,3401,其他,OUT,包利思特,1910,787
MPSH,2,20211229,20211120,OUT,POLYSTAR,1900,,MR-J4-20B,10,RMB,1802.6549,,3401,其他,OUT,包利思特,1910,788
MPSH,2,20211229,20220430,OUT,POLYSTAR,1900,,MR-J4-20B,35,RMB,1802.6549,,3401,其他,OUT,包利思特,9099,789
MPSH,2,20211229,20220105,OUT,BITPASS,8000,,SFC-080SA2-20BH-22BH,4,RMB,333,,2301,MPTJ,OUT,苏州迈为,1190,790
MPSH,2,20211229,20211229,OUT,BITPASS,8000,129361900,SFC-025DA2-9.525B-10B,15,RMB,60,,2301,MPTJ,OUT,上海联泰,1190,791
MPSH,2,20211229,20220110,OUT,BITPASS,8000,121431600,SFC-010SA2-6B-6B,20,RMB,40,,2301,MPTJ,OUT,昆山杰士德,1190,792
MPSH,2,20211229,20220106,OUT,FTS-SHENZHENG,8000,,SFC-050SA2-15B-16BH,10,RMB,209,,2301,MPTJ,OUT,深圳易天,1190,793
MPSH,2,20211229,20220106,OUT,FTS-SHENZHENG,8000,121845400,SFC-040SA2-10B-16B,2,RMB,103,,2301,MPTJ,OUT,深圳易天,1190,794
MPSH,2,20211229,20220106,OUT,FTS-SHENZHENG,8000,121727700,SFC-035SA2-8B-14B,4,RMB,87,,2301,MPTJ,OUT,深圳易天,1190,795
MPSH,2,20211229,20220106,OUT,BITPASS,8000,121827100,SFC-035SA2-10B-12B,1,RMB,48,,2301,MPTJ,OUT,昆山杰士德,1190,796
MPSH,2,20211229,20211230,OUT,BITPASS,8000,,ALS-040ARN-10BHA-19BHA,150,RMB,45,,2202,MPTJ,OUT,苏州迈为,1190,797
MPSH,2,20211229,20211230,OUT,BITPASS,8000,,ALS-040ARN-10BHA-19BHA,50,RMB,45,,2202,MPTJ,OUT,苏州迈为,1190,798
MPSH,2,20211229,20220104,OUT,BITPASS,8000,122998100,SFC-080DA2-20B-35B,1,RMB,333,,2301,MPTJ,OUT,江苏亚威,1090,799
MPSH,2,20211229,20220107,OUT,BITPASS,8000,121830900,SFC-060DA2-28B-28B,2,RMB,159,,2301,MPTJ,OUT,上海联泰,1190,800
MPSH,2,20211229,20211231,OUT,BITPASS,8000,121727700,SFC-035SA2-8B-14B,20,RMB,48,,2301,MPTJ,OUT,昆山杰士德,1190,801
MPSH,2,20211229,20220105,OUT,BITPASS,8000,,ALS-040ARN-12BHA-19BHA,492,RMB,45,,2202,MPTJ,OUT,湖南蓝思,1290,802
MPSH,2,20211229,20220219,OUT,THK,1000,104726000,SFS-12S-35M-40M,3,RMB,1350,,2302,MPJP,IN,常州THK,1290,803
MPSH,2,20211229,20220105,OUT,TIANJIN AOXIANG,8000,,CS-10-33N 24V 20DIN,1,RMB,266,,1301,MPTJ,OUT,北京奥瑞金,9092,804
MPSH,2,20211229,20211220,OUT,TIANJIN AOXIANG,8000,664253,546.32.3.4(664253),2,RMB,9000,,1501,其他,OUT,大力丰,9090,805
MPSH,2,20211229,20211201,OUT,TIANJIN AOXIANG,8000,664253,546.32.3.4(664253),3,RMB,9000,,1501,其他,OUT,大力丰,9090,806
MPSH,2,20211229,20211224,OUT,MITSUBISHI,0100,128884000,BXW-03-10-82,20,RMB,146.15,,1201,MPTW,OUT,三菱电机,0140,807
MPSH,2,20211229,20211224,OUT,MITSUBISHI,0100,128884000,BXW-03-10-82,20,RMB,146.15,,1201,MPTW,OUT,三菱电机,0140,808
MPSH,2,20211229,20211224,OUT,MITSUBISHI,0100,128884000,BXW-03-10-82,20,RMB,146.15,,1201,MPTW,OUT,三菱电机,0140,809
MPSH,2,20211229,20220220,OUT,SANYING,8000,033070700,SD-38B-9R,10,RMB,412,,3107,MPJP,IN,三英智能,1090,810
MPSH,2,20211229,20210720,OUT,POLYSTAR,1900,,Q64TCTTN,20,RMB,1929.2035,,3302,其他,OUT,包利思特,1910,811
MPSH,2,20211229,20210720,OUT,POLYSTAR,1900,,GT2710-STBD,20,RMB,7892.0354,,3302,其他,OUT,包利思特,1910,812
MPSH,2,20211229,20210730,OUT,POLYSTAR,1900,,GT2710-STBD,10,RMB,7892.0354,,3302,其他,OUT,包利思特,1910,813
MPSH,2,20211229,20210730,OUT,POLYSTAR,1900,,Q64TCTTN,10,RMB,1929.2035,,3302,其他,OUT,包利思特,1910,814
MPSH,2,20211229,20210730,OUT,POLYSTAR,1900,,GT2710-STBD,1,RMB,7892.0354,,3302,其他,OUT,包利思特,1910,815
MPSH,2,20211229,20210730,OUT,POLYSTAR,1900,,Q64TCTTN,1,RMB,1929.2035,,3302,其他,OUT,包利思特,1910,816
MPSH,2,20211229,20220430,OUT,POLYSTAR,1900,,Q64TCTTN,20,RMB,1929.2035,,3302,其他,OUT,包利思特,9099,817
MPSH,2,20211229,20220430,OUT,POLYSTAR,1900,,GT2710-STBD,10,RMB,7892.0354,,3302,其他,OUT,包利思特,9099,818
MPSH,2,20211229,20220105,OUT,BITPASS,8000,121822200,SFC-060DA2-20B-24B,3,RMB,159,,2301,MPTJ,OUT,杭州长川,1510,819
MPSH,2,20211229,20220104,OUT,BITPASS,8000,121585600,SFC-020SA2-6B-8B,20,RMB,41,,2301,MPTJ,OUT,苏州迈为,1190,820
MPSH,2,20211229,20220104,OUT,BITPASS,8000,121851600,SFC-050SA2-16B-16B,1,RMB,75,,2301,MPTJ,OUT,昆山杰士德,1190,821
MPSH,2,20211229,20220106,OUT,FTS-SHENZHENG,8000,122029900,SFC-050DA2-17B-24B,3,RMB,191,,2301,MPTJ,OUT,深圳易天,1190,822
MPSH,2,20211229,20220106,OUT,FTS-SHENZHENG,8000,121605000,SFC-040DA2-12B-16B,4,RMB,136,,2301,MPTJ,OUT,深圳易天,1190,823
MPSH,2,20211229,20220106,OUT,BITPASS,8000,122029900,SFC-050DA2-17B-24B,1,RMB,101,,2301,MPTJ,OUT,昆山杰士德,1190,824
MPSH,2,20211229,20220114,OUT,BITPASS,8000,121733000,SFC-060DA2-20B-25B,1,RMB,159,,2301,MPTJ,OUT,上海联泰,1190,825
MPSH,2,20211229,20211228,OUT,BITPASS,8000,121461700,SFC-040SA2-14B-14B,300,RMB,53,,2301,MPTJ,OUT,苏州赛腾,1590,826
MPSH,2,20211229,20220106,OUT,BITPASS,8000,,SFF-100SS-35K-38K,2,RMB,442,,2302,MPTJ,OUT,上海阔钧,9099,827
MPSH,2,20211229,20220107,OUT,BITPASS,8000,,ALS-095ARN-35BHA-40BHA,1,RMB,318,,2202,MPTJ,OUT,上海东富龙,1820,828
MPSH,2,20211229,20220130,OUT,TIANJIN AOXIANG,8000,108924000,DL 13.14-04,2,RMB,5333,,2902,MPJP,IN,太平洋制罐,9092,829
MPSH,2,20211229,20220105,OUT,TIANJIN AOXIANG,8000,,SFC-050SA2-15B-19K,5,RMB,167,,2301,MPTJ,OUT,天津七所高科技,1910,830
MPSH,2,20211229,20220401,OUT,TSUGAMI,1000,121859100,SFC-050DA2-14B-15B,2,RMB,252,,2301,MPTJ,OUT,津上精密,1090,831
MPSH,2,20211229,20220220,OUT,TIANRUICHENG,8000,676177,546.25.4.5（676177）,10,RMB,15700,,1501,其他,OUT,海螺集团,9090,832
MPSH,2,20211229,20211231,OUT,TIANRUICHENG,8000,676177,546.25.4.5（676177）,2,RMB,16500,,1501,其他,OUT,海螺集团,9090,833
MPSH,2,20211229,20220310,OUT,TIANJIN AOXIANG,8000,103191300,102-05-13 24V 15DIN,30,RMB,241,,1101,MPJP,IN,北京大学,1410,834
MPSH,2,20211229,20220121,OUT,SG GEAR MOTOR,0100,126953000,BXL-12-10N-05,12,RMB,333,,1401,MPTJ,OUT,史克马,0140,835
MPSH,2,20211229,20220121,OUT,SG GEAR MOTOR,0100,126953000,BXL-12-10N-05,12,RMB,333,,1401,MPTJ,OUT,史克马,0140,836
MPSH,2,20211229,20220422,OUT,THK,1000,121831500,SFC-060SA2-30B-30B,1,RMB,310,,2301,MPTJ,OUT,THK(常州）,1290,837
MPSH,2,20211229,20211210,OUT,TIANJIN AOXIANG,8000,122890900,ALS-055-R-22B-28B,1,RMB,129,,2202,MPTJ,OUT,唐山爱信,1030,838
MPSH,2,20211229,20220106,OUT,TIANJIN AOXIANG,8000,100013400,P-86-MA-14,1,RMB,157,,3101,MPTJ,OUT,北京纽朗,1910,839
MPSH,2,20211229,20211216,OUT,TIANJIN AOXIANG,8000,100047200,AP-124-MA-19,8,RMB,372,,3101,MPTJ,OUT,北京纽朗包装,1910,840
MPSH,2,20211229,20211220,OUT,TIANJIN AOXIANG,8000,123150300,PSL-K-14,4,RMB,63,,2602,MPTJ,OUT,天津安瑞,9099,841
MPSH,2,20211229,20220106,OUT,TIANJIN AOXIANG,8000,,BXL-10-10N-015-24V-20,6,RMB,309,,1401,MPTJ,OUT,力姆泰克,0330,842
MPSH,2,20211229,20220115,OUT,TSUGAMI,1000,129303600,SFF-060SS-T011N,20,RMB,669,,2302,MPJP,IN,津上精密,1090,843
MPSH,2,20211229,20220116,OUT,TSUGAMI,1000,129303600,SFF-060SS-T011N,5,RMB,669,,2302,MPJP,IN,津上精密,1090,844
MPSH,2,20211229,20220112,OUT,YNCCN,1000,121588100,SFC-050DA2-10B-12B,14,RMB,248,,2301,MPTJ,OUT,亿达日平,1090,845
MPSH,2,20211229,20220118,OUT,YNCCN,1000,121588100,SFC-050DA2-10B-12B,5,RMB,248,,2301,MPTJ,OUT,亿达日平,1090,846
MPSH,2,20211229,20220104,OUT,LEINIER,0100,,SFC-035SA2-12B-19BH,40,RMB,113,,2301,MPTJ,OUT,南京协辰,1190,847
MPSH,2,20211229,20211231,OUT,BITPASS,8000,,SFC-025DA2-11B-14B,8,RMB,60,,2301,MPTJ,OUT,苏州迈为,1190,848
MPSH,2,20211229,20211230,OUT,BITPASS,8000,,ALS-030ARN-10BHA-14BHA,200,RMB,42,,2202,MPTJ,OUT,苏州迈为,1190,849
MPSH,2,20211229,20211230,OUT,BITPASS,8000,,ALS-030ARN-10BHA-14BHA,100,RMB,42,,2202,MPTJ,OUT,苏州迈为,1190,850
MPSH,2,20211229,20220308,OUT,BITPASS,8000,127890200,SFC-055SA2-15B-19B,1,RMB,275,,2301,MPJP,IN,苏州赛腾,1590,851
MPSH,2,20211229,20220114,OUT,BITPASS,8000,129882300,SFF-120SS-45K-55KM-600N,20,RMB,998,,2302,MPJP,IN,河北廊坊,1030,852
MPSH,2,20211229,20220228,OUT,BITPASS,8000,129882300,SFF-120SS-45K-55KM-600N,30,RMB,998,,2302,MPJP,IN,河北廊坊,1030,853
MPSH,2,20211229,20211229,OUT,BITPASS,8000,123145900,PSL-G-28,2,RMB,100,,2602,MPTJ,OUT,安徽大华,1140,854
MPSH,2,20211229,20220119,OUT,BITPASS,8000,,SFF-090DS-38K-40K,1,RMB,462,,2302,MPTJ,OUT,上海意特利,1090,855
MPSH,2,20211229,20220217,OUT,BITPASS,8000,104270800,CF-X-004-02,1,RMB,276,,2101,MPJP,IN,无锡洋马,9099,856
MPSH,2,20211229,20220115,OUT,BITPASS,8000,,SFF-090DS-38K-40K,20,RMB,462,,2302,MPTJ,OUT,上海意特利,1090,857
MPSH,2,20211229,20220215,OUT,BITPASS,8000,,SFF-090DS-38K-40K,20,RMB,462,,2302,MPTJ,OUT,上海意特利,1090,858
MPSH,2,20211229,20220107,OUT,BITPASS,8000,125192700,SFC-040DA2-15BH-19BH,10,RMB,181,,2301,MPTJ,OUT,上海昱品,9099,859
MPSH,2,20211229,20220215,OUT,BITPASS,8000,,SFF-090DS-38K-40K,2,RMB,462,,2302,MPTJ,OUT,上海意特利,1090,860
MPSH,2,20211229,20220107,OUT,BITPASS,8000,121847300,SFC-060SA2-24B-28B,4,RMB,135,,2301,MPTJ,OUT,上海联泰,1190,861
MPSH,2,20211229,20210720,OUT,BITPASS,8000,121879900,SFC-010DA2,448,RMB,60,,2301,MPTJ,OUT,,,862
MPSH,2,20211229,20210720,OUT,BITPASS,8000,121437500,SFC-030DA2,6,RMB,61,,2301,MPTJ,OUT,,,863
MPSH,2,20211229,20210520,OUT,TIANJIN AOXIANG,8000,675859,546.21.3.4（675859）,5,RMB,2600,,1501,其他,OUT,北京第208所,0340,864
MPSH,2,20211229,20211110,OUT,TIANJIN AOXIANG,8000,675859,546.21.3.4（675859）,50,RMB,2600,,1501,其他,OUT,北京第208所,0340,865
MPSH,2,20211229,20220105,OUT,TIANJIN AOXIANG,8000,,SFC-050SA2-18B-22K,5,RMB,167,,2301,MPTJ,OUT,天津七所高科技,1910,866
MPSH,2,20211229,20220106,OUT,TSUGAMI,1000,122565700,SFC-060SA2-18B-16BC,6,RMB,385,,2301,MPTJ,OUT,津上精密,1090,867
MPSH,2,20211229,20220304,OUT,TSUGAMI,1000,122565700,SFC-060SA2-18B-16BC,5,RMB,385,,2301,MPTJ,OUT,津上精密,1090,868
MPSH,2,20211229,20220304,OUT,TSUGAMI,1000,126284000,SFF-070SS-32B-35BS-100N,25,RMB,417,,2302,MPJP,IN,津上精密,1090,869
MPSH,2,20211229,20220304,OUT,TSUGAMI,1000,126284000,SFF-070SS-32B-35BS-100N,5,RMB,417,,2302,MPJP,IN,津上精密,1090,870
MPSH,2,20211229,20220207,OUT,TSUGAMI,1000,127412600,SRG-035CS-T006,50,RMB,278,,2303,MPJP,IN,津上精密,1090,871
MPSH,2,20211229,20220405,OUT,TSUGAMI,1000,126284000,SFF-070SS-32B-35BS-100N,10,RMB,417,,2302,MPJP,IN,津上精密,1090,872
MPSH,2,20211229,20220105,OUT,ACE,8000,,ALS-055ARN-19BHA-26BHA,1,RMB,106,,2202,MPTJ,OUT,,,873
MPSH,2,20211229,20211229,OUT,ACE,8000,122997300,SFC-080DA2-20B-22B,6,RMB,263,,2301,MPTJ,OUT,廊坊福玛特,1990,874
MPSH,2,20211229,20220105,OUT,ACE,8000,,SFC-050DA2-T348,100,RMB,218,,2301,MPTJ,OUT,立达常州纺织,2310,875
MPSH,2,20211229,20211208,OUT,ACE,8000,121265900,SFF-100DS-32K-32K,1,RMB,513,,2302,MPTJ,OUT,青岛高测,1010,876
MPSH,2,20211229,20211215,OUT,ACE,8000,,ALS-065ARN-24BHA-25BHA,200,RMB,114,,2202,MPTJ,OUT,宁波海天,1010,877
MPSH,2,20211229,20211229,OUT,ACE,8000,,SRG-070AS-T008,15,RMB,517,,2303,MPTJ,OUT,宁波海天,1010,878
MPSH,2,20211229,20211229,OUT,ACE,8000,,ALS-065ARN-24BHA-25BHA,150,RMB,114,,2202,MPTJ,OUT,宁波海天,1010,879
MPSH,2,20211229,20211210,OUT,KENMEITE,8000,669151,558.14.1.1（669151）,32,RMB,4200,,1501,其他,OUT,苏州肯美特,9090,880
MPSH,2,20211229,20211222,OUT,ACE,8000,,ALS-055ARN-22BHA-28BHA,10,RMB,106,,2202,MPTJ,OUT,,,881
MPSH,2,20211229,20220105,OUT,ACE,8000,,111-12-13N 24V,1,RMB,201,,1301,MPTJ,OUT,,,882
MPSH,2,20211229,20211229,OUT,ACE,8000,,ALS-065ARN-24BHA-25BHA,192,RMB,114,,2202,MPTJ,OUT,宁波海天,1010,883
MPSH,2,20211229,20220105,OUT,ACE,8000,,ALS-065ARN-24BHA-25BHA,200,RMB,114,,2202,MPTJ,OUT,宁波海天,1010,884
MPSH,2,20211229,20220105,OUT,NICHIDEN,8000,121694900,SFC-040DA2-10B-12B,10,RMB,192,,2301,MPTJ,OUT,罗姆半导体,1190,885
MPSH,2,20211229,20220108,OUT,STAR PRECISION,1000,,SFC-050SA2-T184,60,RMB,192,,2301,MPTJ,OUT,斯大精密,1090,886
MPSH,2,20211229,20220108,OUT,STAR PRECISION,1000,,SFC-050SA2-T196,20,RMB,192,,2301,MPTJ,OUT,斯大精密,1090,887
MPSH,2,20211229,20220104,OUT,ANSEN,8000,,111-12-11N 24V 30JIS,2,RMB,247,,1301,MPTJ,OUT,,,888
MPSH,2,20211229,20220220,OUT,ANSEN,8000,123909800,BXW-03-10S-24V-8,70,RMB,209,,1201,MPJP,IN,,,889
MPSH,2,20211229,20220117,OUT,ANSEN,8000,121932100,SFC-050SA2-18B-22B,2,RMB,167,,2301,MPTJ,OUT,,,890
MPSH,2,20211229,20220114,OUT,MISUMI,8000,121276700,SFC-035DA2-10B-14B,4,RMB,143.59,,2301,MPTJ,OUT,米思米,8020,891
MPSH,2,20211229,20220114,OUT,MISUMI,8000,121925300,SFC-050DA2-19B-25B,1,RMB,225.64,,2301,MPTJ,OUT,米思米,8020,892
MPSH,2,20211229,20220104,OUT,OKUMA,1000,123004100,SFC-080DA2-35B-35B,1,RMB,352,,2301,MPTJ,OUT,北一大隈,1090,893
MPSH,2,20211229,20210720,OUT,POLYSTAR,1900,,HG-KR43J,40,RMB,1353.9823,,3401,其他,OUT,包利思特,1910,894
MPSH,2,20211229,20210720,OUT,POLYSTAR,1900,,HG-KR73J,20,RMB,1637.1681,,3401,其他,OUT,包利思特,1910,895
MPSH,2,20211229,20210730,OUT,POLYSTAR,1900,,HG-KR43J,20,RMB,1353.9823,,3401,其他,OUT,包利思特,1910,896
MPSH,2,20211229,20210730,OUT,POLYSTAR,1900,,HG-KR43J,2,RMB,1353.9823,,3401,其他,OUT,包利思特,1910,897
MPSH,2,20211229,20211120,OUT,POLYSTAR,1900,,HG-KR43J,10,RMB,1353.9823,,3401,其他,OUT,包利思特,1910,898
MPSH,2,20211229,20220430,OUT,POLYSTAR,1900,,HG-KR43J,35,RMB,1353.9823,,3401,其他,OUT,包利思特,9099,899
MPSH,2,20211229,20220430,OUT,POLYSTAR,1900,,HG-KR73J,10,RMB,1637.1681,,3401,其他,OUT,包利思特,9099,900
MPSH,2,20211229,20220103,OUT,BITPASS,8000,,SFC-040SA2-17B-22B,16,RMB,53,,2301,MPTJ,OUT,昆山杰士德,1190,901
MPSH,2,20211229,20220107,OUT,BITPASS,8000,121960500,SFC-060DA2-16B-16B,10,RMB,159,,2301,MPTJ,OUT,昆山杰士德,1190,902
MPSH,2,20211229,20211230,OUT,BITPASS,8000,121523700,SFC-040DA2-14B-19B,2,RMB,73,,2301,MPTJ,OUT,苏州迈为,1190,903
MPSH,2,20211229,20220220,OUT,BITPASS,8000,123909800,BXW-03-10S-24V-8,30,RMB,209,,1201,MPJP,IN,上海联泰,1190,904
MPSH,2,20211229,20211229,OUT,BITPASS,8000,,ALS-040ARN-15BHA-19BHA,500,RMB,45,,2202,MPTJ,OUT,苏州迈为,1190,905
MPSH,2,20211229,20211230,OUT,BITPASS,8000,,ALS-030ARN-12BHA-14BHA,300,RMB,42,,2202,MPTJ,OUT,苏州迈为,1190,906
MPSH,2,20211229,20211229,OUT,BITPASS,8000,,ALS-030ARN-12BHA-14BHA,200,RMB,42,,2202,MPTJ,OUT,苏州迈为,1190,907
MPSH,2,20211229,20220110,OUT,BITPASS,8000,127031000,SFF-100DS-35K-38K,2,RMB,540,,2302,MPTJ,OUT,绍兴威顿,9099,908
MPSH,2,20211229,20210720,OUT,BITPASS,8000,121711000,SFC-020DA2,89,RMB,58,,2301,MPTJ,OUT,,,909
MPSH,2,20211229,20220325,OUT,BITPASS,8000,,SFF-120DS-40KK-65KJ-600N,5,RMB,1465,,2302,MPJP,IN,上海东富龙,1820,910
MPSH,2,20211229,20220130,OUT,TIANJIN AOXIANG,8000,666299,546.31.1.5(666299),2,RMB,8400,,1501,其他,OUT,天津赛象,0990,911
MPSH,2,20211229,20220105,OUT,TSUGAMI,1000,121800600,SFC-050SA2-15B-14BC,4,RMB,282,,2301,MPTJ,OUT,津上精密,1090,912
MPSH,2,20211229,20220104,OUT,LEINIER,0100,121276700,SFC-035DA2-10B-14B,40,RMB,108,,2301,MPTJ,OUT,南京协辰,1190,913
MPSH,2,20211229,20220105,OUT,YACHIYO,8000,123000900,SFC-080DA2-24B-30B,1,RMB,433,,2301,MPTJ,OUT,武汉牧野,1030,914
MPSH,2,20211229,20220228,OUT,POLYSTAR,1900,,FR-D720-0.2K,6,RMB,507.0796,,3301,其他,OUT,包利思特,9099,915
MPSH,2,20211229,20220430,OUT,POLYSTAR,1900,,FR-D720-0.2K,30,RMB,507.0796,,3301,其他,OUT,包利思特,9099,916
MPSH,2,20211229,20220104,OUT,YONGFUWANG-SHENZHENG,8000,121461600,SFC-030SA2-10B-14B,10,RMB,112,,2301,MPTJ,OUT,裕尚,9099,917
MPSH,2,20211229,20220118,OUT,BITPASS,8000,,SFF-100DS-42KK-48KK,1,RMB,558,,2302,MPTJ,OUT,四川志方,1510,918
MPSH,2,20211229,20220218,OUT,BITPASS,8000,071286700,CPU-26-A-6B-8B,2,RMB,350,,2901,MPJP,IN,上海联泰,1190,919
MPSH,2,20211229,20220104,OUT,BITPASS,8000,,ALS-040ARN-14BHA-14BHA,6,RMB,45,,2202,MPTJ,OUT,苏州迈为,1190,920
MPSH,2,20211229,20220106,OUT,FTS-SHENZHENG,8000,125841300,SFC-025SA2-10B-14B,2,RMB,80,,2301,MPTJ,OUT,深圳易天,1190,921
MPSH,2,20211229,20211230,OUT,BITPASS,8000,,ALS-040ARN-14BHA-14BHA,20,RMB,45,,2202,MPTJ,OUT,苏州迈为,1190,922
MPSH,2,20211229,20211201,OUT,BITPASS,8000,123143100,PSL-D-40,4,RMB,521,,2602,MPTJ,OUT,安徽大华,1140,923
MPSH,2,20211229,20211112,OUT,BITPASS,8000,123143100,PSL-D-40,36,RMB,521,,2602,MPTJ,OUT,安徽大华,1140,924
MPSH,2,20211229,20211123,OUT,BITPASS,8000,123143100,PSL-D-40,16,RMB,521,,2602,MPTJ,OUT,安徽大华,1140,925
MPSH,2,20211229,20220105,OUT,BITPASS,8000,123143100,PSL-D-40,28,RMB,521,,2602,MPTJ,OUT,安徽大华,1140,926
MPSH,2,20211229,20220120,OUT,BITPASS,8000,123719700,BES-40-53,1,RMB,786,,1901,MPJP,IN,上海仕泽,9004,927
MPSH,2,20211229,20220131,OUT,BITPASS,8000,127399200,SFF-080SS-24K-32K,1,RMB,357,,2302,MPJP,IN,昆山兴震,9099,928
MPSH,2,20211229,20220131,OUT,BITPASS,8000,127399200,SFF-080SS-24K-32K,1,RMB,357,,2302,MPJP,IN,昆山兴震,9099,929
MPSH,2,20211229,20220215,OUT,BITPASS,8000,128395300,BXR-14-20-038-24V-55DIN,4,RMB,1630,,1401,MPJP,IN,北京慧摩森,1010,930
MPSH,2,20211229,20220307,OUT,THK,1000,128088100,SFF-090DS-40B-40B-300N,1,RMB,1406,,2302,MPJP,IN,常州THK,0290,931
MPSH,2,20211229,20220404,OUT,THK,1000,128088100,SFF-090DS-40B-40B-300N,1,RMB,1406,,2302,MPJP,IN,常州THK,0290,932
MPSH,2,20211229,20220422,OUT,THK,1000,128088100,SFF-090DS-40B-40B-300N,1,RMB,1406,,2302,MPJP,IN,THK（常州）,1290,933
MPSH,2,20211229,20220310,OUT,TIANJIN AOXIANG,8000,,BXW-05-12S-24V-12,2,RMB,305,,1201,MPJP,IN,天津联诚,1610,934
MPSH,2,20211229,20211227,OUT,TIANJIN AOXIANG,8000,,CS-06-33N 24V 12DIN,60,RMB,203,,1301,MPTJ,OUT,秦皇岛思嘉特,0450,935
MPSH,2,20211229,20220310,OUT,LEINIER,0100,124684400,SFF-090SS-35K-38K,4,RMB,451,,2302,MPTJ,OUT,上海微电子,1140,936
MPSH,2,20211229,20220210,OUT,TIANJIN AOXIANG,8000,028014000,3042M 3-3,34,RMB,325,,2501,MPJP,IN,北京京城清达,1190,937
MPSH,2,20211229,20220121,OUT,SG GEAR MOTOR,0100,,BXL-10-10N-05,24,RMB,295,,1401,MPTJ,OUT,史克马,0140,938
MPSH,2,20211229,20220310,OUT,TIANJIN AOXIANG,8000,103191100,102-05-13 24V 10DIN,50,RMB,248,,1101,MPJP,IN,北京大学,1410,939
