据点ID,区分,出货日期,客户希望纳期,销售GPR内外,英文顾客,客INC,规格型号,产品名称,数量,货币,不含税价格,成本金额,中分类C,供应商名称,供应商集团内外,终端用户英文,终端用户行业C,ID
MPSH,3,20220104,20211224,OUT,ZHENGYI BEARING,8000,121585600,SFC-020SA2-6B-8B,1,RMB,94,,2301,MPTJ,OUT,深圳劲拓,1150,1
MPSH,3,20220104,20211224,OUT,MISUMI,8000,121666100,SFC-020DA2-6B-6B,1,RMB,121.37,,2301,MPTJ,OUT,米思米,8020,2
MPSH,3,20220104,20211224,OUT,MISUMI,8000,121931800,SFC-050SA2-19B-22B,2,RMB,168.38,,2301,MPTJ,OUT,米思米,8020,3
MPSH,3,20220104,20211224,OUT,MISUMI,8000,121852000,SFC-050SA2-19B-24B,2,RMB,168.38,,2301,MPTJ,OUT,米思米,8020,4
MPSH,3,20220104,20211224,OUT,MISUMI,8000,121931700,SFC-050SA2-19B-19B,2,RMB,168.38,,2301,MPTJ,OUT,米思米,8020,5
MPSH,3,20220104,20211224,OUT,MISUMI,8000,121487700,SFC-035SA2-10B-14B,1,RMB,105.13,,2301,MPTJ,OUT,米思米,8020,6
MPSH,3,20220104,20211224,OUT,MISUMI,8000,121582100,SFC-050SA2-12B-14B,1,RMB,168.38,,2301,MPTJ,OUT,米思米,8020,7
MPSH,3,20220104,20211224,OUT,MISUMI,8000,121487700,SFC-035SA2-10B-14B,1,RMB,105.13,,2301,MPTJ,OUT,米思米,8020,8
MPSH,3,20220104,20211224,OUT,MISUMI,8000,,ALS-030-R-11B-14B,5,RMB,72.26,,2202,MPTJ,OUT,米思米,8020,9
MPSH,3,20220104,20220121,OUT,MISUMI,8000,121344500,SFC-030DA2-8B-8B,8,RMB,128.21,,2301,MPTJ,OUT,米思米,8020,10
MPSH,3,20220104,20210927,OUT,ANSEN,8000,,SFF-100DS-48KK-55KM,100,RMB,465,,2302,MPTJ,OUT,华都精工,1090,11
MPSH,3,20220104,20211129,OUT,ANSEN,8000,,SFF-100DS-38KK-55KM,11,RMB,465,,2302,MPTJ,OUT,华都精工,1090,12
MPSH,3,20220104,20211224,OUT,NICHIDEN,8000,121436900,SFC-030SA2-8B-8B,1,RMB,113,,2301,MPTJ,OUT,TOWA半导体,1190,13
MPSH,3,20220104,20211224,OUT,NICHIDEN,8000,125731500,SFC-025SA2-12B-12B,2,RMB,111,,2301,MPTJ,OUT,TOWA半导体,1190,14
MPSH,3,20220104,20211224,OUT,NICHIDEN,8000,121436900,SFC-030SA2-8B-8B,1,RMB,113,,2301,MPTJ,OUT,TOWA半导体,1190,15
MPSH,3,20220104,20211224,OUT,NICHIDEN,8000,125731500,SFC-025SA2-12B-12B,8,RMB,111,,2301,MPTJ,OUT,TOWA半导体,1190,16
MPSH,3,20220104,20211229,OUT,BITPASS,8000,,ALS-040ARN-10BHA-19BHA,150,RMB,45,,2202,MPTJ,OUT,苏州迈为,1190,17
MPSH,3,20220104,20211229,OUT,BITPASS,8000,,ALS-040ARN-T014,40,RMB,45,,2202,MPTJ,OUT,苏州迈为,1190,18
MPSH,3,20220104,20211224,OUT,BITPASS,8000,126052400,SFC-025DA2-10B-11B,25,RMB,60,,2301,MPTJ,OUT,苏州赛腾,1590,19
MPSH,3,20220104,20211230,OUT,BITPASS,8000,,ALS-030ARN-12BHA-14BHA,300,RMB,42,,2202,MPTJ,OUT,苏州迈为,1190,20
MPSH,3,20220104,20211224,OUT,BITPASS,8000,,ALS-065ARN-24BHA-32BHA,40,RMB,143,,2202,MPTJ,OUT,重庆贝尼旭,1090,21
MPSH,3,20220104,20211224,OUT,BITPASS,8000,,ALS-065ARN-24BHA-38BHA,20,RMB,143,,2202,MPTJ,OUT,重庆贝尼旭,1090,22
MPSH,3,20220104,20211224,OUT,BITPASS,8000,,ALS-040ARN-14BHA-20BHA,4,RMB,45,,2202,MPTJ,OUT,苏州迈为,1190,23
MPSH,3,20220104,20211224,OUT,BITPASS,8000,121408900,SFC-030DA2-8B-12B,4,RMB,61,,2301,MPTJ,OUT,上海联泰,1190,24
MPSH,3,20220104,20211224,OUT,BITPASS,8000,121732700,SFC-050DA2-14B-20B,4,RMB,101,,2301,MPTJ,OUT,上海联泰,1190,25
MPSH,3,20220104,20211224,OUT,BITPASS,8000,121847500,SFC-060SA2-19B-25B,3,RMB,135,,2301,MPTJ,OUT,昆山杰士德,1190,26
MPSH,3,20220104,20211224,OUT,BITPASS,8000,,AP-124-MAT-19H,2,RMB,274,,3101,MPTJ,OUT,上海衍汇,9099,27
MPSH,3,20220104,20211224,OUT,BITPASS,8000,,ALS-055ARN-22BHA-22BHA,30,RMB,98,,2202,MPTJ,OUT,余姚永银,1010,28
MPSH,3,20220104,20211224,OUT,BITPASS,8000,,ALS-055ARN-22BHA-24BHA,20,RMB,98,,2202,MPTJ,OUT,余姚永银,1010,29
MPSH,3,20220104,20211224,OUT,BITPASS,8000,,ALS-065ARN-22BHA-35BHA,10,RMB,125,,2202,MPTJ,OUT,余姚永银,1010,30
MPSH,3,20220104,20211223,OUT,BITPASS,8000,121478200,SFC-040DA2-12B-19B,50,RMB,73,,2301,MPTJ,OUT,上海联泰,1190,31
MPSH,3,20220104,20211224,OUT,BITPASS,8000,121922500,SFC-060DA2-16B-24B,1,RMB,159,,2301,MPTJ,OUT,昆山杰士德,1190,32
MPSH,3,20220104,20211224,OUT,BITPASS,8000,121724500,SFC-035DA2-14B-15B,2,RMB,67,,2301,MPTJ,OUT,昆山杰士德,1190,33
MPSH,3,20220104,20211224,OUT,BITPASS,8000,122731000,SFC-040DA2-17B-19B,1,RMB,73,,2301,MPTJ,OUT,昆山杰士德,1190,34
MPSH,3,20220104,20211224,OUT,BITPASS,8000,121862300,SFC-050DA2-12B-22B,10,RMB,101,,2301,MPTJ,OUT,昆山杰士德,1190,35
MPSH,3,20220104,20211224,OUT,BITPASS,8000,121846200,SFC-060DA2-19B-24B,10,RMB,159,,2301,MPTJ,OUT,昆山杰士德,1190,36
MPSH,3,20220104,20211224,OUT,BITPASS,8000,121792200,SFC-040SA2-16B-17B,1,RMB,118,,2301,MPTJ,OUT,上海天沐,1510,37
MPSH,3,20220104,20211224,OUT,BITPASS,8000,121386100,SFC-030DA2-8B-14B,12,RMB,61,,2301,MPTJ,OUT,昆山杰士德,1190,38
MPSH,3,20220104,20211224,OUT,BITPASS,8000,126052400,SFC-025DA2-10B-11B,175,RMB,60,,2301,MPTJ,OUT,苏州赛腾,1590,39
MPSH,3,20220104,20211220,OUT,JINGJI,1200,121461600,SFC-030SA2-10B-14B,150,RMB,47,,2301,MPTJ,OUT,精技工业,1290,40
MPSH,3,20220104,20211224,OUT,RUJIANG-SHENZHENG,8000,121666700,SFC-035DA2-14B-14B,6,RMB,67,,2301,MPTJ,OUT,深圳世宗,1190,41
MPSH,3,20220104,20211224,OUT,FTS-SHENZHENG,8000,121436900,SFC-030SA2-8B-8B,120,RMB,80,,2301,MPTJ,OUT,深圳华大,1490,42
MPSH,3,20220104,20211217,OUT,HANZ,8000,124562800,SFF-070SS-22K-25K,60,RMB,250,,2302,MPTJ,OUT,徐州协鑫,9099,43
MPSH,3,20220104,20211224,OUT,ACE,8000,,ALS-055ARN-20BHA-22BHA,1,RMB,106,,2202,MPTJ,OUT,,,44
MPSH,3,20220104,20211224,OUT,ACE,8000,129147400,SFC-080SA2-19B-38B,1,RMB,285,,2301,MPTJ,OUT,,,45
MPSH,3,20220104,20211112,OUT,BITPASS,8000,,SFF-100DS-38K-38KJ,8,RMB,558,,2302,MPTJ,OUT,山东豪迈,0920,46
MPSH,3,20220104,20211230,OUT,BITPASS,8000,,ALS-020ARN-8BHA-8BHA,50,RMB,32,,2202,MPTJ,OUT,苏州迈为,1190,47
MPSH,3,20220104,20211228,OUT,BITPASS,8000,126636100,SFC-040SA2-16B-20B,20,RMB,53,,2301,MPTJ,OUT,昆山杰士德,1190,48
MPSH,3,20220104,20211228,OUT,BITPASS,8000,121818000,SFC-050DA2-14B-19B,20,RMB,101,,2301,MPTJ,OUT,昆山杰士德,1190,49
MPSH,3,20220104,20211228,OUT,BITPASS,8000,122014000,SFC-010SA2-6.35B-8B,2,RMB,40,,2301,MPTJ,OUT,苏州赛腾,1590,50
MPSH,3,20220104,20211228,OUT,BITPASS,8000,126037600,SFC-040SA2-12B-20B,1,RMB,53,,2301,MPTJ,OUT,上海联泰,1190,51
MPSH,3,20220104,20211228,OUT,BITPASS,8000,121830900,SFC-060DA2-28B-28B,1,RMB,159,,2301,MPTJ,OUT,上海联泰,1190,52
MPSH,3,20220104,20211228,OUT,BITPASS,8000,,SFC-060DA2-28B-32B,1,RMB,159,,2301,MPTJ,OUT,上海联泰,1190,53
MPSH,3,20220104,20211228,OUT,BITPASS,8000,121776600,SFC-030DA2-10B-12B,2,RMB,61,,2301,MPTJ,OUT,昆山杰士德,1190,54
MPSH,3,20220104,20211228,OUT,BITPASS,8000,121847500,SFC-060SA2-19B-25B,10,RMB,135,,2301,MPTJ,OUT,昆山杰士德,1190,55
MPSH,3,20220104,20211228,OUT,BITPASS,8000,125697200,SFC-025DA2-14B-14B,6,RMB,60,,2301,MPTJ,OUT,昆山杰士德,1190,56
MPSH,3,20220104,20211228,OUT,BITPASS,8000,,SFC-025DA2-11B-14B,4,RMB,60,,2301,MPTJ,OUT,昆山杰士德,1190,57
MPSH,3,20220104,20220107,OUT,BITPASS,8000,121523700,SFC-040DA2-14B-19B,44,RMB,73,,2301,MPTJ,OUT,上海联泰,1190,58
MPSH,3,20220104,20211229,OUT,BITPASS,8000,122562600,SFC-050DA2-14B-17B,4,RMB,101,,2301,MPTJ,OUT,上海联泰,1190,59
MPSH,3,20220104,20211228,OUT,BITPASS,8000,121695000,SFC-050SA2-14B-16B,1,RMB,75,,2301,MPTJ,OUT,昆山杰士德,1190,60
MPSH,3,20220104,20211228,OUT,BITPASS,8000,121850300,SFC-050SA2-12B-16B,500,RMB,75,,2301,MPTJ,OUT,昆山杰士德,1190,61
MPSH,3,20220104,20211223,OUT,LEINIER,0100,,ALS-065ARN-22BHA-24BHA,2,RMB,157,,2202,MPTJ,OUT,东莞巨高,1090,62
MPSH,3,20220104,20211223,OUT,LEINIER,0100,,ALS-065ARN-22BHA-35BHA,4,RMB,157,,2202,MPTJ,OUT,东莞巨高,1090,63
MPSH,3,20220104,20211229,,GZJUSONG,8000,121851800,SFC-050SA2-14B-19B,1,RMB,251,,2301,MPTJ,OUT,广州巨松,9004,64
MPSH,3,20220104,20211229,,GZJUSONG,8000,121931100,SFC-050SA2-14B-24B,1,RMB,251,,2301,MPTJ,OUT,广州巨松,9004,65
MPSH,3,20220104,20211229,OUT,MISUMI,8000,121847600,SFC-060SA2-22B-24B,11,RMB,257.26,,2301,MPTJ,OUT,米思米,8020,66
MPSH,3,20220104,20211229,OUT,MISUMI,8000,121769900,SFC-030SA2-6B-8B,2,RMB,100.85,,2301,MPTJ,OUT,米思米,8020,67
MPSH,3,20220104,20211229,OUT,MISUMI,8000,121454900,SFC-020DA2-8B-8B,1,RMB,121.37,,2301,MPTJ,OUT,米思米,8020,68
MPSH,3,20220104,20211229,OUT,MISUMI,8000,121355200,SFC-020SA2-8B-10B,4,RMB,89.74,,2301,MPTJ,OUT,米思米,8020,69
MPSH,3,20220104,20211229,OUT,MISUMI,8000,128639600,SFC-030DA2-8B-9.525B,2,RMB,128.21,,2301,MPTJ,OUT,米思米,8020,70
MPSH,3,20220104,20211229,OUT,MISUMI,8000,121568000,SFC-030SA2-10B-10B,1,RMB,100.85,,2301,MPTJ,OUT,米思米,8020,71
MPSH,3,20220104,20211229,OUT,MISUMI,8000,121349200,SFC-020SA2-8B-8B,5,RMB,89.74,,2301,MPTJ,OUT,米思米,8020,72
MPSH,3,20220104,20211230,OUT,BITPASS,8000,127644700,SFF-100DS-38K-38K,4,RMB,558,,2302,MPTJ,OUT,山东豪迈,0920,73
MPSH,3,20220104,20211229,OUT,BITPASS,8000,123006700,SFC-080SA2-24B-32B,2,RMB,285,,2301,MPTJ,OUT,上海易孚迪,9099,74
MPSH,3,20220104,20211229,OUT,BITPASS,8000,,ALS-040ARN-14BHA-15BHA,50,RMB,45,,2202,MPTJ,OUT,苏州迈为,1190,75
MPSH,3,20220104,20211229,OUT,BITPASS,8000,,ALS-040ARN-15BHA-19BHA,500,RMB,45,,2202,MPTJ,OUT,苏州迈为,1190,76
MPSH,3,20220104,20211208,OUT,BITPASS,8000,124432800,ALS-040-B,4,RMB,52,,2202,MPTJ,OUT,上海谱莱密克,9099,77
MPSH,3,20220104,20211229,OUT,BITPASS,8000,123149000,PSL-G-55-C,1,RMB,259,,2602,MPTJ,OUT,上海东富龙,1820,78
MPSH,3,20220104,20211229,OUT,BITPASS,8000,123145900,PSL-G-28,2,RMB,100,,2602,MPTJ,OUT,安徽大华,1140,79
MPSH,3,20220104,20211229,OUT,BITPASS,8000,,ALS-080ARN-32BHA-45BHA,10,RMB,227,,2202,MPTJ,OUT,上海东富龙,1820,80
MPSH,3,20220104,20211230,OUT,BITPASS,8000,121349200,SFC-020SA2-8B-8B,92,RMB,41,,2301,MPTJ,OUT,昆山杰士德,1190,81
MPSH,3,20220104,20211229,OUT,BITPASS,8000,121349200,SFC-020SA2-8B-8B,13,RMB,41,,2301,MPTJ,OUT,昆山杰士德,1190,82
MPSH,3,20220104,20211231,OUT,BITPASS,8000,121931700,SFC-050SA2-19B-19B,20,RMB,75,,2301,MPTJ,OUT,昆山杰士德,1190,83
MPSH,3,20220104,20211229,OUT,BITPASS,8000,121292700,SFC-010DA2-8B-8B,18,RMB,60,,2301,MPTJ,OUT,昆山杰士德,1190,84
MPSH,3,20220104,20211231,OUT,BITPASS,8000,121758000,SFC-030DA2-12B-14B,20,RMB,61,,2301,MPTJ,OUT,昆山杰士德,1190,85
MPSH,3,20220104,20211208,OUT,SHIMPO,0100,120770300,BXH-08-10-A-60,495,RMB,210.58,,1401,MPJP,IN,电产新宝,0140,86
MPSH,3,20220104,20211208,OUT,SHIMPO,0100,123277000,BXH-08-10-A-78G,600,RMB,224.67,,1401,MPJP,IN,电产新宝,0140,87
MPSH,3,20220104,20211020,OUT,ACE,8000,,SFF-100DS-38KK-38KK,41,RMB,458,,2302,MPTJ,OUT,青岛高测,1010,88
MPSH,3,20220104,20211101,OUT,BITPASS,8000,123149900,PSL-K-10,40,RMB,61,,2602,MPTJ,OUT,杭州长川,1510,89
MPSH,3,20220104,20211027,OUT,ACE,8000,,SFF-100SS-32KK-45K,30,RMB,370,,2302,MPTJ,OUT,威达重工,1010,90
MPSH,3,20220104,20211103,OUT,ACE,8000,,SFF-090SS-40K-40KK,10,RMB,341,,2302,MPTJ,OUT,宁波海天,1010,91
MPSH,3,20220104,20211103,OUT,ACE,8000,,SFF-090SS-40KK-45K,10,RMB,341,,2302,MPTJ,OUT,宁波海天,1010,92
MPSH,3,20220104,20211124,OUT,ACE,8000,,SFF-090SS-35K-40KK,25,RMB,362,,2302,MPTJ,OUT,宁波海天,1010,93
MPSH,3,20220104,20211215,OUT,ACE,8000,,SFF-100DS-38KK-42KK,16,RMB,458,,2302,MPTJ,OUT,青岛高测,1010,94
MPSH,3,20220104,20211201,OUT,ACE,8000,,ALS-065ARN-25BHA-35BHA,400,RMB,114,,2202,MPTJ,OUT,宁波海天,1010,95
MPSH,3,20220104,20211230,OUT,CHANGZHOU LEINIER,8000,,111-08-13N 24V,15,RMB,121,,1301,MPTJ,OUT,钰邦电子,1190,96
MPSH,3,20220104,20211230,OUT,CHANGZHOU LEINIER,8000,,101-08-13N 24V 15JIS,15,RMB,159,,1301,MPTJ,OUT,钰邦电子,1190,97
MPSH,3,20220104,20211230,OUT,MISUMI,8000,123024100,SFC-100SA2-35B-35B,1,RMB,365.81,,2301,MPTJ,OUT,米思米,8020,98
MPSH,3,20220104,20211208,OUT,ACE,8000,122740600,ALS-040-R,2,RMB,52,,2202,MPJP,IN,,,99
MPSH,3,20220104,20211215,OUT,ACE,8000,,ALS-065ARN-24BHA-25BHA,200,RMB,114,,2202,MPTJ,OUT,宁波海天,1010,100
MPSH,3,20220104,20211230,OUT,BITPASS,8000,,ALS-020ARN-6BHA-8BHA,400,RMB,32,,2202,MPTJ,OUT,苏州迈为,1190,101
MPSH,3,20220104,20211230,OUT,BITPASS,8000,,ALS-030ARN-10BHA-14BHA,200,RMB,42,,2202,MPTJ,OUT,苏州迈为,1190,102
MPSH,3,20220104,20211230,OUT,BITPASS,8000,,ALS-040ARN-10BHA-19BHA,150,RMB,45,,2202,MPTJ,OUT,苏州迈为,1190,103
MPSH,3,20220104,20211230,OUT,BITPASS,8000,,ALS-040ARN-14BHA-15BHA,50,RMB,45,,2202,MPTJ,OUT,苏州迈为,1190,104
MPSH,3,20220104,20211230,OUT,BITPASS,8000,,ALS-040ARN-15BHA-16BHA,50,RMB,45,,2202,MPTJ,OUT,苏州迈为,1190,105
MPSH,3,20220104,20211230,OUT,BITPASS,8000,,SFC-060SA2-20B-35B,1,RMB,135,,2301,MPTJ,OUT,昆山杰士德,1190,106
MPSH,3,20220104,20211230,OUT,BITPASS,8000,,ALS-020ARN-6BHA-8BHA,150,RMB,32,,2202,MPTJ,OUT,苏州迈为,1190,107
MPSH,3,20220104,20211230,OUT,BITPASS,8000,,ALS-030ARN-10BHA-14BHA,100,RMB,42,,2202,MPTJ,OUT,苏州迈为,1190,108
MPSH,3,20220104,20211230,OUT,BITPASS,8000,,ALS-030ARN-12BHA-14BHA,300,RMB,42,,2202,MPTJ,OUT,苏州迈为,1190,109
MPSH,3,20220104,20211230,OUT,BITPASS,8000,,ALS-040ARN-10BHA-19BHA,50,RMB,45,,2202,MPTJ,OUT,苏州迈为,1190,110
MPSH,3,20220104,20211229,OUT,ACE,8000,,SRG-060AS-32K-35KS,9,RMB,159,,2303,MPTJ,OUT,宁波海天,1010,111
MPSH,3,20220104,20211229,OUT,ACE,8000,122299400,111-08-13G 24V,5,RMB,165,,1301,MPTJ,OUT,,,112
MPSH,3,20220104,20211229,OUT,ACE,8000,123145700,PSL-G-24,28,RMB,74,,2602,MPTJ,OUT,青岛高测,1010,113
MPSH,3,20220104,20211229,OUT,ACE,8000,,SFC-050SA2-18B-22K,112,RMB,133,,2301,MPTJ,OUT,青岛高测,1010,114
MPSH,3,20220104,20211229,OUT,ACE,8000,,SFC-050SA2-15B-19K,56,RMB,133,,2301,MPTJ,OUT,青岛高测,1010,115
MPSH,3,20220104,20211229,OUT,ACE,8000,121733000,SFC-060DA2-20B-25B,10,RMB,238,,2301,MPTJ,OUT,青岛高测,1010,116
MPSH,3,20220104,20211229,OUT,ACE,8000,,ALS-105ABN-48BHA-55BHA,2,RMB,441,,2202,MPTJ,OUT,,,117
MPSH,3,20220104,20211229,OUT,ACE,8000,,111-06-13N 24V,30,RMB,103,,1301,MPTJ,OUT,,,118
MPSH,3,20220104,20211229,OUT,ACE,8000,,111-08-13N 24V,40,RMB,97,,1301,MPTJ,OUT,瑞一五金,9099,119
MPSH,3,20220104,20211229,OUT,ACE,8000,,111-10-13N 24V,10,RMB,142,,1301,MPTJ,OUT,,,120
MPSH,3,20220104,20211229,OUT,ACE,8000,,ALS-065ARN-20BHA-35BHA,50,RMB,118,,2202,MPTJ,OUT,莆田华睿,1090,121
MPSH,3,20220104,20211229,OUT,ACE,8000,,ALS-080ARN-35BHA-35BHA,50,RMB,155,,2202,MPTJ,OUT,莆田庆川,1090,122
MPSH,3,20220104,20211229,OUT,ACE,8000,,ALS-065ARN-25BHA-32BKA,20,RMB,114,,2202,MPTJ,OUT,宁波海天,1010,123
MPSH,3,20220104,20211230,OUT,BITPASS,8000,,ALS-040ARN-10BHA-14BHA,10,RMB,45,,2202,MPTJ,OUT,苏州迈为,1190,124
MPSH,3,20220104,20211230,OUT,BITPASS,8000,,ALS-040ARN-14BHA-14BHA,20,RMB,45,,2202,MPTJ,OUT,苏州迈为,1190,125
MPSH,3,20220104,20211228,OUT,BITPASS,8000,121461700,SFC-040SA2-14B-14B,300,RMB,53,,2301,MPTJ,OUT,苏州赛腾,1590,126
MPSH,3,20220104,20211229,OUT,ACE,8000,121733000,SFC-060DA2-20B-25B,45,RMB,238,,2301,MPTJ,OUT,青岛高测,1010,127
MPSH,3,20220104,20211229,OUT,ACE,8000,,SFC-050SA2-15B-19K,2,RMB,133,,2301,MPTJ,OUT,青岛高测,1010,128
MPSH,3,20220104,20211229,OUT,ACE,8000,126390500,SFC-060DA2-25B-35B,1,RMB,305,,2301,MPTJ,OUT,,,129
MPSH,3,20220104,20211229,OUT,ACE,8000,122997300,SFC-080DA2-20B-22B,6,RMB,263,,2301,MPTJ,OUT,廊坊福玛特,1990,130
MPSH,3,20220104,20211229,OUT,ACE,8000,,SFC-020DA2-6B-9K,3,RMB,118,,2301,MPTJ,OUT,,,131
MPSH,3,20220104,20211229,OUT,ACE,8000,123432700,CS-10-31G 24V R20DIN A20DIN,4,RMB,456,,1301,MPTJ,OUT,,,132
MPSH,3,20220104,20211229,OUT,ACE,8000,121391800,SFC-010DA2-6B-8B,8,RMB,110,,2301,MPTJ,OUT,,,133
MPSH,3,20220104,20211229,OUT,ACE,8000,121922500,SFC-060DA2-16B-24B,1,RMB,305,,2301,MPTJ,OUT,,,134
MPSH,3,20220104,20211229,OUT,ACE,8000,,ALS-055ARN-17BHA-22BHA,4,RMB,106,,2202,MPTJ,OUT,,,135
MPSH,3,20220104,20211229,OUT,ACE,8000,121817600,SFC-035DA2-12B-16B,17,RMB,141,,2301,MPTJ,OUT,,,136
MPSH,3,20220104,20211229,OUT,ACE,8000,122565700,SFC-060SA2-18B-16BC,40,RMB,308,,2301,MPTJ,OUT,,,137
MPSH,3,20220104,20211229,OUT,BITPASS,8000,,ALS-030ARN-12BHA-14BHA,200,RMB,42,,2202,MPTJ,OUT,苏州迈为,1190,138
MPSH,3,20220104,20211229,OUT,BITPASS,8000,,ALS-040ARN-T013,30,RMB,45,,2202,MPTJ,OUT,苏州迈为,1190,139
MPSH,3,20220104,20211229,OUT,BITPASS,8000,,ALS-040ARN-T014,30,RMB,45,,2202,MPTJ,OUT,苏州迈为,1190,140
MPSH,3,20220104,20211231,OUT,YONGFUWANG-SHENZHENG,8000,121851500,SFC-050SA2-16B-22B,1,RMB,192,,2301,MPTJ,OUT,裕尚,9099,141
MPSH,3,20220104,20211222,OUT,ACE,8000,,SFC-050SA2-T081,100,RMB,100,,2301,MPTJ,OUT,西安北村,1010,142
MPSH,3,20220104,20211222,OUT,ACE,8000,,ALS-055ARN-22BHA-28BHA,10,RMB,106,,2202,MPTJ,OUT,,,143
MPSH,3,20220104,20211222,OUT,ACE,8000,,ALS-065ARN-35BHA-35BHA,22,RMB,114,,2202,MPTJ,OUT,宁波海天,1010,144
MPSH,3,20220104,20211229,OUT,ACE,8000,,ALS-055ARN-20BHA-24BHA,8,RMB,99,,2202,MPTJ,OUT,宁波海天,1010,145
MPSH,3,20220104,20211229,OUT,ACE,8000,,ALS-055ARN-20BHA-24BHA,30,RMB,99,,2202,MPTJ,OUT,宁波海天,1010,146
MPSH,3,20220104,20211229,OUT,ACE,8000,,ALS-065ARN-24BHA-25BHA,192,RMB,114,,2202,MPTJ,OUT,宁波海天,1010,147
MPSH,3,20220104,20211229,OUT,ACE,8000,,ALS-065ARN-35BHA-38BHA,1,RMB,143,,2202,MPTJ,OUT,宁波海天,1010,148
MPSH,3,20220104,20211229,OUT,ACE,8000,121505100,SFC-050DA2-19B-20B,1,RMB,214,,2301,MPTJ,OUT,青岛高测,1010,149
MPSH,3,20220104,20211229,OUT,ACE,8000,121673700,SFC-050SA2-15B-20B,4,RMB,167,,2301,MPTJ,OUT,,,150
MPSH,3,20220104,20211229,OUT,ACE,8000,121945500,SFC-050DA2-15B-18B,2,RMB,225,,2301,MPTJ,OUT,,,151
MPSH,3,20220104,20211229,OUT,ACE,8000,123007700,SFC-080SA2-28B-35B,15,RMB,285,,2301,MPTJ,OUT,,,152
MPSH,3,20220104,20211229,OUT,ACE,8000,,ALS-055ARN-22BHA-24BHA,50,RMB,106,,2202,MPTJ,OUT,,,153
MPSH,3,20220104,20211229,OUT,ACE,8000,,ALS-055ARN-22BHA-22BHA,100,RMB,106,,2202,MPTJ,OUT,,,154
MPSH,3,20220104,20211229,OUT,BITPASS,8000,122998700,SFC-080DA2-22B-32B,10,RMB,333,,2301,MPTJ,OUT,上海东富龙,1820,155
MPSH,3,20220104,20220105,OUT,ACE,8000,,ALS-065ARN-32BKA-35BHA,5,RMB,143,,2202,MPTJ,OUT,宁波海天,1010,156
MPSH,3,20220104,20211229,OUT,ACE,8000,121391800,SFC-010DA2-6B-8B,2,RMB,110,,2301,MPTJ,OUT,,,157
MPSH,3,20220104,20220105,OUT,ACE,8000,,ALS-080ARN-35BHA-38BKA,2,RMB,227,,2202,MPTJ,OUT,,,158
MPSH,3,20220104,20211230,OUT,BITPASS,8000,121875800,SFC-060DA2-18B-20B,6,RMB,159,,2301,MPTJ,OUT,上海联泰,1190,159
MPSH,3,20220104,20211231,OUT,BITPASS,8000,121727700,SFC-035SA2-8B-14B,20,RMB,48,,2301,MPTJ,OUT,昆山杰士德,1190,160
MPSH,3,20220104,20211231,OUT,NICHIDEN,8000,121436900,SFC-030SA2-8B-8B,1,RMB,113,,2301,MPTJ,OUT,TOWA半导体,1190,161
MPSH,3,20220104,20220105,OUT,ACE,8000,122769000,ALS-055-R,27,RMB,84,,2202,MPTJ,OUT,,,162
MPSH,3,20220104,20220105,OUT,ACE,8000,,ALS-080ARN-35BHA-40BHA,20,RMB,227,,2202,MPTJ,OUT,,,163
MPSH,3,20220104,20220105,OUT,ACE,8000,,ALS-080ARN-38BHA-40BHA,10,RMB,227,,2202,MPTJ,OUT,,,164
MPSH,3,20220104,20211229,OUT,BITPASS,8000,,SFC-050DA2-19B-30B,150,RMB,101,,2301,MPTJ,OUT,苏州赛腾,1590,165
MPSH,3,20220104,20211229,OUT,BITPASS,8000,121609100,SFC-060SA2-17B-22B,40,RMB,135,,2301,MPTJ,OUT,上海联泰,1190,166
MPSH,3,20220104,20211231,OUT,BITPASS,8000,121478200,SFC-040DA2-12B-19B,30,RMB,73,,2301,MPTJ,OUT,昆山杰士德,1190,167
MPSH,3,20220104,20211229,OUT,BITPASS,8000,129361900,SFC-025DA2-9.525B-10B,15,RMB,60,,2301,MPTJ,OUT,上海联泰,1190,168
MPSH,3,20220104,20220104,OUT,RUJIANG-SHENZHENG,8000,121722200,SFC-040SA2-12B-19B,99,RMB,53,,2301,MPTJ,OUT,东莞科隆威,1190,169
MPSH,3,20220104,20220104,OUT,RUJIANG-SHENZHENG,8000,121478200,SFC-040DA2-12B-19B,43,RMB,73,,2301,MPTJ,OUT,东莞科隆威,1190,170
MPSH,3,20220104,20211228,OUT,RUJIANG-SHENZHENG,8000,121304800,SFC-030SA2-5B-11B,4,RMB,43,,2301,MPTJ,OUT,深圳世宗,1190,171
MPSH,3,20220104,20211228,OUT,RUJIANG-SHENZHENG,8000,126036900,SFC-020DA2-10B-11B,1,RMB,58,,2301,MPTJ,OUT,深圳世宗,1190,172
MPSH,3,20220104,20211231,OUT,BITPASS,8000,,SFC-025DA2-11B-14B,8,RMB,60,,2301,MPTJ,OUT,苏州迈为,1190,173
MPSH,3,20220104,20211229,OUT,ACE,8000,121912800,SFC-060SA2-18B-30B,1,RMB,258,,2301,MPTJ,OUT,,,174
MPSH,3,20220104,20211229,OUT,ACE,8000,121931100,SFC-050SA2-14B-24B,2,RMB,167,,2301,MPTJ,OUT,,,175
MPSH,3,20220104,20211230,OUT,BITPASS,8000,,ALS-030ABN-10BHA-12BHA,1,RMB,42,,2202,MPTJ,OUT,苏州迈为,1190,176
MPSH,3,20220104,20211231,,ZZYWK,8000,,SFC-050SA2-15.875B-22B,2,RMB,320,,2301,MPTJ,OUT,中冶迈克,1590,177
MPSH,3,20220104,20211230,OUT,BITPASS,8000,121732700,SFC-050DA2-14B-20B,4,RMB,101,,2301,MPTJ,OUT,苏州迈为,1190,178
MPSH,3,20220104,20211230,OUT,BITPASS,8000,121523700,SFC-040DA2-14B-19B,2,RMB,73,,2301,MPTJ,OUT,苏州迈为,1190,179
MPSH,3,20220104,20211231,OUT,BITPASS,8000,125974800,SFC-025DA2-10B-10B,12,RMB,60,,2301,MPTJ,OUT,昆山鸿仕达,1140,180
MPSH,3,20220104,20211230,OUT,BITPASS,8000,121503400,SFC-040DA2-15B-19B,2,RMB,73,,2301,MPTJ,OUT,昆山鸿仕达,1140,181
MPSH,3,20220104,20211230,OUT,BITPASS,8000,125974800,SFC-025DA2-10B-10B,8,RMB,60,,2301,MPTJ,OUT,昆山鸿仕达,1140,182
MPSH,3,20220104,20211230,OUT,TOYO AUTOMATION,8000,121792400,SFC-050SA2-20B-22B,1,RMB,93,,2301,MPTJ,OUT,东佑达,1210,183
