Code,Group,Sales Order Date,Download Date,ETD,ANA-4,Customer Code,Customer Group4(Industry Code)(Sub-Ledger),Item Code,Item Name,Qty,Currency,Price.,Exchange Rate,Amount (Transaction) (HKD),Cost(HKD),Group 5(Item),ANA-2,Location,Spec. Customer (Transaction),Industry Code (Transaction),
MPHK,2,20210524,20220111,20210831,OUT,SINGHUAT-C,8000,126286300,BXW-01-10-27,"2,000",USD,13.9000 ,7.7530000 ,"215,533.40 ",,1201,MPTW,OUT,K&S,1100,
MPHK,2,20210719,20220111,20211015,OUT,SINGHUAT-C,8000,126286300,BXW-01-10-27,"4,000",USD,13.9000 ,7.7530000 ,"431,066.80 ",,1201,MPTW,OUT,K&S,1100,
MPHK,2,20210813,20220111,20211105,OUT,ELEMATEC-C,8000,126455500,BXW-03-10MP-45V,60,USD,23.9000 ,7.7530000 ,"11,117.80 ",,1201,MPTW,OUT,,,
MPHK,2,20210823,20220111,20211112,OUT,ELEMATEC-C,8000,126455600,BXW-03-10MP-90V,120,USD,24.9000 ,7.7530000 ,"23,165.96 ",,1201,MPTW,OUT,,,
MPHK,2,20210825,20220111,20211215,OUT,SINGHUAT-C,8000,126286300,BXW-01-10-27,"2,500",USD,13.9000 ,7.7530000 ,"269,416.75 ",,1201,MPTW,OUT,K&S,1100,
MPHK,2,20210830,20220111,20211126,OUT,ELEMATEC-C,8000,126455600,BXW-03-10MP-90V,60,USD,24.9000 ,7.7530000 ,"11,582.98 ",,1201,MPTW,OUT,,,
MPHK,2,20210906,20220111,20211207,OUT,ELEMATEC-C,8000,126455500,BXW-03-10MP-45V,60,USD,23.9000 ,7.7530000 ,"11,117.80 ",,1201,MPTW,OUT,,,
MPHK,2,20210906,20220111,20211207,OUT,ELEMATEC-C,8000,126455600,BXW-03-10MP-90V,60,USD,24.9000 ,7.7530000 ,"11,582.98 ",,1201,MPTW,OUT,,,
MPHK,2,20210910,20220111,20220113,OUT,SAKURA-C,8000,128256900,"CPG-030-T010B (SLIDER) New
(DWG: GT-KCP-G503-B)",800,USD,1.1000 ,7.8000000 ,"6,864.00 ",,2901,MULTIPLE,OUT,NIKON,0100,
MPHK,2,20210910,20220111,20220113,OUT,SAKURA-C,8000,128256900,"CPG-030-T010B (SLIDER) New
(DWG: GT-KCP-G503-B)","7,195",USD,1.1000 ,7.8000000 ,"61,733.10 ",,2901,MULTIPLE,OUT,NIKON,0100,
MPHK,2,20210910,20220111,20220113,OUT,SAKURA-C,8000,128256900,"CPG-030-T010B (SLIDER) New
(DWG: GT-KCP-G503-B)",5,USD,1.1000 ,7.8000000 ,42.90 ,,2901,MULTIPLE,OUT,NIKON,0100,
MPHK,2,20210910,20220111,20220113,OUT,SAKURA-C,8000,127646500,"CPG-030-T010A (HUB)
(DWG: GT-KCP-G501)","13,975",USD,2.2000 ,7.8000000 ,"239,811.00 ",,2901,MULTIPLE,OUT,NIKON,0100,
MPHK,2,20210910,20220111,20220113,OUT,SAKURA-C,8000,127646500,"CPG-030-T010A (HUB)
(DWG: GT-KCP-G501)","2,025",USD,2.2000 ,7.8000000 ,"34,749.00 ",,2901,MULTIPLE,OUT,NIKON,0100,
MPHK,2,20210924,20220111,20211126,OUT,ELEMATEC-C,8000,126455200,BXW-02-10MP-45V,60,USD,23.0000 ,7.7530000 ,"10,699.14 ",,1201,MPTW,OUT,,,
MPHK,2,20210924,20220111,20211126,OUT,ELEMATEC-C,8000,126455200,BXW-02-10MP-45V,180,USD,23.0000 ,7.7530000 ,"32,097.42 ",,1201,MPTW,OUT,,,
MPHK,2,20210924,20220111,20211224,OUT,ELEMATEC-C,8000,126455600,BXW-03-10MP-90V,60,USD,24.9000 ,7.7530000 ,"11,582.98 ",,1201,MPTW,OUT,,,
MPHK,2,20210924,20220111,20211224,OUT,ELEMATEC-C,8000,126455600,BXW-03-10MP-90V,60,USD,24.9000 ,7.7530000 ,"11,582.98 ",,1201,MPTW,OUT,,,
MPHK,2,20210924,20220111,20211224,OUT,ELEMATEC-C,8000,126455800,BXW-04-10MP-03-90V,240,USD,26.2000 ,7.7530000 ,"48,750.86 ",,1201,MPTW,OUT,,,
MPHK,2,20210924,20220111,20211224,OUT,ELEMATEC-C,8000,126455400,BXW-02-10MP-90V,60,USD,24.0000 ,7.7530000 ,"11,164.32 ",,1201,MPTW,OUT,,,
MPHK,2,20210924,20220111,20211224,OUT,ELEMATEC-C,8000,126455500,BXW-03-10MP-45V,120,USD,23.9000 ,7.7530000 ,"22,235.60 ",,1201,MPTW,OUT,,,
MPHK,2,20210929,20220111,20211210,OUT,ELEMATEC-C,8000,125857300,"CPG-030-T001A (HUB)
(DWG: GT-KCP-G468-A)","20,000",USD,1.7300 ,7.7530000 ,"268,253.80 ",,2901,MPTJ,OUT,,,
MPHK,2,20210929,20220111,20211221,OUT,ELEMATEC-C,8000,125857300,"CPG-030-T001A (HUB)
(DWG: GT-KCP-G468-A)","20,000",USD,1.7300 ,7.7530000 ,"268,253.80 ",,2901,MPTJ,OUT,,,
MPHK,2,20210929,20220111,20211210,OUT,ELEMATEC-C,8000,125857600,"CPG-030-T001B (SLIDER)
(DWG: GT-KCP-G473)","10,000",USD,0.8200 ,7.7530000 ,"63,574.60 ",,2901,MPTJ,OUT,,,
MPHK,2,20210929,20220111,20211221,OUT,ELEMATEC-C,8000,125857600,"CPG-030-T001B (SLIDER)
(DWG: GT-KCP-G473)","10,000",USD,0.8200 ,7.7530000 ,"63,574.60 ",,2901,MPTJ,OUT,,,
MPHK,2,20210929,20220111,20211221,OUT,ELEMATEC-C,8000,126454900,BXW-01-10MP-45V,50,USD,22.3000 ,7.8000000 ,"8,697.00 ",,1201,MPTW,OUT,,,
MPHK,2,20210930,20220111,20220104,OUT,ELEMATEC-C,8000,125857300,"CPG-030-T001A (HUB)
(DWG: GT-KCP-G468-A)","20,000",USD,1.7300 ,7.8000000 ,"269,880.00 ",,2901,MPTJ,OUT,,,
MPHK,2,20210930,20220111,20220111,OUT,ELEMATEC-C,8000,125857300,"CPG-030-T001A (HUB)
(DWG: GT-KCP-G468-A)","20,000",USD,1.7300 ,7.8000000 ,"269,880.00 ",,2901,MPTJ,OUT,,,
MPHK,2,20210930,20220111,20220125,OUT,ELEMATEC-C,8000,125857300,"CPG-030-T001A (HUB)
(DWG: GT-KCP-G468-A)","20,000",USD,1.7300 ,7.8000000 ,"269,880.00 ",,2901,MPTJ,OUT,,,
MPHK,2,20210930,20220111,20220104,OUT,ELEMATEC-C,8000,125857600,"CPG-030-T001B (SLIDER)
(DWG: GT-KCP-G473)","10,000",USD,0.8200 ,7.8000000 ,"63,960.00 ",,2901,MPTJ,OUT,,,
MPHK,2,20210930,20220111,20220111,OUT,ELEMATEC-C,8000,125857600,"CPG-030-T001B (SLIDER)
(DWG: GT-KCP-G473)","10,000",USD,0.8200 ,7.8000000 ,"63,960.00 ",,2901,MPTJ,OUT,,,
MPHK,2,20210930,20220111,20220125,OUT,ELEMATEC-C,8000,125857600,"CPG-030-T001B (SLIDER)
(DWG: GT-KCP-G473)","10,000",USD,0.8200 ,7.8000000 ,"63,960.00 ",,2901,MPTJ,OUT,,,
MPHK,2,20210930,20220111,20220125,OUT,ELEMATEC-C,8000,126455500,BXW-03-10MP-45V,120,USD,23.9000 ,7.8000000 ,"22,370.40 ",,1201,MPTW,OUT,,,
MPHK,2,20210930,20220111,20220125,OUT,ELEMATEC-C,8000,126455600,BXW-03-10MP-90V,60,USD,24.9000 ,7.8000000 ,"11,653.20 ",,1201,MPTW,OUT,,,
MPHK,2,20210930,20220111,20220125,OUT,ELEMATEC-C,8000,126455700,BXW-04-10MP-03-45V,60,USD,25.2000 ,7.8000000 ,"11,793.60 ",,1201,MPTW,OUT,,,
MPHK,2,20210930,20220111,20220125,OUT,ELEMATEC-C,8000,126455800,BXW-04-10MP-03-90V,120,USD,26.2000 ,7.8000000 ,"24,523.20 ",,1201,MPTW,OUT,,,
MPHK,2,20210930,20220111,20220125,OUT,ELEMATEC-C,8000,126456000,BXW-04-10MP-05-90V,60,USD,27.8000 ,7.8000000 ,"13,010.40 ",,1201,MPTW,OUT,,,
MPHK,2,20210930,20220111,20220125,OUT,ELEMATEC-C,8000,126382200,BEM-4T-A-5,300,USD,2.1300 ,7.8000000 ,"4,984.20 ",,1901,MPJP,IN,,,
MPHK,2,20210930,20220111,20220211,OUT,ELEMATEC-C,8000,126382200,BEM-4T-A-5,300,USD,2.1300 ,7.8000000 ,"4,984.20 ",,1901,MPJP,IN,,,
MPHK,2,20210930,20220111,20220225,OUT,ELEMATEC-C,8000,126454900,BXW-01-10MP-45V,50,USD,22.3000 ,7.8000000 ,"8,697.00 ",,1201,MPTW,OUT,,,
MPHK,2,20210930,20220111,20220111,OUT,ELEMATEC-C,8000,126455000,BXW-01-10MP-90V,50,USD,23.3000 ,7.8000000 ,"9,087.00 ",,1201,MPTW,OUT,,,
MPHK,2,20210930,20220111,20220215,OUT,ELEMATEC-C,8000,126456000,BXW-04-10MP-05-90V,60,USD,27.8000 ,7.8000000 ,"13,010.40 ",,1201,MPTW,OUT,,,
MPHK,2,20210930,20220111,20220104,OUT,ELEMATEC-C,8000,126696400,BXW-02-10-24,60,USD,38.0000 ,7.8000000 ,"17,784.00 ",,1201,MPTW,OUT,,,
MPHK,2,20210930,20220111,20220111,OUT,ELEMATEC-C,8000,126696400,BXW-02-10-24,60,USD,38.0000 ,7.8000000 ,"17,784.00 ",,1201,MPTW,OUT,,,
MPHK,2,20210930,20220111,20220204,OUT,ELEMATEC-C,8000,126696400,BXW-02-10-24,60,USD,38.0000 ,7.8000000 ,"17,784.00 ",,1201,MPTW,OUT,,,
MPHK,2,20211006,20220111,20220413,OUT,HIMALAYA-C,8000,128307200,BMM-074-HPB-380/50 (IE3),2,USD,666.7000 ,7.8000000 ,"10,400.52 ",,1502,MPJP,IN,,,
MPHK,2,20211007,20220111,20211130,OUT,SINGHUAT-C,8000,127108600,122-12-20-A-9,1,USD,"1,048.9000 ",7.7530000 ,"8,132.12 ",,1302,MPJP,IN,SHIN_YANG,9000,
MPHK,2,20211012,20220111,20220204,OUT,ELEMATEC-C,8000,126382200,BEM-4T-A-5,300,USD,2.1300 ,7.8000000 ,"4,984.20 ",,1901,MPJP,IN,,,
MPHK,2,20211012,20220111,20220215,OUT,ELEMATEC-C,8000,126382200,BEM-4T-A-5,300,USD,2.1300 ,7.8000000 ,"4,984.20 ",,1901,MPJP,IN,,,
MPHK,2,20211012,20220111,20220104,OUT,ELEMATEC-C,8000,126455900,BXW-04-10MP-05-45V,30,USD,26.8000 ,7.7530000 ,"6,233.41 ",,1201,MPTW,OUT,,,
MPHK,2,20211012,20220111,20220104,OUT,ELEMATEC-C,8000,126455900,BXW-04-10MP-05-45V,30,USD,26.8000 ,7.7530000 ,"6,233.41 ",,1201,MPTW,OUT,,,
MPHK,2,20211012,20220111,20220204,OUT,ELEMATEC-C,8000,126455000,BXW-01-10MP-90V,50,USD,23.3000 ,7.8000000 ,"9,087.00 ",,1201,MPTW,OUT,,,
MPHK,2,20211012,20220111,20220125,OUT,ELEMATEC-C,8000,126455400,BXW-02-10MP-90V,60,USD,24.0000 ,7.8000000 ,"11,232.00 ",,1201,MPTW,OUT,,,
MPHK,2,20211012,20220111,20220114,OUT,ELEMATEC-C,8000,126456000,BXW-04-10MP-05-90V,180,USD,27.8000 ,7.8000000 ,"39,031.20 ",,1201,MPTW,OUT,,,
MPHK,2,20211012,20220111,20220125,OUT,ELEMATEC-C,8000,126456000,BXW-04-10MP-05-90V,120,USD,27.8000 ,7.8000000 ,"26,020.80 ",,1201,MPTW,OUT,,,
MPHK,2,20211012,20220111,20220125,OUT,ELEMATEC-C,8000,126456000,BXW-04-10MP-05-90V,60,USD,27.8000 ,7.8000000 ,"13,010.40 ",,1201,MPTW,OUT,,,
MPHK,2,20211012,20220111,20220204,OUT,ELEMATEC-C,8000,126456000,BXW-04-10MP-05-90V,120,USD,27.8000 ,7.8000000 ,"26,020.80 ",,1201,MPTW,OUT,,,
MPHK,2,20211012,20220111,20220215,OUT,ELEMATEC-C,8000,126456000,BXW-04-10MP-05-90V,60,USD,27.8000 ,7.8000000 ,"13,010.40 ",,1201,MPTW,OUT,,,
MPHK,2,20211012,20220111,20220114,OUT,ELEMATEC-C,8000,126696400,BXW-02-10-24,120,USD,38.0000 ,7.8000000 ,"35,568.00 ",,1201,MPTW,OUT,,,
MPHK,2,20211012,20220111,20220125,OUT,ELEMATEC-C,8000,126696400,BXW-02-10-24,60,USD,38.0000 ,7.8000000 ,"17,784.00 ",,1201,MPTW,OUT,,,
MPHK,2,20211013,20220111,20211103,OUT,SINGHUAT-C,8000,122303700,CS-10-33G 24V 20 JIS,2,USD,49.1000 ,7.7530000 ,761.34 ,,1301,MPTJ,OUT,,,
MPHK,2,20211013,20220111,20211103,OUT,SINGHUAT-C,8000,910028407,AK-140-MAT-19N,5,USD,47.9000 ,7.7530000 ,"1,856.84 ",,3101,MPTJ,OUT,,,
MPHK,2,20211013,20220111,20211103,OUT,SINGHUAT-C,8000,911709011,PE-185-MAT-22H,7,USD,67.0000 ,7.7530000 ,"3,636.16 ",,3101,MPTJ,OUT,,,
MPHK,2,20211015,20220111,20211102,OUT,SINGHUAT-C,8000,122289800,101-12-15G 24V R25JIS A25JIS,1,USD,76.6000 ,7.7530000 ,593.88 ,,1301,MPTJ,OUT,,,
MPHK,2,20211018,20220111,20220405,OUT,ELEMATEC-C,8000,126382200,BEM-4T-A-5,600,USD,2.1300 ,7.8000000 ,"9,968.40 ",,1901,MPJP,IN,,,
MPHK,2,20211018,20220111,20220211,OUT,ELEMATEC-C,8000,126456000,BXW-04-10MP-05-90V,60,USD,27.8000 ,7.8000000 ,"13,010.40 ",,1201,MPTW,OUT,,,
MPHK,2,20211018,20220111,20220304,OUT,ELEMATEC-C,8000,126456000,BXW-04-10MP-05-90V,60,USD,27.8000 ,7.8000000 ,"13,010.40 ",,1201,MPTW,OUT,,,
MPHK,2,20211018,20220111,20220405,OUT,ELEMATEC-C,8000,126456000,BXW-04-10MP-05-90V,240,USD,27.8000 ,7.8000000 ,"52,041.60 ",,1201,MPTW,OUT,,,
MPHK,2,20211022,20220111,20211103,OUT,HIMALAYA-C,8000,100055100,"PK-200-24N-154
OLD DESCRIPTION PK-200-B-N24",5,USD,227.2000 ,7.7530000 ,"8,807.41 ",,3101,MPJP,IN,,,
MPHK,2,20211022,20220111,20211103,OUT,HIMALAYA-C,8000,121807900,BXH-16-10G 90V 28DIN,5,USD,127.8000 ,7.7530000 ,"4,954.17 ",,1401,MPJP,IN,,,
MPHK,2,20211028,20220111,20220201,OUT,SAKURA-C,8000,128256900,"CPG-030-T010B (SLIDER) New
(DWG: GT-KCP-G503-B)",800,USD,1.1000 ,7.8000000 ,"6,864.00 ",,2901,MULTIPLE,OUT,NIKON,0100,
MPHK,2,20211028,20220111,20220201,OUT,SAKURA-C,8000,128256900,"CPG-030-T010B (SLIDER) New
(DWG: GT-KCP-G503-B)","9,200",USD,1.1000 ,7.8000000 ,"78,936.00 ",,2901,MULTIPLE,OUT,NIKON,0100,
MPHK,2,20211028,20220111,20220201,OUT,SAKURA-C,8000,127646500,"CPG-030-T010A (HUB)
(DWG: GT-KCP-G501)","16,000",USD,2.2000 ,7.8000000 ,"274,560.00 ",,2901,MULTIPLE,OUT,NIKON,0100,
MPHK,2,20211028,20220111,20220201,OUT,SAKURA-C,8000,127646500,"CPG-030-T010A (HUB)
(DWG: GT-KCP-G501)","4,000",USD,2.2000 ,7.8000000 ,"68,640.00 ",,2901,MULTIPLE,OUT,NIKON,0100,
MPHK,2,20211029,20220111,20220114,OUT,NAMSAE-C,8000,800000723,AB-HD-27,20,USD,290.0000 ,7.7530000 ,"44,967.40 ",,2503,MPJP,IN,,,
MPHK,2,20211101,20220111,20220301,OUT,SAKURA-C,8000,128256900,"CPG-030-T010B (SLIDER) New
(DWG: GT-KCP-G503-B)","20,000",USD,1.1000 ,7.8000000 ,"171,600.00 ",,2901,MPTJ,OUT,NIKON,0100,
MPHK,2,20211101,20220111,20220401,OUT,SAKURA-C,8000,128256900,"CPG-030-T010B (SLIDER) New
(DWG: GT-KCP-G503-B)","20,000",USD,1.1000 ,7.8000000 ,"171,600.00 ",,2901,MPTJ,OUT,NIKON,0100,
MPHK,2,20211101,20220111,20220501,OUT,SAKURA-C,8000,128256900,"CPG-030-T010B (SLIDER) New
(DWG: GT-KCP-G503-B)","20,000",USD,1.1000 ,7.8000000 ,"171,600.00 ",,2901,MPTJ,OUT,NIKON,0100,
MPHK,2,20211101,20220111,20220601,OUT,SAKURA-C,8000,128256900,"CPG-030-T010B (SLIDER) New
(DWG: GT-KCP-G503-B)","15,000",USD,1.1000 ,7.8000000 ,"128,700.00 ",,2901,MPTJ,OUT,NIKON,0100,
MPHK,2,20211104,20220111,20211222,OUT,HIMALAYA-C,8000,122646700,125-20-12EG,1,USD,979.2000 ,7.8000000 ,"7,637.76 ",,1302,MPJP,IN,,,
MPHK,2,20211109,20220111,20211201,OUT,NAMSAE-C,8000,122647400,121-06-20G,5,USD,183.5000 ,7.7530000 ,"7,113.38 ",,1302,MPJP,IN,,,
MPHK,2,20211109,20220111,20211201,OUT,NAMSAE-C,8000,105468900,TT-4X-01-30-30-100NM,4,USD,356.0000 ,7.7530000 ,"11,040.27 ",,3105,MPJP,IN,,,
MPHK,2,20211109,20220111,20211201,OUT,NAMSAE-C,8000,128665100,126-10-4B 0.75KW-IE3-380/50,2,USD,822.0000 ,7.7530000 ,"12,745.93 ",,1302,MPJP,IN,PRESIDENT_BAKERY,1800,
MPHK,2,20211109,20220111,20220103,OUT,P&T-C,8000,103611800,CLUTCH AND BRAKE UNIT: 121-25-20-A-13,1,USD,"1,632.5000 ",7.7530000 ,"12,656.77 ",,1302,MPJP,IN,,,
MPHK,2,20211109,20220111,20220103,OUT,P&T-C,8000,122647000,CLUTCH AND BRAKE UNIT: 122-10-20G,3,USD,457.5000 ,7.7530000 ,"10,640.99 ",,1302,MPJP,IN,,,
MPHK,2,20211111,20220111,20211203,OUT,SINGHUAT-C,8000,103628200,125-16-12-A-25,5,USD,509.5000 ,7.7530000 ,"19,750.77 ",,1302,MPJP,IN,,,
MPHK,2,20211111,20220111,20211203,OUT,SINGHUAT-C,8000,103628400,125-16-12-A-27,12,USD,513.9000 ,7.7530000 ,"47,811.20 ",,1302,MPJP,IN,,,
MPHK,2,20211111,20220111,20211203,OUT,SINGHUAT-C,8000,033000100,SD-53B-12R,50,USD,12.9000 ,7.7530000 ,"5,000.69 ",,3107,MPJP,IN,THAISIANG,9000,
MPHK,2,20211111,20220111,20211202,OUT,SINGHUAT-C,8000,122290500,111-10-11G 24V 20 JIS,7,USD,36.7000 ,7.7530000 ,"1,991.75 ",,1301,MPTJ,OUT,,,
MPHK,2,20211111,20220111,20211202,OUT,SINGHUAT-C,8000,122287700,101-10-13G 24V 20JIS,9,USD,39.7000 ,7.7530000 ,"2,770.15 ",,1301,MPTJ,OUT,,,
MPHK,2,20211111,20220111,20211202,OUT,SINGHUAT-C,8000,122287900,101-12-13G 24V 25 JIS,3,USD,50.1000 ,7.7530000 ,"1,165.28 ",,1301,MPTJ,OUT,,,
MPHK,2,20211111,20220111,20211202,OUT,SINGHUAT-C,8000,122289800,101-12-15G 24V R25JIS A25JIS,3,USD,76.6000 ,7.7530000 ,"1,781.64 ",,1301,MPTJ,OUT,,,
MPHK,2,20211111,20220111,20211202,OUT,SINGHUAT-C,8000,100041900,AP-86-MA-11 With Adapter,3,USD,45.0000 ,7.7530000 ,"1,046.66 ",,3101,MPTJ,OUT,,,
MPHK,2,20211111,20220111,20211202,OUT,SINGHUAT-C,8000,911708613,PE-155-MAT-18H,7,USD,55.1000 ,7.7530000 ,"2,990.33 ",,3101,MPTJ,OUT,,,
MPHK,2,20211111,20220111,20211122,OUT,HIMALAYA-C,8000,103628200,125-16-12-A-25,2,USD,566.1000 ,7.7530000 ,"8,777.95 ",,1302,MPJP,IN,,,
MPHK,2,20211111,20220111,20211122,OUT,HIMALAYA-C,8000,122643900,CLUTCH ROTOR 101-20-11G 50J N24,3,USD,90.5000 ,7.7530000 ,"2,104.94 ",,1301,MPJP,IN,,,
MPHK,2,20211112,20220111,20211202,OUT,HIMALAYA-C,8000,103629900,125-20-12-A-11,3,USD,"1,169.6000 ",7.8000000 ,"27,368.64 ",,1302,MPJP,IN,,,
MPHK,2,20211115,20220111,20211201,OUT,DPS_VIETNAM-C,8000,123870300,ALS-095-B,25,USD,82.8000 ,7.8000000 ,"16,146.00 ",,2202,MPJP,IN,NOK_VIETNAM,9000,
MPHK,2,20211116,20220111,20211202,OUT,HIMALAYA-C,8000,103629900,125-20-12-A-11,3,USD,"1,169.6000 ",7.8000000 ,"27,368.64 ",,1302,MPJP,IN,,,
MPHK,2,20211119,20220111,20220120,OUT,SINGHUAT-C,8000,124541200,111-16-13G 90V,10,USD,113.2000 ,7.7530000 ,"8,776.40 ",,1301,MPJP,IN,PD_BRICK,9000,
MPHK,2,20211122,20220111,20220218,OUT,ELEMATEC-C,8000,126382200,BEM-4T-A-5,600,USD,2.1300 ,7.8000000 ,"9,968.40 ",,1901,MPJP,IN,,,
MPHK,2,20211122,20220111,20220218,OUT,ELEMATEC-C,8000,126455200,BXW-02-10MP-45V,90,USD,23.0000 ,7.8000000 ,"16,146.00 ",,1201,MPTW,OUT,,,
MPHK,2,20211122,20220111,20220218,OUT,ELEMATEC-C,8000,126456000,BXW-04-10MP-05-90V,120,USD,27.8000 ,7.8000000 ,"26,020.80 ",,1201,MPTW,OUT,,,
MPHK,2,20211122,20220111,20220218,OUT,ELEMATEC-C,8000,126455000,BXW-01-10MP-90V,50,USD,23.3000 ,7.8000000 ,"9,087.00 ",,1201,MPTW,OUT,,,
MPHK,2,20211122,20220111,20220318,OUT,ELEMATEC-C,8000,126455200,BXW-02-10MP-45V,150,USD,23.0000 ,7.8000000 ,"26,910.00 ",,1201,MPTW,OUT,,,
MPHK,2,20211122,20220111,20220318,OUT,ELEMATEC-C,8000,126455500,BXW-03-10MP-45V,180,USD,23.9000 ,7.8000000 ,"33,555.60 ",,1201,MPTW,OUT,,,
MPHK,2,20211122,20220111,20220318,OUT,ELEMATEC-C,8000,126456000,BXW-04-10MP-05-90V,240,USD,27.8000 ,7.8000000 ,"52,041.60 ",,1201,MPTW,OUT,,,
MPHK,2,20211122,20220111,20220318,OUT,ELEMATEC-C,8000,126696400,BXW-02-10-24,60,USD,38.0000 ,7.8000000 ,"17,784.00 ",,1201,MPTW,OUT,,,
MPHK,2,20211122,20220111,20211201,OUT,HIMALAYA-C,8000,910028506,AK-155-MAT-24N,20,USD,63.5000 ,7.8000000 ,"9,906.00 ",,3101,MPTJ,OUT,,,
MPHK,2,20211122,20220111,20211201,OUT,HIMALAYA-C,8000,911709011,PE-185-MAT-22H,20,USD,74.4000 ,7.8000000 ,"11,606.40 ",,3101,MPTJ,OUT,,,
MPHK,2,20211122,20220111,20220308,OUT,ELEMATEC-C,8000,125857300,"CPG-030-T001A (HUB)
(DWG: GT-KCP-G468-A)","20,000",USD,1.7300 ,7.8000000 ,"269,880.00 ",,2901,MPTJ,OUT,,,
MPHK,2,20211122,20220111,20220318,OUT,ELEMATEC-C,8000,125857300,"CPG-030-T001A (HUB)
(DWG: GT-KCP-G468-A)","20,000",USD,1.7300 ,7.8000000 ,"269,880.00 ",,2901,MPTJ,OUT,,,
MPHK,2,20211122,20220111,20220318,OUT,ELEMATEC-C,8000,125857600,"CPG-030-T001B (SLIDER)
(DWG: GT-KCP-G473)","10,000",USD,0.8200 ,7.8000000 ,"63,960.00 ",,2901,MPTJ,OUT,,,
MPHK,2,20211124,20220111,20211215,OUT,SINGHUAT-C,8000,122355700,CLUTCH STATOR 101-16-11G 24V,2,USD,62.2000 ,7.7530000 ,964.47 ,,1301,MPJP,IN,SHIN_YANG,9000,
MPHK,2,20211124,20220111,20211213,OUT,HIMALAYA-C,8000,122042700,BMS-044-NHB,4,USD,237.1000 ,7.8000000 ,"7,397.52 ",,1502,MPJP,IN,,,
MPHK,2,20211125,20220111,20220120,OUT,NAMSAE-C,8000,131646800,SFM-100SS-42K-42K-450N-G2.5/10000,2,USD,158.2000 ,7.7530000 ,"2,453.05 ",,2302,MPJP,IN,,,
MPHK,2,20211126,20220111,20211223,OUT,SINGHUAT-C,8000,104694500,SFS-10S-35M-35M,10,USD,88.7000 ,7.7530000 ,"6,876.91 ",,2302,MPJP,IN,OKAMOTO_SG,1000,
MPHK,2,20211126,20220111,20220419,OUT,ELEMATEC-C,8000,125857600,"CPG-030-T001B (SLIDER)
(DWG: GT-KCP-G473)","10,000",USD,0.8200 ,7.8000000 ,"63,960.00 ",,2901,MPTJ,OUT,,,
MPHK,2,20211126,20220111,20220510,OUT,ELEMATEC-C,8000,125857600,"CPG-030-T001B (SLIDER)
(DWG: GT-KCP-G473)","10,000",USD,0.8200 ,7.8000000 ,"63,960.00 ",,2901,MPTJ,OUT,,,
MPHK,2,20211126,20220111,20220419,OUT,ELEMATEC-C,8000,125857600,"CPG-030-T001B (SLIDER)
(DWG: GT-KCP-G473)","10,000",USD,0.8200 ,7.8000000 ,"63,960.00 ",,2901,MPTJ,OUT,,,
MPHK,2,20211126,20220111,20220520,OUT,ELEMATEC-C,8000,125857600,"CPG-030-T001B (SLIDER)
(DWG: GT-KCP-G473)","10,000",USD,0.8200 ,7.8000000 ,"63,960.00 ",,2901,MPTJ,OUT,,,
MPHK,2,20211126,20220111,20220607,OUT,ELEMATEC-C,8000,125857600,"CPG-030-T001B (SLIDER)
(DWG: GT-KCP-G473)","10,000",USD,0.8200 ,7.8000000 ,"63,960.00 ",,2901,MPTJ,OUT,,,
MPHK,2,20211126,20220111,20220621,OUT,ELEMATEC-C,8000,125857600,"CPG-030-T001B (SLIDER)
(DWG: GT-KCP-G473)","20,000",USD,0.8200 ,7.8000000 ,"127,920.00 ",,2901,MPTJ,OUT,,,
MPHK,2,20211129,20220111,20220214,OUT,KAISHIN-C,8000,100016700,P-98-MA-19 With Adapter,5,USD,37.2000 ,7.8000000 ,"1,450.80 ",,3101,MPTJ,OUT,,,
MPHK,2,20211129,20220111,20220214,OUT,KAISHIN-C,8000,100044400,AP-98-MA-19 With Adapter,3,USD,50.9000 ,7.8000000 ,"1,191.06 ",,3101,MPTJ,OUT,,,
MPHK,2,20211129,20220111,20220214,OUT,KAISHIN-C,8000,123145800,PSL-G-25,50,USD,8.3000 ,7.8000000 ,"3,237.00 ",,2602,MPTJ,OUT,,,
MPHK,2,20211129,20220111,20220214,OUT,KAISHIN-C,8000,123146000,PSL-G-30,50,USD,9.4000 ,7.8000000 ,"3,666.00 ",,2602,MPTJ,OUT,,,
MPHK,2,20211129,20220111,20220214,OUT,KAISHIN-C,8000,123146200,PSL-G-35,80,USD,10.1000 ,7.8000000 ,"6,302.40 ",,2602,MPTJ,OUT,,,
MPHK,2,20211129,20220111,20220214,OUT,KAISHIN-C,8000,123146400,PSL-G-40,50,USD,11.6000 ,7.8000000 ,"4,524.00 ",,2602,MPTJ,OUT,,,
MPHK,2,20211129,20220111,20220214,OUT,KAISHIN-C,8000,123948400,PSL-G-70,30,USD,28.6000 ,7.8000000 ,"6,692.40 ",,2602,MPTJ,OUT,,,
MPHK,2,20211129,20220111,20220214,OUT,KAISHIN-C,8000,123150300,PSL-K-14,70,USD,7.1000 ,7.8000000 ,"3,876.60 ",,2602,MPTJ,OUT,,,
MPHK,2,20211129,20220111,20220214,OUT,KAISHIN-C,8000,123150400,PSL-K-15,50,USD,7.5000 ,7.8000000 ,"2,925.00 ",,2602,MPTJ,OUT,,,
MPHK,2,20211129,20220111,20220214,OUT,KAISHIN-C,8000,123150900,PSL-K-19,150,USD,8.0000 ,7.8000000 ,"9,360.00 ",,2602,MPTJ,OUT,,,
MPHK,2,20211129,20220111,20220214,OUT,KAISHIN-C,8000,123151000,PSL-K-20,150,USD,8.0000 ,7.8000000 ,"9,360.00 ",,2602,MPTJ,OUT,,,
MPHK,2,20211129,20220111,20220214,OUT,KAISHIN-C,8000,123151400,PSL-K-25,150,USD,11.2000 ,7.8000000 ,"13,104.00 ",,2602,MPTJ,OUT,,,
MPHK,2,20211129,20220111,20220214,OUT,KAISHIN-C,8000,123512100,125-08-12EG,4,USD,162.2000 ,7.8000000 ,"5,060.64 ",,1302,MPTJ,OUT,,,
MPHK,2,20211129,20220111,20220214,OUT,KAISHIN-C,8000,123512200,125-10-12EG,4,USD,196.7000 ,7.8000000 ,"6,137.04 ",,1302,MPTJ,OUT,,,
MPHK,2,20211129,20220111,20220214,OUT,KAISHIN-C,8000,800000350,125-10-12EG High Torque,10,USD,211.3000 ,7.8000000 ,"16,481.40 ",,1302,MPTJ,OUT,,,
MPHK,2,20211129,20220111,20220214,OUT,KAISHIN-C,8000,122287600,101-08-13G 24V 20 JIS,25,USD,29.7000 ,7.8000000 ,"5,791.50 ",,1301,MPTJ,OUT,,,
MPHK,2,20211129,20220111,20220214,OUT,KAISHIN-C,8000,122286400,101-10-11G 24V R25 JIS A25JIS,20,USD,46.6000 ,7.8000000 ,"7,269.60 ",,1301,MPTJ,OUT,,,
MPHK,2,20211129,20220111,20220214,OUT,KAISHIN-C,8000,122309600,CS-08-31G 24V R15 JIS A15 JIS,5,USD,49.7000 ,7.8000000 ,"1,938.30 ",,1301,MPTJ,OUT,,,
MPHK,2,20211129,20220111,20220214,OUT,KAISHIN-C,8000,122278900,111-06-11G 24V 12 JIS,30,USD,24.2000 ,7.8000000 ,"5,662.80 ",,1301,MPTJ,OUT,,,
MPHK,2,20211129,20220111,20220214,OUT,KAISHIN-C,8000,122292400,111-06-12G 24V 15 JIS,20,USD,24.2000 ,7.8000000 ,"3,775.20 ",,1301,MPTJ,OUT,,,
MPHK,2,20211129,20220111,20220214,OUT,KAISHIN-C,8000,122299400,111-08-13G 24V,20,USD,24.1000 ,7.8000000 ,"3,759.60 ",,1301,MPTJ,OUT,,,
MPHK,2,20211129,20220111,20220214,OUT,KAISHIN-C,8000,122295100,111-10-12G 24V 25 JIS,25,USD,37.0000 ,7.8000000 ,"7,215.00 ",,1301,MPTJ,OUT,,,
MPHK,2,20211129,20220111,20220214,OUT,KAISHIN-C,8000,122295500,111-12-12G 24V 25 JIS,20,USD,47.8000 ,7.8000000 ,"7,456.80 ",,1301,MPTJ,OUT,,,
MPHK,2,20211129,20220111,20220214,OUT,KAISHIN-C,8000,122300400,111-12-13G 24V,20,USD,41.8000 ,7.8000000 ,"6,520.80 ",,1301,MPTJ,OUT,,,
MPHK,2,20211130,20220111,20220118,OUT,SANKYO-C,0100,126959200,ROTOR HUB SET BXW-03-10-45,600,USD,3.4000 ,7.7530000 ,"15,816.12 ",,1201,MPJP,IN,,,
MPHK,2,20211130,20220111,20220118,OUT,SANKYO-C,0100,126970400,BXW-03-10-43,300,USD,23.0000 ,7.7530000 ,"53,495.70 ",,1201,MPJP,IN,,,
MPHK,2,20211201,20220111,20220107,OUT,DPS_VIETNAM-C,8000,123870300,ALS-095-B,25,USD,82.8000 ,7.8000000 ,"16,146.00 ",,2202,MPJP,IN,NOK_VIETNAM,9000,
MPHK,2,20211202,20220111,20220107,OUT,HIMALAYA-C,8000,128244900,RWM-04-50-20-IE1,4,USD,447.3000 ,7.8000000 ,"13,955.76 ",,3103,MPJP,IN,,,
MPHK,2,20211202,20220111,20220114,OUT,LEELENG-C,8000,106807900,Y2-E,3,USD,225.0000 ,7.8000000 ,"5,265.00 ",,3104,MPJP,IN,FLEXO,1900,
MPHK,2,20211202,20220111,20220222,OUT,SEIMITSU-C,8000,***,BXR-035-10LE-A-53,8,USD,137.0000 ,7.7530000 ,"8,497.29 ",,9909,MPJP,IN,,,
MPHK,2,20211202,20220111,20220222,OUT,SEIMITSU-C,8000,***,BXR-025-10LE-A-27,3,USD,127.0000 ,7.7530000 ,"2,953.89 ",,9909,MPJP,IN,,,
MPHK,2,20211203,20220111,20220105,OUT,HIMALAYA-C,8000,800000222,111-10-11N 24V 20 JIS,200,USD,31.5000 ,7.8000000 ,"49,140.00 ",,1301,MPTJ,OUT,CV_KORIN,1900,
MPHK,2,20211203,20220111,20220105,OUT,HIMALAYA-C,8000,910028017,AK-124-MAT-19N,150,USD,31.5000 ,7.8000000 ,"36,855.00 ",,3101,MPTJ,OUT,CV_KORIN,1900,
MPHK,2,20211203,20220111,20220105,OUT,HIMALAYA-C,8000,910029415,PE-124-MAT-15H,170,USD,26.8000 ,7.8000000 ,"35,536.80 ",,3101,MPTJ,OUT,CV_KORIN,1900,
MPHK,2,20211203,20220111,20220107,OUT,HIMALAYA-C,8000,080336400,1422V270S,150,USD,5.8000 ,7.8000000 ,"6,786.00 ",,3101,MPJP,IN,CV_KORIN,1900,
MPHK,2,20211203,20220111,20220107,OUT,HIMALAYA-C,8000,103628200,125-16-12-A-25,10,USD,566.1000 ,7.8000000 ,"44,155.80 ",,1302,MPJP,IN,,,
MPHK,2,20211203,20220111,20220107,OUT,HIMALAYA-C,8000,103628400,125-16-12-A-27,10,USD,571.0000 ,7.8000000 ,"44,538.00 ",,1302,MPJP,IN,,,
MPHK,2,20211203,20220111,20220107,OUT,HIMALAYA-C,8000,103628300,125-16-12-A-26,2,USD,554.6000 ,7.8000000 ,"8,651.76 ",,1302,MPJP,IN,,,
MPHK,2,20211203,20220111,20220107,OUT,HIMALAYA-C,8000,100071200,"AK-125-AN-19N
old description (AK-125-A-N-19)",2,USD,106.4000 ,7.8000000 ,"1,659.84 ",,3101,MPJP,IN,,,
MPHK,2,20211203,20220111,20220107,OUT,HIMALAYA-C,8000,105641200,ETP-A-25,4,USD,38.9000 ,7.8000000 ,"1,213.68 ",,2601,MPJP,IN,,,
MPHK,2,20211203,20220111,20220107,OUT,HIMALAYA-C,8000,122646600,125-16-12G,2,USD,549.8000 ,7.8000000 ,"8,576.88 ",,1302,MPJP,IN,,,
MPHK,2,20211203,20220111,20220107,OUT,HIMALAYA-C,8000,103539500,546-15-34-LS 24V20 JIS,10,USD,384.1000 ,7.8000000 ,"29,959.80 ",,1501,MPJP,IN,INDOFOOD,1800,
MPHK,2,20211203,20220111,20220107,OUT,HIMALAYA-C,8000,103537800,546-15-34-RS 24V20 JIS,10,USD,384.1000 ,7.8000000 ,"29,959.80 ",,1501,MPJP,IN,INDOFOOD,1800,
MPHK,2,20211207,20220111,20220103,OUT,HIMALAYA-C,8000,911299602,P-164-MA-24 With Adapter,2,USD,113.6000 ,7.8000000 ,"1,772.16 ",,3101,MPTJ,OUT,,,
MPHK,2,20211207,20220111,20220325,OUT,ELEMATEC-C,8000,126455400,BXW-02-10MP-90V,60,USD,24.0000 ,7.8000000 ,"11,232.00 ",,1201,MPTW,OUT,,,
MPHK,2,20211207,20220111,20220325,OUT,ELEMATEC-C,8000,126455600,BXW-03-10MP-90V,60,USD,24.9000 ,7.8000000 ,"11,653.20 ",,1201,MPTW,OUT,,,
MPHK,2,20211207,20220111,20211227,OUT,TDS-C,8000,800000787,BXW-05-10-55,4,USD,147.6000 ,7.7530000 ,"4,577.37 ",,1201,MPKR,OUT,,,
MPHK,2,20211208,20220111,20220107,OUT,HIMALAYA-C,8000,103538100,546-15-34-RS 24V25 JIS,3,USD,435.1000 ,7.8000000 ,"10,181.34 ",,1501,MPJP,IN,,,
MPHK,2,20211208,20220111,20211222,OUT,ELSHIN-C,8000,123483600,TT-2X-03-19H-5NM-P,1,USD,137.0000 ,7.7530000 ,"1,062.16 ",,3105,MPJP,IN,,,
MPHK,2,20211209,20220111,20220221,OUT,HIMALAYA-C,8000,131162800,BXH-10-10-A-91,2,USD,91.0000 ,7.8000000 ,"1,419.60 ",,1401,MPJP,IN,,,
MPHK,2,20211210,20220111,20220113,OUT,SINGHUAT-C,8000,104951800,MM-28K,4,USD,106.4000 ,7.7530000 ,"3,299.68 ",,2502,MPJP,IN,,,
MPHK,2,20211210,20220111,20220113,OUT,SINGHUAT-C,8000,111590200,CLUTCH ARMATURE TY-1 125-16-12-A-25,5,USD,63.0000 ,7.7530000 ,"2,442.20 ",,1302,MPJP,IN,,,
MPHK,2,20211210,20220111,20220113,OUT,SINGHUAT-C,8000,028019000,3085M 6-5,4,USD,44.0000 ,7.7530000 ,"1,364.53 ",,2501,MPJP,IN,,,
MPHK,2,20211210,20220111,20220113,OUT,SINGHUAT-C,8000,033000100,SD-53B-12R,50,USD,12.9000 ,7.7530000 ,"5,000.69 ",,3107,MPJP,IN,THAISIANG,9000,
MPHK,2,20211210,20220111,20220113,OUT,SINGHUAT-C,8000,121899900,BXL-08-10G 24V 14DIN,4,USD,44.7000 ,7.7530000 ,"1,386.24 ",,1401,MPJP,IN,,,
MPHK,2,20211210,20220111,20220113,OUT,SINGHUAT-C,8000,123909800,BXW-03-10S-24V-8,20,USD,21.1000 ,7.7530000 ,"3,271.77 ",,1201,MPJP,IN,TRI_EQUIPMENT(M),8000,
MPHK,2,20211210,20220111,20220113,OUT,SINGHUAT-C,8000,121519100,BXW-04-10H-24V-10,30,USD,23.0000 ,7.7530000 ,"5,349.57 ",,1201,MPJP,IN,,,
MPHK,2,20211210,20220111,20220113,OUT,SINGHUAT-C,8000,104178500,AL-035,10,USD,2.7000 ,7.7530000 ,209.33 ,,2201,MPJP,IN,,,
MPHK,2,20211210,20220111,20220113,OUT,SINGHUAT-C,8000,071084200,AL-100,10,USD,14.8000 ,7.7530000 ,"1,147.44 ",,2201,MPJP,IN,,,
MPHK,2,20211210,20220111,20220107,OUT,SINGHUAT-C,8000,122303700,CS-10-33G 24V 20 JIS,6,USD,49.1000 ,7.7530000 ,"2,284.03 ",,1301,MPTJ,OUT,,,
MPHK,2,20211210,20220111,20220107,OUT,SINGHUAT-C,8000,122295600,111-12-12G 24V 30 JIS,4,USD,47.5000 ,7.7530000 ,"1,473.07 ",,1301,MPTJ,OUT,,,
MPHK,2,20211210,20220111,20220107,OUT,SINGHUAT-C,8000,122289500,101-08-15G 24V R15JIS A15JIS,5,USD,48.4000 ,7.7530000 ,"1,876.23 ",,1301,MPTJ,OUT,,,
MPHK,2,20211210,20220111,20220107,OUT,SINGHUAT-C,8000,122287900,101-12-13G 24V 25 JIS,3,USD,50.1000 ,7.7530000 ,"1,165.28 ",,1301,MPTJ,OUT,,,
MPHK,2,20211210,20220111,20220107,OUT,SINGHUAT-C,8000,910028418,AK-140-MAT-24N,2,USD,52.7000 ,7.7530000 ,817.17 ,,3101,MPTJ,OUT,,,
MPHK,2,20211210,20220111,20220107,OUT,SINGHUAT-C,8000,910028601,AK-185-MAT-28N,4,USD,77.3000 ,7.7530000 ,"2,397.23 ",,3101,MPTJ,OUT,,,
MPHK,2,20211210,20220111,20220107,OUT,SINGHUAT-C,8000,100041900,AP-86-MA-11 With Adapter,3,USD,45.0000 ,7.7530000 ,"1,046.66 ",,3101,MPTJ,OUT,,,
MPHK,2,20211210,20220111,20220107,OUT,SINGHUAT-C,8000,100044000,AP-98-MA-14 With Adapter,3,USD,48.1000 ,7.7530000 ,"1,118.76 ",,3101,MPTJ,OUT,,,
MPHK,2,20211210,20220111,20220107,OUT,SINGHUAT-C,8000,100016400,P-98-MA-15 With Adapter,1,USD,35.2000 ,7.7530000 ,272.91 ,,3101,MPTJ,OUT,,,
MPHK,2,20211210,20220111,20220107,OUT,SINGHUAT-C,8000,911708613,PE-155-MAT-18H,5,USD,55.1000 ,7.7530000 ,"2,135.95 ",,3101,MPTJ,OUT,,,
MPHK,2,20211210,20220111,20220106,OUT,HIMALAYA-C,8000,121843200,SFC-040SA2-14B-19B,1,USD,20.6000 ,7.8000000 ,160.68 ,,2301,MPJP,IN,,,
MPHK,2,20211210,20220111,20220106,OUT,HIMALAYA-C,8000,123172000,ALS-040-Y-EL,3,USD,1.8000 ,7.8000000 ,42.12 ,,2202,MPJP,IN,,,
MPHK,2,20211210,20220111,20220106,OUT,HIMALAYA-C,8000,123102400,ALS-040-R-EL,3,USD,1.8000 ,7.8000000 ,42.12 ,,2202,MPJP,IN,,,
MPHK,2,20211210,20220111,20220114,OUT,HIMALAYA-C,8000,103629900,125-20-12-A-11,3,USD,"1,169.6000 ",7.8000000 ,"27,368.64 ",,1302,MPJP,IN,,,
MPHK,2,20211214,20220111,20220103,OUT,HIMALAYA-C,8000,123150500,PSL-K-16,3,USD,10.3000 ,7.8000000 ,241.02 ,,2602,MPTJ,OUT,,,
MPHK,2,20211214,20220111,20220103,OUT,HIMALAYA-C,8000,123151200,PSL-K-22,2,USD,13.4000 ,7.8000000 ,209.04 ,,2602,MPTJ,OUT,,,
MPHK,2,20211214,20220111,20220106,OUT,HIMALAYA-C,8000,028021400,ARM-075 6-6,10,USD,13.9000 ,7.8000000 ,"1,084.20 ",,2501,MPJP,IN,,,
MPHK,2,20211215,20220111,20220125,OUT,SANKYO-C,0100,126959200,ROTOR HUB SET BXW-03-10-45,300,USD,3.4000 ,7.7530000 ,"7,908.06 ",,1201,MPJP,IN,,,
MPHK,2,20211215,20220111,20220125,OUT,SANKYO-C,0100,126959200,ROTOR HUB SET BXW-03-10-45,300,USD,3.4000 ,7.7530000 ,"7,908.06 ",,1201,MPJP,IN,,,
MPHK,2,20211215,20220111,20220125,OUT,SANKYO-C,0100,126970400,BXW-03-10-43,600,USD,23.0000 ,7.7530000 ,"106,991.40 ",,1201,MPJP,IN,,,
MPHK,2,20211216,20220111,20220721,OUT,SINGHUAT-C,8000,131481000,BXR-12-20-A-68 (previous BXR-12-20-A-61),25,USD,150.0000 ,7.7530000 ,"29,073.75 ",,1401,MPJP,IN,PLEXUS,1800,
MPHK,2,20211216,20220111,20221024,OUT,SINGHUAT-C,8000,131481000,BXR-12-20-A-68 (previous BXR-12-20-A-61),25,USD,150.0000 ,7.7530000 ,"29,073.75 ",,1401,MPJP,IN,PLEXUS,1800,
MPHK,2,20211217,20220111,20220106,OUT,HIMALAYA-C,8000,104948600,MM-14K,10,USD,41.4000 ,7.8000000 ,"3,229.20 ",,2502,MPJP,IN,PT.KARYA,0900,
MPHK,2,20211220,20220111,20220802,OUT,ELEMATEC-C,8000,125857600,"CPG-030-T001B (SLIDER)
(DWG: GT-KCP-G473)","20,000",USD,0.8200 ,7.8000000 ,"127,920.00 ",,2901,MPTJ,OUT,,,
MPHK,2,20211220,20220111,20220906,OUT,ELEMATEC-C,8000,125857600,"CPG-030-T001B (SLIDER)
(DWG: GT-KCP-G473)","30,000",USD,0.8200 ,7.8000000 ,"191,880.00 ",,2901,MPTJ,OUT,,,
MPHK,2,20211220,20220111,20221011,OUT,ELEMATEC-C,8000,125857600,"CPG-030-T001B (SLIDER)
(DWG: GT-KCP-G473)","20,000",USD,0.8200 ,7.8000000 ,"127,920.00 ",,2901,MPTJ,OUT,,,
MPHK,2,20211220,20220111,20220110,OUT,HIMALAYA-C,8000,800000091,BXL-10-10N-008-99V-19 DIN,10,USD,48.3000 ,7.8000000 ,"3,767.40 ",,1401,MPTJ,OUT,,,
MPHK,2,20211220,20220111,20220106,OUT,HIMALAYA-C,8000,071081100,AL-075,10,USD,6.0000 ,7.8000000 ,468.00 ,,2201,MPJP,IN,,,
MPHK,2,20211220,20220111,20220106,OUT,HIMALAYA-C,8000,121584100,BEM-2T 120L,10,USD,6.1000 ,7.8000000 ,475.80 ,,1901,MPJP,IN,,,
MPHK,2,20211221,20220111,20220131,OUT,SINGHUAT-C,8000,128747800,BXR-025-10LE-032,300,USD,42.1000 ,7.7530000 ,"97,920.39 ",,1201,MPJP,IN,AEM_SG,1100,
MPHK,2,20211221,20220111,20220131,OUT,SINGHUAT-C,8000,124716900,BXW-03-10L-24V-6,20,USD,23.2100 ,7.7530000 ,"3,598.94 ",,1201,MPJP,IN,HISAKA_SG,8000,
MPHK,2,20211221,20220111,20220131,OUT,SINGHUAT-C,8000,124045600,ALS-095-B-EL,10,USD,14.0000 ,7.7530000 ,"1,085.42 ",,2202,MPJP,IN,OKAMOTO_SG,1000,
MPHK,2,20211221,20220111,20220214,OUT,ONGEAR-C,8000,106801000,E41,30,USD,216.2000 ,7.8000000 ,"50,590.80 ",,3104,MPJP,IN,WU_TUNG,9000,
MPHK,2,20211221,20220111,20220214,OUT,ONGEAR-C,8000,106801100,E42,20,USD,216.2000 ,7.8000000 ,"33,727.20 ",,3104,MPJP,IN,WU_TUNG,9000,
MPHK,2,20211223,20220111,20220106,OUT,HIMALAYA-C,8000,123420300,101-16-15G 24V R30DIN A30DIN,2,USD,199.0000 ,7.8000000 ,"3,104.40 ",,1301,MPJP,IN,,,
MPHK,2,20211223,20220111,20220106,OUT,HIMALAYA-C,8000,104661400,SFS-09S-22M-24M,2,USD,92.8000 ,7.8000000 ,"1,447.68 ",,2302,MPJP,IN,,,
MPHK,2,20211223,20220111,20220106,OUT,HIMALAYA-C,8000,121468800,SFC-050DA2-12B-19B,3,USD,38.6000 ,7.8000000 ,903.24 ,,2301,MPJP,IN,,,
MPHK,2,20211223,20220111,20220106,OUT,HIMALAYA-C,8000,071085200,AL-110,2,USD,30.6000 ,7.8000000 ,477.36 ,,2201,MPJP,IN,,,
MPHK,2,20211223,20220111,20220106,OUT,HIMALAYA-C,8000,110545300,SPIDER-L-110,6,USD,3.9000 ,7.8000000 ,182.52 ,,2201,MPJP,IN,,,
MPHK,2,20211223,20220111,20220106,OUT,HIMALAYA-C,8000,110545100,SPIDER-L-090/095,10,USD,2.5000 ,7.8000000 ,195.00 ,,2201,MPJP,IN,,,
MPHK,2,20211223,20220111,20220106,OUT,HIMALAYA-C,8000,110545200,SPIDER-L-100,6,USD,2.6000 ,7.8000000 ,121.68 ,,2201,MPJP,IN,,,
MPHK,2,20211223,20220111,20220106,OUT,HIMALAYA-C,8000,110545300,SPIDER-L-110,3,USD,3.9000 ,7.8000000 ,91.26 ,,2201,MPJP,IN,,,
MPHK,2,20211223,20220111,20220110,OUT,HIMALAYA-C,8000,100042100,AP-86-MA-14 With Adapter,3,USD,50.0000 ,7.8000000 ,"1,170.00 ",,3101,MPTJ,OUT,,,
MPHK,2,20211223,20220111,20220110,OUT,HIMALAYA-C,8000,123512300,125-12-12EG,2,USD,281.5000 ,7.8000000 ,"4,391.40 ",,1302,MPTJ,OUT,,,
MPHK,2,20211223,20220111,20220110,OUT,HIMALAYA-C,8000,123512300,125-12-12EG,2,USD,281.5000 ,7.8000000 ,"4,391.40 ",,1302,MPTJ,OUT,,,
MPHK,2,20211223,20220111,20220110,OUT,SEIMITSU-C,8000,121910200,SFC-040DA2-10B-10B,20,USD,32.4000 ,7.7530000 ,"5,023.94 ",,2301,MPJP,IN,MAKINO,1000,
MPHK,2,20211224,20220111,20220106,OUT,HIMALAYA-C,8000,100031700,P-218-C-N 28MM,1,USD,218.6000 ,7.8000000 ,"1,705.08 ",,3101,MPJP,IN,,,
MPHK,2,20211228,20220111,20220113,OUT,SINGHUAT-C,8000,100099100,"PE-106-AC-12H
OLD DESCRIPTION PE-106-B-N 12",1,USD,252.3000 ,7.7530000 ,"1,956.08 ",,3101,MPJP,IN,SMK_ELECTRONICS_M,1100,
MPHK,2,20211229,20220111,20220110,OUT,HIMALAYA-C,8000,122287900,101-12-13G 24V 25 JIS,2,USD,55.7000 ,7.8000000 ,868.92 ,,1301,MPTJ,OUT,,,
MPHK,2,20211231,20220111,20220110,OUT,HIMALAYA-C,8000,110545100,SPIDER-L-090/095,4,USD,2.5000 ,7.8000000 ,78.00 ,,2201,MPTJ,OUT,,,
MPHK,2,20211231,20220111,20220110,OUT,HIMALAYA-C,8000,123002900,SFC-080DA2-30B-32B,3,USD,73.1000 ,7.8000000 ,"1,710.54 ",,2301,MPTJ,OUT,,,
MPHK,2,20220104,20220111,20220110,OUT,HIMALAYA-C,8000,125118000,SFF-070SS-24B-25B-100N,2,USD,77.8000 ,7.8000000 ,"1,213.68 ",,2302,MPJP,IN,,,
MPHK,2,20220104,20220111,20220110,OUT,HIMALAYA-C,8000,128572100,SFF-080SS-30B-35B-150N,2,USD,91.5000 ,7.8000000 ,"1,427.40 ",,2302,MPJP,IN,,,
MPHK,2,20220105,20220111,20220404,OUT,HIMALAYA-C,8000,110098900,RAK-38,30,USD,159.2000 ,7.8000000 ,"37,252.80 ",,2503,MPJP,IN,,,
MPHK,2,20220105,20220111,20220117,OUT,HIMALAYA-C,8000,121478200,SFC-040DA2-12B-19B,2,USD,27.0000 ,7.8000000 ,421.20 ,,2301,MPJP,IN,,,
MPHK,2,20220105,20220111,20220117,OUT,HIMALAYA-C,8000,122298800,111-06-13G 24V,1,USD,22.1000 ,7.8000000 ,172.38 ,,1301,MPTJ,OUT,,,
MPHK,2,20220105,20220111,20220201,OUT,SINGHUAT-C,8000,104681900,SFS-10G,1,USD,131.6000 ,7.8000000 ,"1,026.48 ",,2302,MPJP,IN,,,
MPHK,2,20220106,20220111,20220117,OUT,HIMALAYA-C,8000,121408900,SFC-030DA2-8B-12B,2,USD,22.2000 ,7.8000000 ,346.32 ,,2301,MPJP,IN,,,
MPHK,2,20220106,20220111,20220124,OUT,HIMALAYA-C,8000,103629900,125-20-12-A-11,1,USD,"1,169.6000 ",7.8000000 ,"9,122.88 ",,1302,MPJP,IN,,,
MPHK,2,20220106,20220111,20220117,OUT,HIMALAYA-C,8000,071082200,AL-095,10,USD,8.8000 ,7.8000000 ,686.40 ,,2201,MPJP,IN,,,
MPHK,2,20220106,20220111,20220117,OUT,HIMALAYA-C,8000,104691800,SFS-10S-30M-35M,2,USD,109.8000 ,7.8000000 ,"1,712.88 ",,2302,MPJP,IN,,,
MPHK,2,20220106,20220111,20220113,OUT,SINGHUAT-C,8000,121712900,SFC-060DA2-15B-24B,2,USD,46.4000 ,7.8000000 ,723.84 ,,2301,MPJP,IN,MURATA_SG,9000,
MPHK,2,20220107,20220111,20220125,OUT,SEIMITSU-C,8000,125945300,SFC-025DA2-8BH-8BH,10,USD,46.6000 ,7.8000000 ,"3,634.80 ",,2301,MPJP,IN,NUTEK,1100,
MPHK,2,20220107,20220111,20220119,OUT,SEIMITSU-C,8000,800000682,ALS-030ARN-8BHA-14BHA,36,USD,9.3000 ,7.8000000 ,"2,611.44 ",,2202,MPTJ,OUT,VISDYNAMICS,1100,
MPHK,2,20220107,20220111,20220119,OUT,SEIMITSU-C,8000,800000676,ALS-030ARN-8BHA-10BHA,11,USD,9.3000 ,7.8000000 ,797.94 ,,2202,MPTJ,OUT,,,
MPHK,2,20220107,20220111,20220119,OUT,SEIMITSU-C,8000,800000681,ALS-030ARN-6BHA-10BHA,34,USD,9.3000 ,7.8000000 ,"2,466.36 ",,2202,MPTJ,OUT,,,
MPHK,2,20220107,20220111,20220117,OUT,HIMALAYA-C,8000,100042100,AP-86-MA-14 With Adapter,2,USD,50.0000 ,7.8000000 ,780.00 ,,3101,MPTJ,OUT,,,
MPHK,2,20220107,20220111,20220228,OUT,SINGHUAT-C,8000,103629900,125-20-12-A-11,2,USD,"1,052.6000 ",7.8000000 ,"16,420.56 ",,1302,MPJP,IN,,,
MPHK,2,20220107,20220111,20220228,OUT,SINGHUAT-C,8000,123909800,BXW-03-10S-24V-8,20,USD,21.1000 ,7.8000000 ,"3,291.60 ",,1201,MPJP,IN,,,
MPHK,2,20220107,20220111,20220228,OUT,SINGHUAT-C,8000,123149600,PSL-K-8,30,USD,15.0000 ,7.8000000 ,"3,510.00 ",,2602,MPJP,IN,,,
MPHK,2,20220107,20220111,20220228,OUT,SINGHUAT-C,8000,125279300,BEH-20G,2,USD,368.9000 ,7.8000000 ,"5,754.84 ",,1901,MPJP,IN,,,
MPHK,2,20220107,20220111,20220228,OUT,SINGHUAT-C,8000,104681900,SFS-10G,5,USD,131.6000 ,7.8000000 ,"5,132.40 ",,2302,MPJP,IN,,,
MPHK,2,20220107,20220111,20220228,OUT,SINGHUAT-C,8000,071082200,AL-095,10,USD,7.9000 ,7.8000000 ,616.20 ,,2201,MPJP,IN,,,
MPHK,2,20220107,20220111,20220228,OUT,SINGHUAT-C,8000,071085200,AL-110,2,USD,27.5000 ,7.8000000 ,429.00 ,,2201,MPJP,IN,,,
MPHK,2,20220107,20220111,20220117,OUT,HIMALAYA-C,8000,911299602,P-164-MA-24 With Adapter,2,USD,113.6000 ,7.8000000 ,"1,772.16 ",,3101,MPTJ,OUT,,,
MPHK,2,20220107,20220111,20220120,OUT,SINGHUAT-C,8000,123512100,125-08-12EG,2,USD,153.3000 ,7.8000000 ,"2,391.48 ",,1302,MPTJ,OUT,,,
MPHK,2,20220107,20220111,20220120,OUT,SINGHUAT-C,8000,122287700,101-10-13G 24V 20JIS,8,USD,39.7000 ,7.8000000 ,"2,477.28 ",,1301,MPTJ,OUT,,,
MPHK,2,20220107,20220111,20220120,OUT,SINGHUAT-C,8000,123150200,PSL-K-12.7,40,USD,8.1000 ,7.8000000 ,"2,527.20 ",,2602,MPTJ,OUT,,,
MPHK,2,20220107,20220111,20220117,OUT,HIMALAYA-C,8000,123512100,125-08-12EG,10,USD,170.3000 ,7.8000000 ,"13,283.40 ",,1302,MPTJ,OUT,,,
MPHK,2,20220107,20220111,20220120,OUT,SINGHUAT-C,8000,122287700,101-10-13G 24V 20JIS,10,USD,39.7000 ,7.8000000 ,"3,096.60 ",,1301,MPTJ,OUT,PANASONIC_M,1100,
MPHK,2,20220110,20220111,20220224,OUT,SANKYO-C,0100,126970400,BXW-03-10-43,300,USD,23.0000 ,7.8000000 ,"53,820.00 ",,1201,MPJP,IN,,,
MPHK,2,20220110,20220111,20220404,OUT,ELEMATEC-C,8000,126455600,BXW-03-10MP-90V,120,USD,24.9000 ,7.8000000 ,"23,306.40 ",,1201,MPTW,OUT,,,
MPHK,2,20220110,20220111,20220404,OUT,ELEMATEC-C,8000,126455700,BXW-04-10MP-03-45V,60,USD,25.2000 ,7.8000000 ,"11,793.60 ",,1201,MPTW,OUT,,,
MPHK,2,20220110,20220111,20220211,OUT,SINGHUAT-C,8000,800000222,111-10-11N 24V 20 JIS,300,USD,31.9000 ,7.8000000 ,"74,646.00 ",,1301,MPTJ,OUT,NUTEK,1100,
MPHK,1,20220111,20220111,20220201,OUT,HIMALAYA-C,8000,110545100,SPIDER-L-090/095,10,USD,2.5000 ,7.8000000 ,195.00 ,,2201,MPJP,IN,,,
