20.10.2021,1,2401531,SFF-080SS-25B-35BS-200N,10302,1,2302,01.09.2021,43.3,92.4,30367,KTB Import-Export,43.3,92.4,D,80,MPEU,2,2021-11-16
10.11.2021,50,2401534,SFS-05S,10250,50,2302,01.09.2021,11.6,23.28,30210,Bianchi Industrial SpA,580,1164,A,80,MPEU,2,2021-11-16
12.01.2022,50,2401534,SFS-05S,10250,50,2302,01.09.2021,11.6,23.28,30210,Bianchi Industrial SpA,580,1164,A,80,MPEU,2,2021-11-16
27.10.2021,3,2401541,101-12-11G 24V R24DIN A30JIS,60101,3,1301,02.09.2021,47.1,89.79,30214,Coroll s.r.o.,141.3,269.37,A,80,MPEU,2,2021-11-16
28.09.2021,0,2401541,111-12-12G 24V 30JIS,70101,3,1301,02.09.2021,69.4,101.86,30214,Coroll s.r.o.,208.2,305.58,A,80,MPEU,2,2021-11-16
26.11.2021,1,2401542,547-24-2-1,90903,1,1501,02.09.2021,1840,1840,30325,Miki Pulley Co. Ltd.,1840,1840,D,98,MPEU,2,2021-11-16
19.11.2021,10,2401543,ASK S 070 BB 37H7/38H7 AL SL=464,11370,10,9909,02.09.2021,150.9,282.15,21357,Beijing AGIE CHARMILLES,1509,2821.5,D,09,MPEU,2,2021-11-16
04.05.2022,1000,2401544,BFK457-02 / 24V / 0.5Nm,90912,1000,1401,02.09.2021,10.96,12.01,30778,Kendrion INTORQ GmbH,10960,12008.33,D,80,MPEU,2,2021-11-16
04.05.2022,500,2401545,BFK457-05 / 24V / 2.0Nm,90912,500,1401,02.09.2021,15.32,16.78,30778,Kendrion INTORQ GmbH,7660,8387.5,D,80,MPEU,2,2021-11-16
27.10.2021,2,2401548,101-10-13G 24V 25DIN,60101,2,1301,03.09.2021,45,70.5,30209,Apex Dynamics Polska Sp. z o.o.,90,141,A,80,MPEU,2,2021-11-16
20.10.2021,3,2401554,BXR-035-10LE-062 24V,20201,3,1201,06.09.2021,28.1,77.31,30836,K.K.K.99 Kft.,84.3,231.93,D,02,MPEU,2,2021-11-16
20.10.2021,3,2401554,BXR-035/040-10LE-C12 Nabe,20280,3,1201,06.09.2021,16.42,12.49,30836,K.K.K.99 Kft.,49.26,37.47,D,02,MPEU,2,2021-11-16
20.10.2021,1,2401554,BXR-06-20-005-24V-20DIN,20101,1,1401,06.09.2021,37.8,83.6,30836,K.K.K.99 Kft.,37.8,83.6,D,02,MPEU,2,2021-11-16
20.10.2021,1,2401554,Versandkosten inkl. Verpackung,99999,1,9999,06.09.2021,0,25,30836,K.K.K.99 Kft.,0,25,D,02,MPEU,2,2021-11-16
10.11.2021,20,2401556,BXW-04-10H-24V,20380,20,1201,06.09.2021,12.57,22.74,30210,Bianchi Industrial SpA,251.4,454.8,A,80,MPEU,2,2021-11-16
10.11.2021,20,2401556,BXW-04-10 10 Nabe mit Passfedernut,20381,20,1201,06.09.2021,0.9,2.78,30210,Bianchi Industrial SpA,18,55.6,A,80,MPEU,2,2021-11-16
03.11.2021,1,2401557,SFC-060DA2-22B-32B,10101,1,2301,06.09.2021,23.56,53.1,30210,Bianchi Industrial SpA,23.56,53.1,A,80,MPEU,2,2021-11-16
10.11.2021,30,2401562,SFF-080SS-22K-35K-200N,10303,30,2302,07.09.2021,37.8,67.34,30211,Feyc Rodamientos S.A,1134,2020.2,A,80,MPEU,2,2021-11-16
22.10.2021,50,2401562,BXH-10-10G-24V-19DIN,20501,50,1401,07.09.2021,37.4,65.16,30211,Feyc Rodamientos S.A,1870,3258,A,80,MPEU,2,2021-11-16
06.10.2021,0,2401562,SFC-080DA2-24B-28B,10101,16,2301,07.09.2021,43.09,70.23,30211,Feyc Rodamientos S.A,689.44,1123.68,A,80,MPEU,2,2021-11-16
24.11.2021,40,2401572,ASK 022 BB 5H7/8H7 AL,11301,40,9909,08.09.2021,8.7,26.68,21946,Heidelberg Postpress Deutschland GmbH,348,1067.2,D,16,MPEU,2,2021-11-16
02.05.2022,40,2401572,ASK 022 BB 5H7/8H7 AL,11301,40,9909,08.09.2021,8.7,26.68,21946,Heidelberg Postpress Deutschland GmbH,348,1067.2,D,16,MPEU,2,2021-11-16
24.11.2021,1,2401580,ALS-020 Vorgebohrt,10781,1,2202,09.09.2021,56,79.6,30210,Bianchi Industrial SpA,56,79.6,A,80,MPEU,2,2021-11-16
10.11.2021,60,2401580,ALS-020-Y-EL,10720,60,2202,09.09.2021,0.9,1.41,30210,Bianchi Industrial SpA,54,84.6,A,80,MPEU,2,2021-11-16
24.11.2021,1,2401580,ALS-020-6B Klemmnabe,10781,1,2202,09.09.2021,96,175.6,30210,Bianchi Industrial SpA,96,175.6,A,80,MPEU,2,2021-11-16
10.11.2021,1,2401580,ALS-030-R-EL-P,10720,1,2202,09.09.2021,100,140,30210,Bianchi Industrial SpA,100,140,A,80,MPEU,2,2021-11-16
24.11.2021,4,2401580,ALS-030-9.525B Klemmnabe,10781,4,2202,09.09.2021,34,51.7,30210,Bianchi Industrial SpA,136,206.8,A,80,MPEU,2,2021-11-16
10.11.2021,6,2401580,ALS-030-12B Klemmnabe,10781,6,2202,09.09.2021,34,51.7,30210,Bianchi Industrial SpA,204,310.2,A,80,MPEU,2,2021-11-16
24.11.2021,3,2401580,ALS-040-14B Klemmnabe,10781,3,2202,09.09.2021,35,95.9,30210,Bianchi Industrial SpA,105,287.7,A,80,MPEU,2,2021-11-16
24.11.2021,1,2401580,ALS-040-20B Klemmnabe,10781,1,2202,09.09.2021,35,95.9,30210,Bianchi Industrial SpA,35,95.9,A,80,MPEU,2,2021-11-16
24.11.2021,2,2401580,ALS-055 Vorgebohrt,10781,2,2202,09.09.2021,29,71.8,30210,Bianchi Industrial SpA,58,143.6,A,80,MPEU,2,2021-11-16
10.11.2021,1,2401580,ALS-055-R-EL-P,10720,1,2202,09.09.2021,190,309,30210,Bianchi Industrial SpA,190,309,A,80,MPEU,2,2021-11-16
24.11.2021,1,2401580,ALS-055-14B Klemmnabe,10781,1,2202,09.09.2021,61,133.5,30210,Bianchi Industrial SpA,61,133.5,A,80,MPEU,2,2021-11-16
24.11.2021,2,2401580,ALS-055-16B Klemmnabe,10781,2,2202,09.09.2021,61,133.5,30210,Bianchi Industrial SpA,122,267,A,80,MPEU,2,2021-11-16
24.11.2021,1,2401580,ALS-055-20B Klemmnabe,10781,1,2202,09.09.2021,61,133.5,30210,Bianchi Industrial SpA,61,133.5,A,80,MPEU,2,2021-11-16
24.11.2021,2,2401580,ALS-055-24B Klemmnabe,10781,2,2202,09.09.2021,61,133.5,30210,Bianchi Industrial SpA,122,267,A,80,MPEU,2,2021-11-16
24.11.2021,2,2401580,ALS-055-25B Klemmnabe,10781,2,2202,09.09.2021,61,133.5,30210,Bianchi Industrial SpA,122,267,A,80,MPEU,2,2021-11-16
24.11.2021,1,2401580,ALS-065 Vorgebohrt,10781,1,2202,09.09.2021,46,102.3,30210,Bianchi Industrial SpA,46,102.3,A,80,MPEU,2,2021-11-16
24.11.2021,7,2401580,ALS-080 Vorgebohrt,10781,7,2202,09.09.2021,59.2,150.88,30210,Bianchi Industrial SpA,414.4,1056.16,A,80,MPEU,2,2021-11-16
24.11.2021,1,2401580,ALS-080-R-EL-P,10720,1,2202,09.09.2021,116,220.4,30210,Bianchi Industrial SpA,116,220.4,A,80,MPEU,2,2021-11-16
10.11.2021,1,2401580,ALS-080-40B Klemmnabe,10781,1,2202,09.09.2021,131.2,208.14,30210,Bianchi Industrial SpA,131.2,208.14,A,80,MPEU,2,2021-11-16
24.11.2021,5,2401580,ALS-095-R,10750,5,2202,09.09.2021,33.2,63.5,30210,Bianchi Industrial SpA,166,317.5,A,80,MPEU,2,2021-11-16
24.11.2021,8,2401580,AL-050,10850,8,2201,09.09.2021,1.6,8.5,30210,Bianchi Industrial SpA,12.8,68,A,80,MPEU,2,2021-11-16
24.11.2021,10,2401580,SFC-060DA2-24B-24B,10101,10,2301,09.09.2021,22.96,51.51,30210,Bianchi Industrial SpA,229.6,515.1,A,80,MPEU,2,2021-11-16
24.11.2021,1,2401580,ALS-065-25B Klemmnabe,10781,1,2202,09.09.2021,78,174.4,30210,Bianchi Industrial SpA,78,174.4,A,80,MPEU,2,2021-11-16
08.12.2021,10,2401594,SFM-100SS-T014N,10470,10,2302,13.09.2021,300,462,30310,Yamazaki Mazak UK Ltd.,3000,4620,D,10,MPEU,2,2021-11-16
12.01.2022,10,2401596,SFM-100SS-T014N,10470,10,2302,13.09.2021,300,462,30310,Yamazaki Mazak UK Ltd.,3000,4620,D,10,MPEU,2,2021-11-16
01.11.2021,5,2401598,KSK 2 AA 6H7/10H7,11401,5,9909,13.09.2021,8.27,17,21020,Fibro GmbH,41.35,85,D,90,MPEU,2,2021-11-16
20.10.2021,5,2401604,Ankerteil Type4 546-12-34 NF - STAN FULL WFN,90903,5,1501,13.09.2021,66.3,65,30325,Miki Pulley Co. Ltd.,331.5,325,D,98,MPEU,2,2021-11-16
10.11.2021,4,2401604,Ankerteil Type4 546-13-34 NS - STAN SING,90903,4,1501,13.09.2021,89.6,87.8,30325,Miki Pulley Co. Ltd.,358.4,351.2,D,98,MPEU,2,2021-11-16
20.10.2021,3,2401604,Ankerteil Type4 546-13-34 RS - SAW R SING,90903,3,1501,13.09.2021,117.9,115.5,30325,Miki Pulley Co. Ltd.,353.7,346.5,D,98,MPEU,2,2021-11-16
20.10.2021,2,2401604,Ankerteil Type4 546-25-34 NS - STAN SING,90903,2,1501,13.09.2021,167.4,164.1,30325,Miki Pulley Co. Ltd.,334.8,328.2,D,98,MPEU,2,2021-11-16
10.11.2021,2,2401604,Ankerteil Type4 546-31-34 NS - STAN SING,90903,2,1501,13.09.2021,326.1,319.7,30325,Miki Pulley Co. Ltd.,652.2,639.4,D,98,MPEU,2,2021-11-16
20.10.2021,15,2401604,Stator 546-12-34 24V,90903,15,1501,13.09.2021,45.4,44.5,30325,Miki Pulley Co. Ltd.,681,667.5,D,98,MPEU,2,2021-11-16
20.10.2021,80,2401604,Stator 546-23-34 24V,90903,80,1501,13.09.2021,92.8,90.9,30325,Miki Pulley Co. Ltd.,7424,7272,D,98,MPEU,2,2021-11-16
10.11.2021,17,2401604,Stator 546-25-34 24V,90903,17,1501,13.09.2021,112.1,109.9,30325,Miki Pulley Co. Ltd.,1905.7,1868.3,D,98,MPEU,2,2021-11-16
20.10.2021,30,2401604,Stop Ring SW55 23,90903,30,1501,13.09.2021,0.5,0.5,30325,Miki Pulley Co. Ltd.,15,15,D,98,MPEU,2,2021-11-16
20.10.2021,20,2401604,Stop Ring SW70 25,90903,20,1501,13.09.2021,0.5,0.5,30325,Miki Pulley Co. Ltd.,10,10,D,98,MPEU,2,2021-11-16
20.10.2021,10,2401604,Stop Ring SW85 31,90903,10,1501,13.09.2021,0.5,0.5,30325,Miki Pulley Co. Ltd.,5,5,D,98,MPEU,2,2021-11-16
20.10.2021,20,2401604,Ankerteil Type4 546-15-34 LS - SAW L SING,90903,20,1501,13.09.2021,96.6,94.7,30325,Miki Pulley Co. Ltd.,1932,1894,D,98,MPEU,2,2021-11-16
20.10.2021,30,2401604,Ankerteil Type4 546-21-34 NF - STAN FULL WFN,90903,30,1501,13.09.2021,81.3,79.7,30325,Miki Pulley Co. Ltd.,2439,2391,D,98,MPEU,2,2021-11-16
20.10.2021,1,2401604,546-31-15-A-5,90903,1,1501,13.09.2021,685,671.5,30325,Miki Pulley Co. Ltd.,685,671.5,D,98,MPEU,2,2021-11-16
10.11.2021,15,2401604,Rotor 546-12-34 NF 10mm - STAN FULL WFN,90903,15,1501,13.09.2021,36.9,36.1,30325,Miki Pulley Co. Ltd.,553.5,541.5,D,98,MPEU,2,2021-11-16
10.11.2021,8,2401604,Rotor 546-12-34 NF 12mm - STAN FULL WFN,90903,8,1501,13.09.2021,42.3,41.4,30325,Miki Pulley Co. Ltd.,338.4,331.2,D,98,MPEU,2,2021-11-16
10.11.2021,2,2401604,Rotor 546-13-34 LS 15mm,90903,2,1501,13.09.2021,56.8,55.6,30325,Miki Pulley Co. Ltd.,113.6,111.2,D,98,MPEU,2,2021-11-16
10.11.2021,5,2401604,Rotor 546-13-34 NF 17mm - STAN FULL WFN,90903,5,1501,13.09.2021,49.4,48.4,30325,Miki Pulley Co. Ltd.,247,242,D,98,MPEU,2,2021-11-16
10.11.2021,4,2401604,Rotor 546-13-34 NS 15mm,90903,4,1501,13.09.2021,60.1,58.9,30325,Miki Pulley Co. Ltd.,240.4,235.6,D,98,MPEU,2,2021-11-16
10.11.2021,3,2401604,Rotor 546-13-34 RS 15mm,90903,3,1501,13.09.2021,74.1,72.6,30325,Miki Pulley Co. Ltd.,222.3,217.8,D,98,MPEU,2,2021-11-16
10.11.2021,5,2401604,Rotor 546-15-34 LS 20mm,90903,5,1501,13.09.2021,69.3,67.9,30325,Miki Pulley Co. Ltd.,346.5,339.5,D,98,MPEU,2,2021-11-16
10.11.2021,6,2401604,Rotor 546-15-34 LS 25mm,90903,6,1501,13.09.2021,69.3,67.9,30325,Miki Pulley Co. Ltd.,415.8,407.4,D,98,MPEU,2,2021-11-16
10.11.2021,3,2401604,Rotor 546-15-34 RS 25mm,90903,3,1501,13.09.2021,69.3,67.9,30325,Miki Pulley Co. Ltd.,207.9,203.7,D,98,MPEU,2,2021-11-16
20.10.2021,2,2401604,Rotor 546-21-34 NS 25mm,90903,2,1501,13.09.2021,80.3,78.7,30325,Miki Pulley Co. Ltd.,160.6,157.4,D,98,MPEU,2,2021-11-16
10.11.2021,20,2401604,Rotor 546-21-34 RS 25mm,90903,20,1501,13.09.2021,77.4,75.8,30325,Miki Pulley Co. Ltd.,1548,1516,D,98,MPEU,2,2021-11-16
10.11.2021,8,2401604,Rotor 546-23-34 NF 30mm - STAN FULL WFN,90903,8,1501,13.09.2021,103.1,101,30325,Miki Pulley Co. Ltd.,824.8,808,D,98,MPEU,2,2021-11-16
20.10.2021,2,2401604,Rotor 546-23-34 RS 30mm,90903,2,1501,13.09.2021,136,133.3,30325,Miki Pulley Co. Ltd.,272,266.6,D,98,MPEU,2,2021-11-16
20.10.2021,8,2401604,Rotor 546-25-34 NF 40mm - STAN FULL WFN,90903,8,1501,13.09.2021,191.1,187.3,30325,Miki Pulley Co. Ltd.,1528.8,1498.4,D,98,MPEU,2,2021-11-16
20.10.2021,1,2401604,Rotor 546-25-34 NS 40mm,90903,1,1501,13.09.2021,137.4,134.7,30325,Miki Pulley Co. Ltd.,137.4,134.7,D,98,MPEU,2,2021-11-16
10.11.2021,2,2401604,Rotor 546-31-34 LF 60mm,90903,2,1501,13.09.2021,245.5,240.6,30325,Miki Pulley Co. Ltd.,491,481.2,D,98,MPEU,2,2021-11-16
10.11.2021,2,2401604,Rotor 546-31-34 NS 50mm,90903,2,1501,13.09.2021,235.5,230.8,30325,Miki Pulley Co. Ltd.,471,461.6,D,98,MPEU,2,2021-11-16
29.11.2021,40,2401605,Ankerteil Type4 546-12-34 NF - STAN FULL WFN,90903,40,1501,13.09.2021,66.3,65,30325,Miki Pulley Co. Ltd.,2652,2600,D,98,MPEU,2,2021-11-16
29.11.2021,2,2401605,Ankerteil Type4 546-13-34 LS - SAW L SING,90903,2,1501,13.09.2021,94.9,93,30325,Miki Pulley Co. Ltd.,189.8,186,D,98,MPEU,2,2021-11-16
29.11.2021,40,2401605,Stator 546-12-34 24V,90903,40,1501,13.09.2021,45.4,44.5,30325,Miki Pulley Co. Ltd.,1816,1780,D,98,MPEU,2,2021-11-16
29.11.2021,3,2401605,Stator 546-25-34 24V,90903,3,1501,13.09.2021,112.1,109.9,30325,Miki Pulley Co. Ltd.,336.3,329.7,D,98,MPEU,2,2021-11-16
29.11.2021,12,2401605,Stator 546-32-34 24V,90903,12,1501,13.09.2021,240.3,235.5,30325,Miki Pulley Co. Ltd.,2883.6,2826,D,98,MPEU,2,2021-11-16
29.11.2021,10,2401605,Stop Ring A100X3V 32,90903,10,1501,13.09.2021,1.8,1.75,30325,Miki Pulley Co. Ltd.,18,17.5,D,98,MPEU,2,2021-11-16
29.11.2021,50,2401605,Stop Ring SW20 12,90903,50,1501,13.09.2021,0.16,0.16,30325,Miki Pulley Co. Ltd.,8,8,D,98,MPEU,2,2021-11-16
29.11.2021,30,2401605,Stop Ring SW55 23,90903,30,1501,13.09.2021,0.5,0.5,30325,Miki Pulley Co. Ltd.,15,15,D,98,MPEU,2,2021-11-16
29.11.2021,7,2401605,Stop Ring SW70 25,90903,7,1501,13.09.2021,0.5,0.5,30325,Miki Pulley Co. Ltd.,3.5,3.5,D,98,MPEU,2,2021-11-16
29.11.2021,7,2401605,Stop Ring SW85 31,90903,7,1501,13.09.2021,0.5,0.5,30325,Miki Pulley Co. Ltd.,3.5,3.5,D,98,MPEU,2,2021-11-16
29.11.2021,5,2401605,Ankerteil Type4 546-15-34 LS - SAW L SING,90903,5,1501,13.09.2021,96.6,94.7,30325,Miki Pulley Co. Ltd.,483,473.5,D,98,MPEU,2,2021-11-16
29.11.2021,30,2401605,Ankerteil Type4 546-15-34 RS - SAW R SING,90903,30,1501,13.09.2021,96.6,94.7,30325,Miki Pulley Co. Ltd.,2898,2841,D,98,MPEU,2,2021-11-16
29.11.2021,5,2401605,Ankerteil Type4 546-21-34 NF - STAN FULL WFN,90903,5,1501,13.09.2021,81.3,79.7,30325,Miki Pulley Co. Ltd.,406.5,398.5,D,98,MPEU,2,2021-11-16
29.11.2021,40,2401605,Ankerteil Type4 546-23-34 NF - STAN FULL WFN,90903,40,1501,13.09.2021,117.9,115.5,30325,Miki Pulley Co. Ltd.,4716,4620,D,98,MPEU,2,2021-11-16
29.11.2021,10,2401605,Ankerteil Type4 546-25-34 NF - STAN FULL WFN,90903,10,1501,13.09.2021,137,134.3,30325,Miki Pulley Co. Ltd.,1370,1343,D,98,MPEU,2,2021-11-16
29.11.2021,10,2401605,Ankerteil Type4 546-31-34 NF - STAN FULL,90903,10,1501,13.09.2021,204.5,200.4,30325,Miki Pulley Co. Ltd.,2045,2004,D,98,MPEU,2,2021-11-16
29.11.2021,60,2401605,Stator 546-13-34 24V,90903,60,1501,13.09.2021,46.6,45.6,30325,Miki Pulley Co. Ltd.,2796,2736,D,98,MPEU,2,2021-11-16
29.11.2021,60,2401605,Stator 546-13-34 24V,90903,60,1501,13.09.2021,46.6,45.6,30325,Miki Pulley Co. Ltd.,2796,2736,D,98,MPEU,2,2021-11-16
29.11.2021,2,2401605,546-31-15-A-5,90903,2,1501,13.09.2021,685,671.5,30325,Miki Pulley Co. Ltd.,1370,1343,D,98,MPEU,2,2021-11-16
29.11.2021,35,2401605,Rotor 546-12-34 NF 10mm - STAN FULL WFN,90903,35,1501,13.09.2021,36.9,36.1,30325,Miki Pulley Co. Ltd.,1291.5,1263.5,D,98,MPEU,2,2021-11-16
29.11.2021,15,2401605,Rotor 546-12-34 NF 12mm - STAN FULL WFN,90903,15,1501,13.09.2021,42.3,41.4,30325,Miki Pulley Co. Ltd.,634.5,621,D,98,MPEU,2,2021-11-16
29.11.2021,10,2401605,Rotor 546-15-34 LS 20mm,90903,10,1501,13.09.2021,69.3,67.9,30325,Miki Pulley Co. Ltd.,693,679,D,98,MPEU,2,2021-11-16
29.11.2021,7,2401605,Rotor 546-15-34 LS 25mm,90903,7,1501,13.09.2021,69.3,67.9,30325,Miki Pulley Co. Ltd.,485.1,475.3,D,98,MPEU,2,2021-11-16
29.11.2021,2,2401605,Rotor 546-15-34 NS 25mm,90903,2,1501,13.09.2021,68.8,67.4,30325,Miki Pulley Co. Ltd.,137.6,134.8,D,98,MPEU,2,2021-11-16
29.11.2021,5,2401605,Rotor 546-15-34 RS 25mm,90903,5,1501,13.09.2021,69.3,67.9,30325,Miki Pulley Co. Ltd.,346.5,339.5,D,98,MPEU,2,2021-11-16
29.11.2021,40,2401605,Rotor 546-21-34 NF 25mm - STAN FULL WFN,90903,40,1501,13.09.2021,61.6,60.3,30325,Miki Pulley Co. Ltd.,2464,2412,D,98,MPEU,2,2021-11-16
29.11.2021,7,2401605,Rotor 546-21-34 RS 25mm,90903,7,1501,13.09.2021,77.4,75.8,30325,Miki Pulley Co. Ltd.,541.8,530.6,D,98,MPEU,2,2021-11-16
29.11.2021,8,2401605,Rotor 546-25-34 NF 40mm - STAN FULL WFN,90903,8,1501,13.09.2021,191.1,187.3,30325,Miki Pulley Co. Ltd.,1528.8,1498.4,D,98,MPEU,2,2021-11-16
26.11.2021,15,2401606,Nabe BFK458-12/14MM Pilotbohrung,90902,15,1302,13.09.2021,12.05,12.05,30325,Miki Pulley Co. Ltd.,180.75,90.37,D,98,MPEU,2,2021-11-16
26.11.2021,7,2401606,Flansch BFK458-10,90902,7,1302,13.09.2021,32.46,32.46,30325,Miki Pulley Co. Ltd.,227.22,113.61,D,98,MPEU,2,2021-11-16
26.11.2021,1,2401606,Handlﾃｼftung BFK458-18,90902,1,1302,13.09.2021,52.34,52.34,30325,Miki Pulley Co. Ltd.,52.34,26.17,D,98,MPEU,2,2021-11-16
26.11.2021,4,2401606,Flansch BFK458-16,90902,4,1302,13.09.2021,61.09,61.09,30325,Miki Pulley Co. Ltd.,244.36,122.18,D,98,MPEU,2,2021-11-16
26.11.2021,6,2401606,Stator komplett BFK458-20-24V,90902,6,1302,13.09.2021,572.27,572.27,30325,Miki Pulley Co. Ltd.,3433.62,1716.81,D,98,MPEU,2,2021-11-16
26.11.2021,4,2401606,Handlﾃｼftung BFK458-20,90902,4,1302,13.09.2021,64.54,64.54,30325,Miki Pulley Co. Ltd.,258.16,129.08,D,98,MPEU,2,2021-11-16
26.11.2021,7,2401606,Dichtung BFK458-20,90902,7,1302,13.09.2021,26.36,26.36,30325,Miki Pulley Co. Ltd.,184.52,92.26,D,98,MPEU,2,2021-11-16
26.11.2021,9,2401606,Nabe BFK458-20/25MM Pilotbohrung,90902,9,1302,13.09.2021,57.64,57.64,30325,Miki Pulley Co. Ltd.,518.76,259.38,D,98,MPEU,2,2021-11-16
26.11.2021,2,2401606,Stator komplett BFK458-12-96V,90902,2,1302,13.09.2021,135.69,135.69,30325,Miki Pulley Co. Ltd.,271.38,135.69,D,98,MPEU,2,2021-11-16
26.11.2021,2,2401606,Stator komplett BFK458-16-96V,90902,2,1302,13.09.2021,267.25,267.25,30325,Miki Pulley Co. Ltd.,534.5,267.25,D,98,MPEU,2,2021-11-16
23.11.2021,20,2401607,BFK457-16 kompakt,90902,20,1302,13.09.2021,208.42,208.42,30325,Miki Pulley Co. Ltd.,4168.4,2084.2,D,98,MPEU,2,2021-11-16
23.11.2021,40,2401607,458-16E 100NM 30DIN DC42V,90902,40,1302,13.09.2021,162.66,162.66,30325,Miki Pulley Co. Ltd.,6506.4,6506.4,D,98,MPEU,2,2021-11-16
23.11.2021,100,2401607,Set Schrauben BFK458-14/16 M8X70,90902,100,1302,13.09.2021,5.45,5.45,30325,Miki Pulley Co. Ltd.,545,272.5,D,98,MPEU,2,2021-11-16
23.11.2021,10,2401607,Stator komplett BFK458-14-42V,90902,10,1302,13.09.2021,197.69,197.69,30325,Miki Pulley Co. Ltd.,1976.9,988.45,D,98,MPEU,2,2021-11-16
23.11.2021,10,2401607,Stator komplett BFK458-16E 42V 80Nm,90902,10,1302,13.09.2021,267.25,267.25,30325,Miki Pulley Co. Ltd.,2672.5,1336.25,D,98,MPEU,2,2021-11-16
23.11.2021,50,2401607,Set Schrauben BFK458-16 M8X80,90902,50,1302,13.09.2021,5.66,5.66,30325,Miki Pulley Co. Ltd.,283,141.5,D,98,MPEU,2,2021-11-16
23.11.2021,10,2401607,Rotor komplett BFK458-16 ALG,90902,10,1302,13.09.2021,87.73,87.73,30325,Miki Pulley Co. Ltd.,877.3,438.65,D,98,MPEU,2,2021-11-16
23.11.2021,50,2401607,Set Schrauben BFK458-18 M8X80,90902,50,1302,13.09.2021,12.09,12.09,30325,Miki Pulley Co. Ltd.,604.5,302.25,D,98,MPEU,2,2021-11-16
23.11.2021,10,2401607,Stator komplett BFK458-18-24V,90902,10,1302,13.09.2021,414.2,414.2,30325,Miki Pulley Co. Ltd.,4142,2071,D,98,MPEU,2,2021-11-16
23.11.2021,10,2401607,Flansch BFK458-18,90902,10,1302,13.09.2021,69.97,69.97,30325,Miki Pulley Co. Ltd.,699.7,349.85,D,98,MPEU,2,2021-11-16
23.11.2021,10,2401607,Rotor BFK458-18-AL,90902,10,1302,13.09.2021,89.94,89.94,30325,Miki Pulley Co. Ltd.,899.4,449.7,D,98,MPEU,2,2021-11-16
23.11.2021,15,2401607,Stator komplett BFK458-06E 24V 4.0Nm,90902,15,1302,13.09.2021,58.82,58.82,30325,Miki Pulley Co. Ltd.,882.3,441.15,D,98,MPEU,2,2021-11-16
23.11.2021,15,2401607,Nabe BFK458-12/14MM Pilotbohrung,90902,15,1302,13.09.2021,12.05,12.05,30325,Miki Pulley Co. Ltd.,180.75,90.37,D,98,MPEU,2,2021-11-16
23.11.2021,10,2401607,Dichtung BFK458-12,90902,10,1302,13.09.2021,6.89,6.89,30325,Miki Pulley Co. Ltd.,68.9,34.45,D,98,MPEU,2,2021-11-16
23.11.2021,1,2401607,Flansch BFK458-12,90902,1,1302,13.09.2021,41.08,41.08,30325,Miki Pulley Co. Ltd.,41.08,20.54,D,98,MPEU,2,2021-11-16
23.11.2021,20,2401607,Set Schrauben BFK458-10/12 M6X55,90902,20,1302,13.09.2021,3.18,3.18,30325,Miki Pulley Co. Ltd.,63.6,31.8,D,98,MPEU,2,2021-11-16
23.11.2021,10,2401607,Rotor BFK458-12-AL,90902,10,1302,13.09.2021,33.79,33.79,30325,Miki Pulley Co. Ltd.,337.9,168.95,D,98,MPEU,2,2021-11-16
23.11.2021,1,2401607,Stator komplett BFK458-10-24V,90902,1,1302,13.09.2021,100.3,100.3,30325,Miki Pulley Co. Ltd.,100.3,50.15,D,98,MPEU,2,2021-11-16
23.11.2021,20,2401607,Nabe BFK458-08/10/10MM Pilotbohrung,90902,20,1302,13.09.2021,8.34,8.34,30325,Miki Pulley Co. Ltd.,166.8,83.4,D,98,MPEU,2,2021-11-16
23.11.2021,5,2401607,Handlﾃｼftung BFK458-18,90902,5,1302,13.09.2021,52.34,52.34,30325,Miki Pulley Co. Ltd.,261.7,130.85,D,98,MPEU,2,2021-11-16
23.11.2021,1,2401607,Stator komplett BFK458-12-96V,90902,1,1302,13.09.2021,135.69,135.69,30325,Miki Pulley Co. Ltd.,135.69,67.84,D,98,MPEU,2,2021-11-16
27.10.2021,25,2401612,SSE SW 04 25H7 VA,40101,25,9909,14.09.2021,33,39.95,21232,SN Maschinenbau GmbH,825,998.75,D,19,MPEU,2,2021-11-16
27.10.2021,4,2401613,SFC-100DA2-32B-40B,10101,4,2301,14.09.2021,64.2,127,30210,Bianchi Industrial SpA,256.8,508,A,80,MPEU,2,2021-11-16
08.12.2021,25,2401615,BXR-035-10LE-A-36,20270,25,1201,14.09.2021,45,104.89,30249,SENSODRIVE GmbH,1125,2622.25,D,90,MPEU,2,2021-11-16
08.12.2021,25,2401615,BXR-035-10LE-A-36,20270,25,1201,14.09.2021,45,104.89,30249,SENSODRIVE GmbH,1125,2622.25,D,90,MPEU,2,2021-11-16
10.11.2021,3,2401616,ASK S 070 BB 30H7/30H7 VA,11370,3,9909,14.09.2021,65.5,182.5,30496,VMTT Industry Service Co. LTD.,196.5,547.5,D,90,MPEU,2,2021-11-16
03.11.2021,1,2401622,SFS-09S 20M-24M,10201,1,2302,15.09.2021,35.8,82.7,30209,Apex Dynamics Polska Sp. z o.o.,35.8,82.7,A,80,MPEU,2,2021-11-16
16.12.2021,10,2401624,BXW-03-10L-24V,20380,10,1201,15.09.2021,11.13,34.91,30372,Schleuniger AG,111.3,349.1,D,11,MPEU,2,2021-11-16
16.12.2021,10,2401624,BXW-03-10 8 Nabe,20381,10,1201,15.09.2021,0.73,2.1,30372,Schleuniger AG,7.3,21,D,11,MPEU,2,2021-11-16
27.10.2021,500,2401625,SFS-10S Membranpaket,10202,500,2302,15.09.2021,5.1,14.61,30351,Maschinenfabrik Mﾃｶnninghoff GmbH & Co. KG,2550,7305,D,80,MPEU,2,2021-11-16
13.10.2021,0,2401625,SFC-040SA2-M-10B-11B,90913,2,2301,15.09.2021,15.33,15.68,30351,Maschinenfabrik Mﾃｶnninghoff GmbH & Co. KG,30.66,31.36,D,80,MPEU,2,2021-11-16
13.10.2021,0,2401625,SFC-050SA2-M-18B-18B,90913,2,2301,15.09.2021,22.16,24.8,30351,Maschinenfabrik Mﾃｶnninghoff GmbH & Co. KG,44.32,49.6,D,80,MPEU,2,2021-11-16
27.10.2021,1500,2401625,M6x25 IS 5 Schwarz 12.9 SFS-06S,90913,1500,2302,15.09.2021,0.35,0.36,30351,Maschinenfabrik Mﾃｶnninghoff GmbH & Co. KG,525,540,D,80,MPEU,2,2021-11-16
01.12.2021,3000,2401625,AL-075 T2 Nabe,90913,3000,2201,15.09.2021,2.22,2.27,30351,Maschinenfabrik Mﾃｶnninghoff GmbH & Co. KG,6660,6810,D,80,MPEU,2,2021-11-16
24.11.2021,2700,2401625,AL Spider L-075,10820,2700,2201,15.09.2021,0.4,0.46,30351,Maschinenfabrik Mﾃｶnninghoff GmbH & Co. KG,1080,1242,D,80,MPEU,2,2021-11-16
31.12.2021,300,2401630,DKWN-08-18,90904,300,2502,15.09.2021,11.67,11.44,30325,Miki Pulley Co. Ltd.,3501,3430.56,D,98,MPEU,2,2021-11-16
14.10.2021,31,2401630,MM-19K,90904,100,2502,15.09.2021,24.44,23.22,30325,Miki Pulley Co. Ltd.,2444,2322.22,D,98,MPEU,2,2021-11-16
14.10.2021,0,2401630,DKWN-18-35,90904,50,2502,15.09.2021,18.7,18.7,30325,Miki Pulley Co. Ltd.,935,935.19,D,98,MPEU,2,2021-11-16
14.10.2021,50,2401630,DKWN-16-32,90904,50,2502,15.09.2021,17.5,17.5,30325,Miki Pulley Co. Ltd.,875,875,D,98,MPEU,2,2021-11-16
21.10.2021,80,2401630,DKWN-40-65,90904,80,2502,15.09.2021,43.06,43.06,30325,Miki Pulley Co. Ltd.,3444.8,3444.44,D,98,MPEU,2,2021-11-16
14.10.2021,50,2401630,DKWN-22-40,90904,50,2502,15.09.2021,22.78,22.78,30325,Miki Pulley Co. Ltd.,1139,1138.89,D,98,MPEU,2,2021-11-16
14.10.2021,0,2401630,DKWN-06-16,90904,113,2502,15.09.2021,11.11,10.89,30325,Miki Pulley Co. Ltd.,1255.43,1230.44,D,98,MPEU,2,2021-11-16
19.11.2021,87,2401630,DKWN-06-16,90904,87,2502,15.09.2021,11.11,10.89,30325,Miki Pulley Co. Ltd.,966.57,947.33,D,98,MPEU,2,2021-11-16
14.10.2021,0,2401630,MF-16K,90904,30,2502,15.09.2021,30.83,30.83,30325,Miki Pulley Co. Ltd.,924.9,925,D,98,MPEU,2,2021-11-16
14.10.2021,20,2401630,DKWN-17-35,90904,20,2502,15.09.2021,18.7,18.7,30325,Miki Pulley Co. Ltd.,374,374.07,D,98,MPEU,2,2021-11-16
14.10.2021,0,2401630,LM-35x14x04,90904,20,2502,15.09.2021,8.61,8.61,30325,Miki Pulley Co. Ltd.,172.2,172.22,D,98,MPEU,2,2021-11-16
14.10.2021,30,2401630,MM-6K Niro,90904,30,2502,15.09.2021,16.84,16.85,30325,Miki Pulley Co. Ltd.,505.2,505.56,D,98,MPEU,2,2021-11-16
14.10.2021,0,2401630,MF-25K,90904,10,2502,15.09.2021,59.26,59.26,30325,Miki Pulley Co. Ltd.,592.6,592.59,D,98,MPEU,2,2021-11-16
21.10.2021,500,2401630,MM-6K,90904,500,2502,15.09.2021,9.91,8.72,30325,Miki Pulley Co. Ltd.,4955,4361.11,D,98,MPEU,2,2021-11-16
11.11.2021,500,2401630,MM-14K,90904,500,2502,15.09.2021,18.61,16.38,30325,Miki Pulley Co. Ltd.,9305,8189.81,D,98,MPEU,2,2021-11-16
14.10.2021,250,2401630,ZG-35x16x03,90904,250,2502,15.09.2021,4.91,4.44,30325,Miki Pulley Co. Ltd.,1227.5,1111.11,D,98,MPEU,2,2021-11-16
11.11.2021,20,2401630,MM-20K,90904,20,2502,15.09.2021,30.28,30.28,30325,Miki Pulley Co. Ltd.,605.6,605.56,D,98,MPEU,2,2021-11-16
14.10.2021,30,2401630,DKWN-42-75,90904,30,2502,15.09.2021,49.07,49.07,30325,Miki Pulley Co. Ltd.,1472.1,1472.22,D,98,MPEU,2,2021-11-16
22.03.2022,2500,2401632,Flﾃｼgel 20x11x3; Mat. 100Cr6 gehﾃ､rtet,90801,2500,9909,16.09.2021,0.32,0.64,30364,HYDAC Cooling GmbH,800,1600,D,08,MPEU,2,2021-11-16
28.10.2021,16,2401633,BXR-035-10LE-062 24V,20201,16,1201,16.09.2021,28.1,77.31,31049,FILICS GmbH,449.6,1236.96,D,12,MPEU,2,2021-11-16
28.10.2021,23,2401633,BXR-035/040-10LE-C8 Nabe Filics,20270,23,1201,16.09.2021,13.81,21.5,31049,FILICS GmbH,317.63,494.5,D,12,MPEU,2,2021-11-16
20.10.2021,1,2401635,122-16-20G,40401,1,1302,16.09.2021,394.7,1912.01,31008,Neaustima UAB,394.7,1912.01,D,90,MPEU,2,2021-11-16
20.10.2021,1,2401635,Versandkosten inkl. Verpackung,99999,1,9999,16.09.2021,0,210,31008,Neaustima UAB,0,210,D,90,MPEU,2,2021-11-16
27.10.2021,2,2401636,CPU-26-A-8B-12B,11201,2,2901,16.09.2021,20.2,37.2,30209,Apex Dynamics Polska Sp. z o.o.,40.4,74.4,A,80,MPEU,2,2021-11-16
20.10.2021,16,2401637,SFC-050DA2-16BJ-19BJ,10110,16,2301,16.09.2021,27.72,49.25,30203,Orbit Antriebstechnik GmbH,443.52,788,A,80,MPEU,2,2021-11-16
27.10.2021,2,2401638,AL-050 12H-12H,10801,2,2201,16.09.2021,10.4,26.5,30209,Apex Dynamics Polska Sp. z o.o.,20.8,53,A,80,MPEU,2,2021-11-16
27.10.2021,1,2401642,125-10-12EG,40401,1,1302,17.09.2021,197.1,337.53,30211,Feyc Rodamientos S.A,197.1,337.53,A,80,MPEU,2,2021-11-16
22.09.2021,0,2401642,SFC-060DA2-19B-19B,10101,2,2301,17.09.2021,22.96,53.1,30211,Feyc Rodamientos S.A,45.92,106.2,A,80,MPEU,2,2021-11-16
22.09.2021,0,2401642,SFC-040DA2-15B-16B,10101,1,2301,17.09.2021,15.92,28.9,30211,Feyc Rodamientos S.A,15.92,28.9,A,80,MPEU,2,2021-11-16
10.11.2021,2,2401643,101-10-13G 24V 25DIN,60101,2,1301,17.09.2021,45,70.5,30209,Apex Dynamics Polska Sp. z o.o.,90,141,A,80,MPEU,2,2021-11-16
11.05.2022,800,2401644,BFK457-02 / 6 Nabe,90912,800,1401,17.09.2021,0.65,0.7,30778,Kendrion INTORQ GmbH,520,560,D,80,MPEU,2,2021-11-16
03.01.2022,3,2401645,MCS12L20-RS0B0,90901,3,9909,17.09.2021,704.19,704.19,30325,Miki Pulley Co. Ltd.,2112.57,2112.57,D,98,MPEU,2,2021-11-16
10.11.2021,200,2401649,BXR-035-10LE-A-4,20270,200,1201,20.09.2021,26,50.55,30383,Georgii Kobold GmbH & Co. KG.,5200,10110,D,14,MPEU,2,2021-11-16
27.10.2021,1,2401650,STK-S-30-GT-VA-N,11570,1,9909,20.09.2021,61.47,125.34,21041,RB Solutions GmbH & Co. KG,61.47,125.34,D,80,MPEU,2,2021-11-16
27.10.2021,1,2401650,ASK S1 070 BBH 32H7/32H7 VA,11370,1,9909,20.09.2021,88.26,364,21041,RB Solutions GmbH & Co. KG,88.26,364,D,80,MPEU,2,2021-11-16
07.12.2021,3,2401650,ASK S 100 BB 30H7/30H7 VA,11370,3,9909,20.09.2021,124.92,286,21041,RB Solutions GmbH & Co. KG,374.76,858,D,80,MPEU,2,2021-11-16
15.12.2021,3,2401651,ASK S 070 BB 30H7/30H7 VA,11370,3,9909,20.09.2021,65.5,117.15,21041,RB Solutions GmbH & Co. KG,196.5,351.45,D,80,MPEU,2,2021-11-16
10.11.2021,20000,2401652,Flﾃｼgel 15x11x3; Mat. 100Cr6 gehﾃ､rtet,90801,20000,9909,20.09.2021,0.27,0.39,30364,HYDAC Cooling GmbH,5400,7800,D,08,MPEU,2,2021-11-16
10.11.2021,4,2401653,BXR-06-10-005-24V-20DIN,20101,4,1401,20.09.2021,30.9,69,30777,B. Ketterer Sﾃｶhne GmbH & Co. KG,123.6,276,D,90,MPEU,2,2021-11-16
11.10.2021,0,2401653,BEM-24ESN12-120N,50102,4,1901,20.09.2021,6.1,24.3,30777,B. Ketterer Sﾃｶhne GmbH & Co. KG,24.4,97.2,D,90,MPEU,2,2021-11-16
01.12.2021,100,2401654,CYT-03-33B 24V 6,60501,100,1101,20.09.2021,9,18.94,30210,Bianchi Industrial SpA,900,1894,A,80,MPEU,2,2021-11-16
01.12.2021,100,2401654,112-03-11 24V 6DIN,70201,100,1101,20.09.2021,11.3,15.99,30210,Bianchi Industrial SpA,1130,1599,A,80,MPEU,2,2021-11-16
27.10.2021,1,2401655,ALS-040-R-EL-P,10720,1,2202,20.09.2021,100,159,30210,Bianchi Industrial SpA,100,159,A,80,MPEU,2,2021-11-16
17.11.2021,280,2401658,KSK S 2 AA 4H7/5H7,11470,280,9909,21.09.2021,9.45,22.7,21127,ancosys GmbH,2646,6356,D,15,MPEU,2,2021-11-16
27.10.2021,26,2401659,BXR-12-10-030-24V-24DIN,20101,26,1401,21.09.2021,48.8,101.9,30214,Coroll s.r.o.,1268.8,2649.4,A,80,MPEU,2,2021-11-16
03.11.2021,10,2401661,ALS-040-8B Klemmnabe,10781,10,2202,21.09.2021,35,55,30264,POLYMAK Muehendislik Ic ve Dis Ticaret-AHMET ﾃ?MAK,350,550,A,80,MPEU,2,2021-11-16
03.11.2021,50,2401661,ALS-040-R-EL,10720,50,2202,21.09.2021,1.1,1.76,30264,POLYMAK Muehendislik Ic ve Dis Ticaret-AHMET ﾃ?MAK,55,88,A,80,MPEU,2,2021-11-16
03.11.2021,4,2401661,ALS-055-10B Klemmnabe,10781,4,2202,21.09.2021,61,80,30264,POLYMAK Muehendislik Ic ve Dis Ticaret-AHMET ﾃ?MAK,244,320,A,80,MPEU,2,2021-11-16
03.11.2021,20,2401661,ALS-055-R-EL,10720,20,2202,21.09.2021,2,2.86,30264,POLYMAK Muehendislik Ic ve Dis Ticaret-AHMET ﾃ?MAK,40,57.2,A,80,MPEU,2,2021-11-16
03.11.2021,100,2401661,SFC-030DA2-5B-5B T065,10170,100,2301,21.09.2021,13.2,12.72,30264,POLYMAK Muehendislik Ic ve Dis Ticaret-AHMET ﾃ?MAK,1320,1272,A,80,MPEU,2,2021-11-16
03.11.2021,100,2401661,SFC-035DA2-6B-6B,10101,100,2301,21.09.2021,14.02,14.42,30264,POLYMAK Muehendislik Ic ve Dis Ticaret-AHMET ﾃ?MAK,1402,1442,A,80,MPEU,2,2021-11-16
03.11.2021,200,2401661,SFC-040DA2-8B-8B T099,10170,200,2301,21.09.2021,12.1,15.64,30264,POLYMAK Muehendislik Ic ve Dis Ticaret-AHMET ﾃ?MAK,2420,3128,A,80,MPEU,2,2021-11-16
03.11.2021,70,2401661,SFC-050DA2-10B-10B T183,10170,70,2301,21.09.2021,15,19.67,30264,POLYMAK Muehendislik Ic ve Dis Ticaret-AHMET ﾃ?MAK,1050,1376.9,A,80,MPEU,2,2021-11-16
03.11.2021,80,2401661,SFC-080DA2-18B-18B,10101,80,2301,21.09.2021,41.39,47,30264,POLYMAK Muehendislik Ic ve Dis Ticaret-AHMET ﾃ?MAK,3311.2,3760,A,80,MPEU,2,2021-11-16
24.11.2021,74,2401666,CS-08-33G 24V 15DIN,60301,74,1301,22.09.2021,32.6,89.72,30350,Tectoma Lda.,2412.4,6639.28,D,80,MPEU,2,2021-11-16
09.12.2021,2100,2401669,Rotor BG 63; gesintert; AD=48; ID=14; B=15,90801,2100,9909,23.09.2021,1.06,1.69,30364,HYDAC Cooling GmbH,2226,3549,D,08,MPEU,2,2021-11-16
27.10.2021,3,2401672,SFC-090DA2-32B-32B,10101,3,2301,23.09.2021,57.3,98.5,30203,Orbit Antriebstechnik GmbH,171.9,295.5,A,80,MPEU,2,2021-11-16
24.11.2021,1,2401674,101-25-15-A-43,60101,1,1301,23.09.2021,225.1,885.54,30252,SEFI S.A.S.,225.1,885.54,D,80,MPEU,2,2021-11-16
24.11.2021,1,2401674,111-25-12-A-21,70101,1,1301,23.09.2021,156.8,708.81,30252,SEFI S.A.S.,156.8,708.81,D,80,MPEU,2,2021-11-16
24.11.2021,1,2401674,Versandkosten inkl. Verpackung,99999,1,9999,23.09.2021,0,180,30252,SEFI S.A.S.,0,180,D,80,MPEU,2,2021-11-16
24.11.2021,30,2401679,ASK S 012 AA 3H7/3H7 AL,11370,30,9909,27.09.2021,19.31,44.16,31056,MeKo Manufacturing e.K.,579.3,1324.8,D,90,MPEU,2,2021-11-16
08.12.2021,5,2401681,ALS-055-14B Klemmnabe,10781,5,2202,27.09.2021,61,133.5,30210,Bianchi Industrial SpA,305,667.5,A,80,MPEU,2,2021-11-16
08.12.2021,3,2401681,ALS-055-22B Klemmnabe,10781,3,2202,27.09.2021,61,133.5,30210,Bianchi Industrial SpA,183,400.5,A,80,MPEU,2,2021-11-16
10.11.2021,2,2401682,SFS-12W 40H-45H,10201,2,2302,27.09.2021,90.7,197.6,30210,Bianchi Industrial SpA,181.4,395.2,A,80,MPEU,2,2021-11-16
30.11.2021,5,2401683,ASK 070 BB 30H7/32H7 AL,11301,5,9909,27.09.2021,41.3,119,21004,Hﾃｶrauf Maschinenfabrik GmbH & Co. KG,206.5,595,D,10,MPEU,2,2021-11-16
27.10.2021,2,2401685,SFC-025DA2-10B-12B,10101,2,2301,27.09.2021,14.3,34.22,30225,Dor Drives Systems 2020 Ltd.,28.6,68.44,D,80,MPEU,2,2021-11-16
27.10.2021,4,2401685,SFC-020DA2-9B-9.525B,10101,4,2301,27.09.2021,18.66,28.63,30225,Dor Drives Systems 2020 Ltd.,74.64,114.52,D,80,MPEU,2,2021-11-16
15.11.2021,15,2401691,SFC-030DA2-6B-16B,10101,15,2301,27.09.2021,18.42,21.44,30206,Ammertech B.V.,276.3,321.6,A,80,MPEU,2,2021-11-16
08.12.2021,100,2401700,ALS-065-G-EL,10720,100,2202,29.09.2021,2.14,3.99,30210,Bianchi Industrial SpA,214,399,A,80,MPEU,2,2021-11-16
08.12.2021,7,2401700,ALS-065-35B Klemmnabe,10781,7,2202,29.09.2021,78,174.4,30210,Bianchi Industrial SpA,546,1220.8,A,80,MPEU,2,2021-11-16
18.05.2022,500,2401703,BFK457-04 / 24V / 1.0Nm,90912,500,1401,29.09.2021,13.69,14.57,30778,Kendrion INTORQ GmbH,6845,7283.33,D,80,MPEU,2,2021-11-16
27.10.2021,2000,2401704,AL-050 T2 Nabe,90913,2000,2201,29.09.2021,1.04,1.06,30351,Maschinenfabrik Mﾃｶnninghoff GmbH & Co. KG,2080,2120,D,80,MPEU,2,2021-11-16
27.10.2021,150,2401704,AL-110 T2 Nabe,90913,150,2201,29.09.2021,11.76,12.03,30351,Maschinenfabrik Mﾃｶnninghoff GmbH & Co. KG,1764,1804.5,D,80,MPEU,2,2021-11-16
10.11.2021,50,2401704,SFC-030DA2-M-10B-10B,90913,50,2301,29.09.2021,15.86,16.22,30351,Maschinenfabrik Mﾃｶnninghoff GmbH & Co. KG,793,811,D,80,MPEU,2,2021-11-16
10.11.2021,80,2401704,SFC-035DA2-M-12B-15B,90913,80,2301,29.09.2021,17.96,18.37,30351,Maschinenfabrik Mﾃｶnninghoff GmbH & Co. KG,1436.8,1469.6,D,80,MPEU,2,2021-11-16
27.10.2021,6,2401704,SFC-030SA2-M-8B-11B,90913,6,2301,29.09.2021,12.71,13,30351,Maschinenfabrik Mﾃｶnninghoff GmbH & Co. KG,76.26,78,D,80,MPEU,2,2021-11-16
27.10.2021,10,2401704,SFC-050DA2-M-14B-19B,90913,10,2301,29.09.2021,31.92,32.65,30351,Maschinenfabrik Mﾃｶnninghoff GmbH & Co. KG,319.2,326.5,D,80,MPEU,2,2021-11-16
27.10.2021,10,2401704,SFC-035DA2-M-9B-15B,90913,10,2301,29.09.2021,17.96,18.37,30351,Maschinenfabrik Mﾃｶnninghoff GmbH & Co. KG,179.6,183.7,D,80,MPEU,2,2021-11-16
26.10.2021,5,2401707,KSK S1 2 BC 6H7/10h6 VA,11470,5,9909,30.09.2021,79.84,117,21793,HA-CO GmbH,399.2,585,A,80,MPEU,2,2021-11-16
09.11.2021,4,2401709,14.800.10.11.1 24V 19MM HT80,90902,4,1302,30.09.2021,830.01,830.01,30325,Miki Pulley Co. Ltd.,3320.04,1660.02,D,98,MPEU,2,2021-11-16
27.10.2021,1,2401711,SFC-025SA2-6B-14B,10101,1,2301,30.09.2021,9.3,18.4,30386,HA-CO GmbH,9.3,18.4,A,80,MPEU,2,2021-11-16
30.11.2021,4,2401712,ASK S1 040 BB 12.5G7/12.5G7 TI,11370,4,9909,30.09.2021,328,518,30987,Upwing Energy Inc.,1312,2072,D,21,MPEU,2,2021-11-16
30.11.2021,8,2401712,ASK S1 040 BB 15.7G7/15.7G7 TI,11370,8,9909,30.09.2021,328,518,30987,Upwing Energy Inc.,2624,4144,D,21,MPEU,2,2021-11-16
11.01.2022,4,2401713,SSE NB 05 30H7 ST,40101,4,9909,30.09.2021,30,49,31058,Mﾃｶllers Packaging Technology GmbH,120,196,D,19,MPEU,2,2021-11-16
24.11.2021,5,2401715,ALS-030-14B Klemmnabe,10781,5,2202,01.10.2021,34,51.7,30210,Bianchi Industrial SpA,170,258.5,A,80,MPEU,2,2021-11-16
12.01.2022,5,2401715,ALS-030-14B Klemmnabe,10781,5,2202,01.10.2021,34,51.7,30210,Bianchi Industrial SpA,170,258.5,A,80,MPEU,2,2021-11-16
10.11.2021,2,2401716,101-08-13G 24V 15DIN,60101,2,1301,01.10.2021,23.3,56.04,30953,ehle-industrietechnik-gmbh,46.6,112.08,A,80,MPEU,2,2021-11-16
09.11.2021,1,2401720,14.105.25.3.3 24V 40,90902,1,1302,01.10.2021,1156.91,1156.91,30325,Miki Pulley Co. Ltd.,1156.91,578.45,D,98,MPEU,2,2021-11-16
03.11.2021,40,2401721,Set Schrauben BFK458-06 M4X35,90902,40,1302,01.10.2021,2.51,2.51,30325,Miki Pulley Co. Ltd.,100.4,50.2,D,98,MPEU,2,2021-11-16
02.11.2021,100,2401722,DKWN-42-75,90904,100,2502,01.10.2021,49.07,49.07,30325,Miki Pulley Co. Ltd.,4907,4907.41,D,98,MPEU,2,2021-11-16
04.05.2022,400,2401723,BFK457-04 / 205V / 1.0Nm,90912,400,1401,04.10.2021,13.69,14.57,30778,Kendrion INTORQ GmbH,5476,5826.67,D,80,MPEU,2,2021-11-16
01.06.2022,2000,2401730,BFK457-04 / 24V / 2.0Nm,90912,2000,1401,04.10.2021,13.69,14.57,30778,Kendrion INTORQ GmbH,27380,29133.33,D,80,MPEU,2,2021-11-16
01.06.2022,500,2401731,BFK457-05 / 24V / 4.0Nm,90912,500,1401,04.10.2021,15.32,16.78,30778,Kendrion INTORQ GmbH,7660,8387.5,D,80,MPEU,2,2021-11-16
15.11.2021,2,2401732,ASK 050 BB 16H7/22H7 AL,11301,2,9909,04.10.2021,19.46,74,30435,Bausch + Strﾃｶbel,38.92,148,D,19,MPEU,2,2021-11-16
24.11.2021,3,2401734,102-03-31 24V R6 A6DIN,60201,3,1101,05.10.2021,12.9,31.78,31059,Universitﾃ､t Tﾃｼbingen,38.7,95.34,D,99,MPEU,2,2021-11-16
20.10.2021,2,2401737,ALS-040-R-14B-14B,10702,2,2202,05.10.2021,17.88,28.63,21936,Misumi Europa GmbH,35.76,57.26,D,80,MPEU,2,2021-11-16
01.12.2021,20,2401738,SFC-030DA2-6B-16B,10101,20,2301,05.10.2021,18.42,21.44,30206,Ammertech B.V.,368.4,428.8,A,80,MPEU,2,2021-11-16
08.11.2021,1,2401739,ASK 020 BB 5H7/6H7 AL,11301,1,9909,05.10.2021,19.91,17,30319,Prud'homme Transmissions,19.91,17,A,80,MPEU,2,2021-11-16
10.11.2021,1,2401740,MM-25K,11750,1,2502,05.10.2021,59.5,80.25,30436,ABSSAC Limited,59.5,80.25,A,80,MPEU,2,2021-11-16
01.06.2022,200,2401741,BFK457-05 / 205V / 4.0Nm,90912,200,1401,05.10.2021,15.32,16.78,30778,Kendrion INTORQ GmbH,3064,3355,D,80,MPEU,2,2021-11-16
10.11.2021,2,2401742,STF-029SA1-8B-11B,10601,2,2701,05.10.2021,20.6,35.25,30738,Rubix GmbH,41.2,70.5,D,80,MPEU,2,2021-11-16
12.01.2022,10,2401744,SFM-100SS-T014N,10470,10,2302,05.10.2021,300,462,30310,Yamazaki Mazak UK Ltd.,3000,4620,D,10,MPEU,2,2021-11-16
08.12.2021,200,2401746,BXR-035-10LE-A-4,20270,200,1201,06.10.2021,26,50.55,30383,Georgii Kobold GmbH & Co. KG.,5200,10110,D,14,MPEU,2,2021-11-16
01.06.2022,1000,2401748,BFK457-03 / 24V / 1.0Nm,90912,1000,1401,06.10.2021,12.78,13.61,30778,Kendrion INTORQ GmbH,12780,13608.33,D,80,MPEU,2,2021-11-16
17.11.2021,1,2401749,111-12-13G 24V,70101,1,1301,06.10.2021,33.6,122.76,30713,Skanditrans Grupp Oﾃ,33.6,122.76,D,80,MPEU,2,2021-11-16
17.11.2021,1,2401749,Versandkosten inkl. Verpackung,99999,1,9999,06.10.2021,0,29,30713,Skanditrans Grupp Oﾃ,0,29,D,80,MPEU,2,2021-11-16
01.06.2022,500,2401750,BFK457-03 / 24V / 0.5Nm,90912,500,1401,06.10.2021,12.78,13.61,30778,Kendrion INTORQ GmbH,6390,6804.17,D,80,MPEU,2,2021-11-16
03.11.2021,1,2401751,6P52C 40BC-40BC,80101,1,3104,06.10.2021,666,578.1,30602,MKD Maschinen und Fahrzeugteile,666,578.1,A,80,MPEU,2,2021-11-16
01.06.2022,1000,2401752,BFK457-02 / 24V / 0.5Nm,90912,1000,1401,06.10.2021,10.96,12.01,30778,Kendrion INTORQ GmbH,10960,12008.33,D,80,MPEU,2,2021-11-16
09.11.2021,3,2401754,14.800.10.11.1 24V 19MM HT80,90902,3,1302,06.10.2021,830.01,830.01,30325,Miki Pulley Co. Ltd.,2490.03,1245.01,D,98,MPEU,2,2021-11-16
09.11.2021,2,2401754,14.800.12.11.1 24V 24MM HT100,90902,2,1302,06.10.2021,1136.48,1136.48,30325,Miki Pulley Co. Ltd.,2272.96,1136.48,D,98,MPEU,2,2021-11-16
12.10.2021,0,2401757,ASK 060 BB 15H7/15H7 ST,11302,10,9909,07.10.2021,31.48,88,30319,Prud'homme Transmissions,314.8,880,A,80,MPEU,2,2021-11-16
30.11.2021,10,2401757,ASK 060 BB 15H7/15H7 ST,11302,10,9909,07.10.2021,31.48,88,30319,Prud'homme Transmissions,314.8,880,A,80,MPEU,2,2021-11-16
16.11.2021,5,2401758,ASK S 070 BB 37H7/38H7 AL SL=560,11370,5,9909,07.10.2021,145.9,316.9,21016,AGIE Charmilles SA,729.5,1584.5,D,09,MPEU,2,2021-11-16
11.01.2022,5,2401758,ASK S 070 BB 37H7/38H7 AL SL=560,11370,5,9909,07.10.2021,145.9,316.9,21016,AGIE Charmilles SA,729.5,1584.5,D,09,MPEU,2,2021-11-16
10.11.2021,6,2401761,102-03-11 24V R6DIN A6DIN,60201,6,1101,07.10.2021,15,32.52,30920,SUPPLY SERVIS s.r.o.,90,195.12,D,80,MPEU,2,2021-11-16
10.11.2021,1,2401761,Versandkosten inkl. Verpackung,99999,1,9999,07.10.2021,0,29,30920,SUPPLY SERVIS s.r.o.,0,29,D,80,MPEU,2,2021-11-16
10.11.2021,2,2401770,Rotor 546-15-34 LS 20mm,90903,2,1501,08.10.2021,69.3,67.9,30325,Miki Pulley Co. Ltd.,138.6,135.8,D,98,MPEU,2,2021-11-16
10.11.2021,6,2401770,Rotor 546-21-34 RS 25mm,90903,6,1501,08.10.2021,77.4,75.8,30325,Miki Pulley Co. Ltd.,464.4,454.8,D,98,MPEU,2,2021-11-16
10.11.2021,65,2401770,Stator 546-13-34 24V,90903,65,1501,08.10.2021,46.6,45.6,30325,Miki Pulley Co. Ltd.,3029,2964,D,98,MPEU,2,2021-11-16
20.10.2021,4,2401770,Stator 546-31-34 24V,90903,4,1501,08.10.2021,172.9,169.5,30325,Miki Pulley Co. Ltd.,691.6,678,D,98,MPEU,2,2021-11-16
20.10.2021,1,2401770,Ankerteil Type4 546-13-34 RS - SAW R SING,90903,1,1501,08.10.2021,117.9,115.5,30325,Miki Pulley Co. Ltd.,117.9,115.5,D,98,MPEU,2,2021-11-16
10.11.2021,1,2401770,Ankerteil Type4 546-32-34 NS - STAN SING,90903,1,1501,08.10.2021,308,301.9,30325,Miki Pulley Co. Ltd.,308,301.9,D,98,MPEU,2,2021-11-16
10.11.2021,11,2401770,Rotor 546-12-34 NF 10mm - STAN FULL WFN,90903,11,1501,08.10.2021,36.9,36.1,30325,Miki Pulley Co. Ltd.,405.9,397.1,D,98,MPEU,2,2021-11-16
10.11.2021,100,2401770,Rotor 546-21-34 NF 25mm - STAN FULL WFN,90903,100,1501,08.10.2021,61.6,60.3,30325,Miki Pulley Co. Ltd.,6160,6030,D,98,MPEU,2,2021-11-16
10.11.2021,5,2401770,Rotor 546-25-34 NF 40mm - STAN FULL WFN,90903,5,1501,08.10.2021,191.1,187.3,30325,Miki Pulley Co. Ltd.,955.5,936.5,D,98,MPEU,2,2021-11-16
10.11.2021,1,2401770,Rotor 546-25-34 NF 50mm - STAN FULL WFN,90903,1,1501,08.10.2021,191.1,187.3,30325,Miki Pulley Co. Ltd.,191.1,187.3,D,98,MPEU,2,2021-11-16
10.11.2021,60,2401770,Ankerteil Type4 546-21-34 NF - STAN FULL WFN,90903,60,1501,08.10.2021,81.3,79.7,30325,Miki Pulley Co. Ltd.,4878,4782,D,98,MPEU,2,2021-11-16
10.11.2021,20,2401770,Ankerteil Type4 546-23-34 NF - STAN FULL WFN,90903,20,1501,08.10.2021,117.9,115.5,30325,Miki Pulley Co. Ltd.,2358,2310,D,98,MPEU,2,2021-11-16
10.11.2021,16,2401770,Stator 546-13-34 24V,90903,16,1501,08.10.2021,46.6,45.6,30325,Miki Pulley Co. Ltd.,745.6,729.6,D,98,MPEU,2,2021-11-16
15.12.2021,2,2401771,Rotor 546-13-34 RS 15mm,90903,2,1501,08.10.2021,74.1,72.6,30325,Miki Pulley Co. Ltd.,148.2,145.2,D,98,MPEU,2,2021-11-16
15.12.2021,30,2401771,Rotor 546-15-34 LS 20mm,90903,30,1501,08.10.2021,69.3,67.9,30325,Miki Pulley Co. Ltd.,2079,2037,D,98,MPEU,2,2021-11-16
15.12.2021,1,2401771,Rotor 546-21-34 RS 25mm,90903,1,1501,08.10.2021,77.4,75.8,30325,Miki Pulley Co. Ltd.,77.4,75.8,D,98,MPEU,2,2021-11-16
15.12.2021,1,2401771,Rotor 546-31-34 LF 60mm,90903,1,1501,08.10.2021,245.5,240.6,30325,Miki Pulley Co. Ltd.,245.5,240.6,D,98,MPEU,2,2021-11-16
15.12.2021,50,2401771,Stator 546-12-34 24V,90903,50,1501,08.10.2021,45.4,44.5,30325,Miki Pulley Co. Ltd.,2270,2225,D,98,MPEU,2,2021-11-16
15.12.2021,80,2401771,Stator 546-13-34 24V,90903,80,1501,08.10.2021,46.6,45.6,30325,Miki Pulley Co. Ltd.,3728,3648,D,98,MPEU,2,2021-11-16
15.12.2021,15,2401771,Stator 546-25-34 24V,90903,15,1501,08.10.2021,112.1,109.9,30325,Miki Pulley Co. Ltd.,1681.5,1648.5,D,98,MPEU,2,2021-11-16
15.12.2021,25,2401771,Stator 546-31-34 24V,90903,25,1501,08.10.2021,172.9,169.5,30325,Miki Pulley Co. Ltd.,4322.5,4237.5,D,98,MPEU,2,2021-11-16
15.12.2021,5,2401771,Stator 546-32-34 24V,90903,5,1501,08.10.2021,240.3,235.5,30325,Miki Pulley Co. Ltd.,1201.5,1177.5,D,98,MPEU,2,2021-11-16
15.12.2021,5,2401771,Ankerteil Type4 546-13-34 RS - SAW R SING,90903,5,1501,08.10.2021,117.9,115.5,30325,Miki Pulley Co. Ltd.,589.5,577.5,D,98,MPEU,2,2021-11-16
15.12.2021,20,2401771,Ankerteil Type4 546-15-34 NS - STAN SING,90903,20,1501,08.10.2021,85.6,83.9,30325,Miki Pulley Co. Ltd.,1712,1678,D,98,MPEU,2,2021-11-16
15.12.2021,3,2401771,Ankerteil Type4 546-31-34 LF - SAW L FULL,90903,3,1501,08.10.2021,339.8,333.1,30325,Miki Pulley Co. Ltd.,1019.4,999.3,D,98,MPEU,2,2021-11-16
15.12.2021,50,2401771,Stop Ring SW20 12,90903,50,1501,08.10.2021,0.16,0.16,30325,Miki Pulley Co. Ltd.,8,8,D,98,MPEU,2,2021-11-16
15.12.2021,50,2401771,Stop Ring SW55 23,90903,50,1501,08.10.2021,0.5,0.5,30325,Miki Pulley Co. Ltd.,25,25,D,98,MPEU,2,2021-11-16
15.12.2021,20,2401771,Stop Ring SW70 25,90903,20,1501,08.10.2021,0.5,0.5,30325,Miki Pulley Co. Ltd.,10,10,D,98,MPEU,2,2021-11-16
15.12.2021,20,2401771,Stop Ring SW85 31,90903,20,1501,08.10.2021,0.5,0.5,30325,Miki Pulley Co. Ltd.,10,10,D,98,MPEU,2,2021-11-16
15.12.2021,40,2401771,Rotor 546-12-34 NF 10mm - STAN FULL WFN,90903,40,1501,08.10.2021,36.9,36.1,30325,Miki Pulley Co. Ltd.,1476,1444,D,98,MPEU,2,2021-11-16
15.12.2021,30,2401771,Rotor 546-21-34 NF 25mm - STAN FULL WFN,90903,30,1501,08.10.2021,61.6,60.3,30325,Miki Pulley Co. Ltd.,1848,1809,D,98,MPEU,2,2021-11-16
15.12.2021,20,2401771,Rotor 546-23-34 NF 30mm - STAN FULL WFN,90903,20,1501,08.10.2021,103.1,101,30325,Miki Pulley Co. Ltd.,2062,2020,D,98,MPEU,2,2021-11-16
15.12.2021,15,2401771,Rotor 546-23-34 NF 40mm - STAN FULL WFN,90903,15,1501,08.10.2021,103.1,101,30325,Miki Pulley Co. Ltd.,1546.5,1515,D,98,MPEU,2,2021-11-16
15.12.2021,10,2401771,Rotor 546-25-34 NF 40mm - STAN FULL WFN,90903,10,1501,08.10.2021,191.1,187.3,30325,Miki Pulley Co. Ltd.,1911,1873,D,98,MPEU,2,2021-11-16
15.12.2021,10,2401771,Rotor 546-25-34 NF 50mm - STAN FULL WFN,90903,10,1501,08.10.2021,191.1,187.3,30325,Miki Pulley Co. Ltd.,1911,1873,D,98,MPEU,2,2021-11-16
15.12.2021,50,2401771,Ankerteil Type4 546-12-34 NF - STAN FULL WFN,90903,50,1501,08.10.2021,66.3,65,30325,Miki Pulley Co. Ltd.,3315,3250,D,98,MPEU,2,2021-11-16
15.12.2021,60,2401771,Ankerteil Type4 546-13-34 NF - STAN FULL WFN,90903,60,1501,08.10.2021,70.1,68.7,30325,Miki Pulley Co. Ltd.,4206,4122,D,98,MPEU,2,2021-11-16
15.12.2021,30,2401771,Rotor 546-13-34 NF 17mm - STAN FULL WFN,90903,30,1501,08.10.2021,49.4,48.4,30325,Miki Pulley Co. Ltd.,1482,1452,D,98,MPEU,2,2021-11-16
15.12.2021,30,2401771,Ankerteil Type4 546-15-34 LS - SAW L SING,90903,30,1501,08.10.2021,96.6,94.7,30325,Miki Pulley Co. Ltd.,2898,2841,D,98,MPEU,2,2021-11-16
15.12.2021,80,2401771,Ankerteil Type4 546-21-34 NF - STAN FULL WFN,90903,80,1501,08.10.2021,81.3,79.7,30325,Miki Pulley Co. Ltd.,6504,6376,D,98,MPEU,2,2021-11-16
15.12.2021,30,2401771,Ankerteil Type4 546-23-34 NF - STAN FULL WFN,90903,30,1501,08.10.2021,117.9,115.5,30325,Miki Pulley Co. Ltd.,3537,3465,D,98,MPEU,2,2021-11-16
15.12.2021,15,2401771,Ankerteil Type4 546-25-34 NF - STAN FULL WFN,90903,15,1501,08.10.2021,137,134.3,30325,Miki Pulley Co. Ltd.,2055,2014.5,D,98,MPEU,2,2021-11-16
15.12.2021,10,2401771,Ankerteil Type4 546-31-34 NF - STAN FULL,90903,10,1501,08.10.2021,204.5,200.4,30325,Miki Pulley Co. Ltd.,2045,2004,D,98,MPEU,2,2021-11-16
24.11.2021,4,2401773,ASK 020 BB 6H7/6.35H7 AL,11301,4,9909,11.10.2021,9,24,21101,Sﾃｼss MicroTec Lithography GmbH,36,96,D,80,MPEU,2,2021-11-16
19.01.2022,4,2401773,ASK 020 BB 6H7/6.35H7 AL,11301,4,9909,11.10.2021,9,24,21101,Sﾃｼss MicroTec Lithography GmbH,36,96,D,80,MPEU,2,2021-11-16
13.12.2021,4,2401775,ASK 100 BB 50H7/50H7 AL,11301,4,9909,11.10.2021,73.22,212,21004,Hﾃｶrauf Maschinenfabrik GmbH & Co. KG,292.88,848,D,10,MPEU,2,2021-11-16
08.12.2021,1,2401778,SFF-090DS-30B-42B-300N,10302,1,2302,11.10.2021,63.3,175.67,30339,Brinkmann Pumpen,63.3,175.67,D,08,MPEU,2,2021-11-16
08.12.2021,1,2401778,SFF-090DS-28B-42B-250N,10302,1,2302,11.10.2021,62.2,176.71,30339,Brinkmann Pumpen,62.2,176.71,D,08,MPEU,2,2021-11-16
08.12.2021,1,2401778,SFF-060DS-22B-24B-80N,10302,1,2302,11.10.2021,47.7,134.34,30339,Brinkmann Pumpen,47.7,134.34,D,08,MPEU,2,2021-11-16
08.12.2021,1,2401778,SFF-060DS-20B-22B-80N,10302,1,2302,11.10.2021,47.7,134.34,30339,Brinkmann Pumpen,47.7,134.34,D,08,MPEU,2,2021-11-16
08.12.2021,1,2401778,SFF-060DS-22B-28B-80N,10302,1,2302,11.10.2021,47.7,134.34,30339,Brinkmann Pumpen,47.7,134.34,D,08,MPEU,2,2021-11-16
08.12.2021,1,2401778,SFF-060DS-19B-22B-60N,10302,1,2302,11.10.2021,46.5,134.65,30339,Brinkmann Pumpen,46.5,134.65,D,08,MPEU,2,2021-11-16
08.12.2021,1,2401778,SFF-060DS-14B-22B-60N,10302,1,2302,11.10.2021,46.5,134.65,30339,Brinkmann Pumpen,46.5,134.65,D,08,MPEU,2,2021-11-16
08.12.2021,1,2401778,SFF-050DS-12B-19B-25N,10302,1,2302,11.10.2021,44.8,127.69,30339,Brinkmann Pumpen,44.8,127.69,D,08,MPEU,2,2021-11-16
08.12.2021,1,2401778,SFF-050DS-12B-14B-25N,10302,1,2302,11.10.2021,44.8,127.69,30339,Brinkmann Pumpen,44.8,127.69,D,08,MPEU,2,2021-11-16
08.12.2021,1,2401778,SFF-050DS-12B-16B-25N,10302,1,2302,11.10.2021,44.8,127.69,30339,Brinkmann Pumpen,44.8,127.69,D,08,MPEU,2,2021-11-16
08.11.2021,600,2401780,ASK S 018 AA M5/M5 Peek,11370,600,9909,11.10.2021,3.1,4.55,30435,Bausch + Strﾃｶbel,1860,2730,D,19,MPEU,2,2021-11-16
17.11.2021,1,2401782,AK-155-MA-24N,50103,1,3101,11.10.2021,59.2,110.96,30436,ABSSAC Limited,59.2,110.96,A,80,MPEU,2,2021-11-16
22.10.2021,2,2401783,SFC-060SA2-22B-22B,10101,2,2301,11.10.2021,17.46,42.7,30209,Apex Dynamics Polska Sp. z o.o.,34.92,85.4,A,80,MPEU,2,2021-11-16
11.11.2021,100,2401786,MF-20K,90904,100,2502,12.10.2021,41.85,41.85,30325,Miki Pulley Co. Ltd.,4185,4185.19,D,98,MPEU,2,2021-11-16
03.12.2021,80,2401787,ASK 040 BB 17H7/17H7 VA,11303,80,9909,12.10.2021,14.35,49.5,30954,G. Elsinghorst Stahl und Technik GmbH,1148,3960,D,80,MPEU,2,2021-11-16
24.11.2021,2,2401788,AL-070 8-10,10801,2,2201,12.10.2021,9.7,55.8,31063,LLC "ORION SZ",19.4,111.6,D,80,MPEU,2,2021-11-16
24.11.2021,5,2401788,AL Spider L-070,10820,5,2201,12.10.2021,0.3,13.2,31063,LLC "ORION SZ",1.5,66,D,80,MPEU,2,2021-11-16
24.11.2021,1,2401788,Versandkosten inkl. Verpackung,99999,1,9999,12.10.2021,0,18,31063,LLC "ORION SZ",0,18,D,80,MPEU,2,2021-11-16
10.01.2022,50,2401789,BXR-040-10LE-132 24V,20201,50,1201,12.10.2021,28.5,44.18,30213,MTA GmbH,1425,2209,D,01,MPEU,2,2021-11-16
24.01.2022,104,2401791,SFF-080DS-22K-24K-150N,10303,104,2302,12.10.2021,49.3,86.24,30211,Feyc Rodamientos S.A,5127.2,8968.96,A,80,MPEU,2,2021-11-16
26.01.2022,12,2401793,STK-S-50-GT-VA,11570,12,9909,12.10.2021,150.61,243.28,21041,RB Solutions GmbH & Co. KG,1807.32,2919.36,D,80,MPEU,2,2021-11-16
24.11.2021,1,2401795,STF-029SA1-8B-11B,10601,1,2701,12.10.2021,20.6,35.25,30738,Rubix GmbH,20.6,35.25,D,80,MPEU,2,2021-11-16
18.10.2021,10,2401796,ALS-030-R-8B-10B,10702,10,2202,12.10.2021,21.09,16.06,30214,Coroll s.r.o.,210.9,160.6,A,80,MPEU,2,2021-11-16
15.12.2021,2,2401796,101-08-11G 24V R15DIN A15DIN,60101,2,1301,12.10.2021,31.4,58.08,30214,Coroll s.r.o.,62.8,116.16,A,80,MPEU,2,2021-11-16
15.12.2021,2,2401796,111-08-11G 24V 15DIN,70101,2,1301,12.10.2021,24.1,57.74,30214,Coroll s.r.o.,48.2,115.48,A,80,MPEU,2,2021-11-16
22.10.2021,4,2401797,ASK 070 BB 24H7/32H7 AL,11301,4,9909,12.10.2021,41.3,81,30319,Prud'homme Transmissions,165.2,324,A,80,MPEU,2,2021-11-16
17.11.2021,1,2401798,TT-2X-02-20-20-3Nm,30101,1,3105,12.10.2021,77.5,170.4,30435,Bausch + Strﾃｶbel,77.5,170.4,D,19,MPEU,2,2021-11-16
01.11.2021,1,2401799,Membranpaket Typ 314.85,90903,1,3909,13.10.2021,132.9,132.9,30325,Miki Pulley Co. Ltd.,132.9,132.9,D,98,MPEU,2,2021-11-16
01.11.2021,20,2401799,Ankerteil Type4 546-21-34 NF - STAN FULL WFN,90903,20,1501,13.10.2021,81.3,79.7,30325,Miki Pulley Co. Ltd.,1626,1594,D,98,MPEU,2,2021-11-16
01.11.2021,20,2401799,Rotor 546-21-34 NF 25mm - STAN FULL WFN,90903,20,1501,13.10.2021,61.6,60.3,30325,Miki Pulley Co. Ltd.,1232,1206,D,98,MPEU,2,2021-11-16
07.02.2022,50,2401800,ASK S 016 MM M6/M6 VA,11370,50,9909,13.10.2021,0,19.57,30435,Bausch + Strﾃｶbel,0,978.5,D,19,MPEU,2,2021-11-16
14.12.2021,1,2401801,KSK 2 BB 7H7/8H7,11401,1,9909,13.10.2021,10.54,14.45,21048,Rubix GmbH,10.54,14.45,D,80,MPEU,2,2021-11-16
24.11.2021,2,2401802,101-10-13G 24V 25DIN,60101,2,1301,13.10.2021,45,70.5,30209,Apex Dynamics Polska Sp. z o.o.,90,141,A,80,MPEU,2,2021-11-16
08.12.2021,500,2401804,MM-6K,90904,500,2502,13.10.2021,9.91,8.72,30325,Miki Pulley Co. Ltd.,4955,4361.11,D,98,MPEU,2,2021-11-16
08.12.2021,500,2401804,MM-14K,90904,500,2502,13.10.2021,18.61,16.38,30325,Miki Pulley Co. Ltd.,9305,8189.81,D,98,MPEU,2,2021-11-16
08.12.2021,50,2401804,MM-12K,90904,50,2502,13.10.2021,16.39,16.39,30325,Miki Pulley Co. Ltd.,819.5,819.44,D,98,MPEU,2,2021-11-16
08.12.2021,50,2401804,DKWN-42-75,90904,50,2502,13.10.2021,49.07,49.07,30325,Miki Pulley Co. Ltd.,2453.5,2453.7,D,98,MPEU,2,2021-11-16
11.11.2021,500,2401805,MM-6K,90904,500,2502,13.10.2021,9.91,8.72,30325,Miki Pulley Co. Ltd.,4955,4361.11,D,98,MPEU,2,2021-11-16
11.11.2021,100,2401805,DKWN-12-22,90904,100,2502,13.10.2021,13.43,13.43,30325,Miki Pulley Co. Ltd.,1343,1342.59,D,98,MPEU,2,2021-11-16
11.11.2021,250,2401805,DKWN-19-35,90904,250,2502,13.10.2021,18.7,18.33,30325,Miki Pulley Co. Ltd.,4675,4583.33,D,98,MPEU,2,2021-11-16
11.11.2021,80,2401805,DKWN-25-47,90904,80,2502,13.10.2021,25.65,25.65,30325,Miki Pulley Co. Ltd.,2052,2051.85,D,98,MPEU,2,2021-11-16
11.11.2021,150,2401805,LM-50x26x08,90904,150,2502,13.10.2021,13.06,11.85,30325,Miki Pulley Co. Ltd.,1959,1777.78,D,98,MPEU,2,2021-11-16
11.11.2021,80,2401805,MM-20K,90904,80,2502,13.10.2021,30.28,30.28,30325,Miki Pulley Co. Ltd.,2422.4,2422.22,D,98,MPEU,2,2021-11-16
11.11.2021,50,2401805,DKWN-09-20,90904,50,2502,13.10.2021,12.22,12.22,30325,Miki Pulley Co. Ltd.,611,611.11,D,98,MPEU,2,2021-11-16
11.11.2021,20,2401805,MM-12K Niro,90904,20,2502,13.10.2021,27.87,27.87,30325,Miki Pulley Co. Ltd.,557.4,557.41,D,98,MPEU,2,2021-11-16
11.11.2021,30,2401805,MM-16K Niro,90904,30,2502,13.10.2021,37.45,37.45,30325,Miki Pulley Co. Ltd.,1123.5,1123.61,D,98,MPEU,2,2021-11-16
11.11.2021,150,2401805,MF-20K,90904,150,2502,13.10.2021,41.85,41.85,30325,Miki Pulley Co. Ltd.,6277.5,6277.78,D,98,MPEU,2,2021-11-16
11.11.2021,10,2401805,MF-25K,90904,10,2502,13.10.2021,59.26,59.26,30325,Miki Pulley Co. Ltd.,592.6,592.59,D,98,MPEU,2,2021-11-16
07.12.2021,5,2401806,BFK457-16 kompakt,90902,5,1302,13.10.2021,208.42,208.42,30325,Miki Pulley Co. Ltd.,1042.1,521.05,D,98,MPEU,2,2021-11-16
07.12.2021,100,2401806,Set Schrauben BFK458-14/16 M8X70,90902,100,1302,13.10.2021,5.45,5.45,30325,Miki Pulley Co. Ltd.,545,272.5,D,98,MPEU,2,2021-11-16
07.12.2021,10,2401806,Nabe BFK458-12/14MM Pilotbohrung,90902,10,1302,13.10.2021,12.05,12.05,30325,Miki Pulley Co. Ltd.,120.5,60.25,D,98,MPEU,2,2021-11-16
07.12.2021,10,2401806,Dichtung BFK458-12,90902,10,1302,13.10.2021,6.89,6.89,30325,Miki Pulley Co. Ltd.,68.9,34.45,D,98,MPEU,2,2021-11-16
07.12.2021,20,2401806,Set Schrauben BFK458-10/12 M6X55,90902,20,1302,13.10.2021,3.18,3.18,30325,Miki Pulley Co. Ltd.,63.6,31.8,D,98,MPEU,2,2021-11-16
07.12.2021,5,2401806,Flansch BFK458-10,90902,5,1302,13.10.2021,32.46,32.46,30325,Miki Pulley Co. Ltd.,162.3,81.15,D,98,MPEU,2,2021-11-16
07.12.2021,10,2401806,Nabe BFK458-08/10/10MM Pilotbohrung,90902,10,1302,13.10.2021,8.34,8.34,30325,Miki Pulley Co. Ltd.,83.4,41.7,D,98,MPEU,2,2021-11-16
07.12.2021,1,2401806,Stator komplett BFK458-10-96V,90902,1,1302,13.10.2021,100.3,100.3,30325,Miki Pulley Co. Ltd.,100.3,50.15,D,98,MPEU,2,2021-11-16
07.12.2021,50,2401806,Set Schrauben BFK458-06 M4X35,90902,50,1302,13.10.2021,2.51,2.51,30325,Miki Pulley Co. Ltd.,125.5,62.75,D,98,MPEU,2,2021-11-16
09.11.2021,4,2401807,Stator komplett BFK458-16-96V,90902,4,1302,13.10.2021,267.25,267.25,30325,Miki Pulley Co. Ltd.,1069,534.5,D,98,MPEU,2,2021-11-16
08.12.2021,10,2401808,BFK457-16 kompakt,90902,10,1302,13.10.2021,208.42,208.42,30325,Miki Pulley Co. Ltd.,2084.2,1042.1,D,98,MPEU,2,2021-11-16
08.12.2021,10,2401808,Nabe BFK458-16/30MM Pilotbohrung,90902,10,1302,13.10.2021,25.3,25.3,30325,Miki Pulley Co. Ltd.,253,126.5,D,98,MPEU,2,2021-11-16
08.12.2021,40,2401808,458-16E 100NM 30DIN DC42V,90902,40,1302,13.10.2021,162.66,162.66,30325,Miki Pulley Co. Ltd.,6506.4,6506.4,D,98,MPEU,2,2021-11-16
08.12.2021,15,2401808,Stator komplett BFK458-14-42V,90902,15,1302,13.10.2021,197.69,197.69,30325,Miki Pulley Co. Ltd.,2965.35,1482.67,D,98,MPEU,2,2021-11-16
08.12.2021,15,2401808,Rotor komplett BFK458-14 ALG,90902,15,1302,13.10.2021,76.6,76.6,30325,Miki Pulley Co. Ltd.,1149,574.5,D,98,MPEU,2,2021-11-16
08.12.2021,25,2401808,Nabe BFK458-14/14MM Pilotbohrung,90902,25,1302,13.10.2021,19.74,19.74,30325,Miki Pulley Co. Ltd.,493.5,246.75,D,98,MPEU,2,2021-11-16
08.12.2021,10,2401808,Rotor komplett BFK458-16 ALG,90902,10,1302,13.10.2021,87.73,87.73,30325,Miki Pulley Co. Ltd.,877.3,438.65,D,98,MPEU,2,2021-11-16
08.12.2021,10,2401808,Nabe BFK458-18/20MM Pilotbohrung,90902,10,1302,13.10.2021,48.89,48.89,30325,Miki Pulley Co. Ltd.,488.9,244.45,D,98,MPEU,2,2021-11-16
08.12.2021,5,2401808,Flansch BFK458-18,90902,5,1302,13.10.2021,69.97,69.97,30325,Miki Pulley Co. Ltd.,349.85,174.92,D,98,MPEU,2,2021-11-16
08.12.2021,5,2401808,Rotor BFK458-18-AL,90902,5,1302,13.10.2021,89.94,89.94,30325,Miki Pulley Co. Ltd.,449.7,224.85,D,98,MPEU,2,2021-11-16
08.12.2021,15,2401808,Rotor BFK458-06-AL,90902,15,1302,13.10.2021,18.68,18.68,30325,Miki Pulley Co. Ltd.,280.2,140.1,D,98,MPEU,2,2021-11-16
08.12.2021,15,2401808,Flansch BFK458-12,90902,15,1302,13.10.2021,41.08,41.08,30325,Miki Pulley Co. Ltd.,616.2,308.1,D,98,MPEU,2,2021-11-16
08.12.2021,10,2401808,Rotor BFK458-12-AL,90902,10,1302,13.10.2021,33.79,33.79,30325,Miki Pulley Co. Ltd.,337.9,168.95,D,98,MPEU,2,2021-11-16
08.12.2021,10,2401808,Nabe BFK458-08/10/10MM Pilotbohrung,90902,10,1302,13.10.2021,8.34,8.34,30325,Miki Pulley Co. Ltd.,83.4,41.7,D,98,MPEU,2,2021-11-16
08.12.2021,1,2401808,Handlﾃｼftung BFK458-10,90902,1,1302,13.10.2021,20.41,20.41,30325,Miki Pulley Co. Ltd.,20.41,10.2,D,98,MPEU,2,2021-11-16
08.12.2021,5,2401808,Rotor BFK458-10-AL,90902,5,1302,13.10.2021,28.76,28.76,30325,Miki Pulley Co. Ltd.,143.8,71.9,D,98,MPEU,2,2021-11-16
08.12.2021,10,2401808,Handlﾃｼftung Set BFK458-06,90902,10,1302,13.10.2021,17.36,17.36,30325,Miki Pulley Co. Ltd.,173.6,86.8,D,98,MPEU,2,2021-11-16
08.12.2021,1,2401808,Handlﾃｼftung BFK458-14,90902,1,1302,13.10.2021,27.96,27.96,30325,Miki Pulley Co. Ltd.,27.96,13.98,D,98,MPEU,2,2021-11-16
08.12.2021,10,2401809,SFC-090DA2-25BJ-32BJ,10110,10,2301,13.10.2021,56.1,162.77,30225,Dor Drives Systems 2020 Ltd.,561,1627.7,D,80,MPEU,2,2021-11-16
10.11.2021,5,2401810,AP-124-MA-24,50103,5,3101,13.10.2021,71.7,123.5,30209,Apex Dynamics Polska Sp. z o.o.,358.5,617.5,A,80,MPEU,2,2021-11-16
10.11.2021,2,2401810,AP-164-MA-24H,50103,2,3101,13.10.2021,78.6,182.68,30209,Apex Dynamics Polska Sp. z o.o.,157.2,365.36,A,80,MPEU,2,2021-11-16
20.10.2021,10,2401811,ASK 025 BB 10H7/12.7H7 AL,11301,10,9909,13.10.2021,14.88,17,30214,Coroll s.r.o.,148.8,170,A,80,MPEU,2,2021-11-16
25.10.2021,7,2401815,SFC-060SA2-24B-24B,10101,7,2301,13.10.2021,17.46,73.84,21936,Misumi Europa GmbH,122.22,516.88,D,80,MPEU,2,2021-11-16
03.12.2021,3524,2401816,Innenring; gesintert; VG=13 ccm/U; AD=64; B=15,90801,3524,9909,13.10.2021,1.08,1.79,30364,HYDAC Cooling GmbH,3805.92,6307.96,D,08,MPEU,2,2021-11-16
16.11.2021,2,2401817,ASK 080 BB 32G6/32G6 ST,11302,2,9909,13.10.2021,104.1,182,30831,Maschinenfabrik Herkules Meuselwitz GmbH,208.2,364,D,10,MPEU,2,2021-11-16
09.02.2022,50,2401818,BXH-120-10-A-11,20570,50,1401,13.10.2021,46.4,81.2,30387,Yamazaki Mazak Europe N.V.,2320,4060,D,10,MPEU,2,2021-11-16
20.10.2021,1,2401819,SFC-050DA2-12B-16B,10101,1,2301,13.10.2021,19.03,38.4,30436,ABSSAC Limited,19.03,38.4,A,80,MPEU,2,2021-11-16
10.11.2021,20,2401820,SFC-010DA2-4B-8B,10101,20,2301,14.10.2021,12.87,26.48,30422,THK Manufacturing of Europe S.A.S,257.4,529.6,D,80,MPEU,2,2021-11-16
02.11.2021,2,2401821,ASK 040 BB 18H7/18H7 AL,11301,2,9909,14.10.2021,20.77,48,21360,ECON GmbH,41.54,96,D,80,MPEU,2,2021-11-16
09.11.2021,2,2401822,ASK 030 BB 9.5H7/12H7 AL,11301,2,9909,14.10.2021,18.83,31.45,21048,Rubix GmbH,37.66,62.9,D,80,MPEU,2,2021-11-16
09.11.2021,5,2401823,SFC-050SA2-14B-15B,10101,5,2301,14.10.2021,14.33,68.12,10204,Schaublin Machines S.A.,71.65,340.6,D,18,MPEU,2,2021-11-16
20.10.2021,2,2401825,SFC-040DA2-19B-19B,10101,2,2301,14.10.2021,16.02,28.9,30436,ABSSAC Limited,32.04,57.8,A,80,MPEU,2,2021-11-16
19.10.2021,1,2401827,SFC-030DA2-12B-14B,10101,1,2301,15.10.2021,12.36,22.1,30386,HA-CO GmbH,12.36,22.1,A,80,MPEU,2,2021-11-16
10.11.2021,1,2401829,P-124-MA-19,50103,1,3101,15.10.2021,38.9,185.34,31065,YKK STOCKO FASTENERS GmbH,38.9,185.34,D,23,MPEU,2,2021-11-16
21.10.2021,1,2401830,ASK 020 BB 5H7/6H7 AL,11301,1,9909,15.10.2021,19.91,24,21195,IFM Electronic GmbH,19.91,24,D,11,MPEU,2,2021-11-16
21.10.2021,1,2401830,Mindermengenzuschlag,99997,1,9999,15.10.2021,0,56,21195,IFM Electronic GmbH,0,56,D,11,MPEU,2,2021-11-16
21.10.2021,5,2401831,ASK 018 BB 6H7/6H7 AL,11301,5,9909,18.10.2021,6,18.8,31067,HAT Hummert Antriebstechnik GmbH,30,94,D,80,MPEU,2,2021-11-16
21.10.2021,3,2401832,ASK 030 BB 10H7/11H7 AL,11301,3,9909,18.10.2021,15.08,37,21156,J.N. Eberle Federnfabrik GmbH,45.24,111,D,90,MPEU,2,2021-11-16
10.01.2022,20000,2401833,Flﾃｼgel 15x11x3; Mat. 100Cr6 gehﾃ､rtet,90801,20000,9909,18.10.2021,0.27,0.39,30364,HYDAC Cooling GmbH,5400,7800,D,08,MPEU,2,2021-11-16
07.02.2022,20000,2401834,Flﾃｼgel 15x11x3; Mat. 100Cr6 gehﾃ､rtet,90801,20000,9909,18.10.2021,0.27,0.39,30364,HYDAC Cooling GmbH,5400,7800,D,08,MPEU,2,2021-11-16
22.03.2022,20000,2401835,Flﾃｼgel 15x11x3; Mat. 100Cr6 gehﾃ､rtet,90801,20000,9909,18.10.2021,0.27,0.39,30364,HYDAC Cooling GmbH,5400,7800,D,08,MPEU,2,2021-11-16
03.05.2022,20000,2401836,Flﾃｼgel 15x11x3; Mat. 100Cr6 gehﾃ､rtet,90801,20000,9909,18.10.2021,0.27,0.39,30364,HYDAC Cooling GmbH,5400,7800,D,08,MPEU,2,2021-11-16
10.01.2022,3000,2401837,Flﾃｼgel 40x22x5; Mat. 100Cr6 gehﾃ､rtet,90801,3000,9909,18.10.2021,0.78,0.89,30364,HYDAC Cooling GmbH,2340,2670,D,08,MPEU,2,2021-11-16
22.03.2022,3000,2401838,Flﾃｼgel 40x22x5; Mat. 100Cr6 gehﾃ､rtet,90801,3000,9909,18.10.2021,0.78,0.89,30364,HYDAC Cooling GmbH,2340,2670,D,08,MPEU,2,2021-11-16
10.01.2022,8000,2401839,Flﾃｼgel 25x15x5; Mat. 100Cr6 gehﾃ､rtet,90801,8000,9909,18.10.2021,0.35,0.54,30364,HYDAC Cooling GmbH,2800,4320,D,08,MPEU,2,2021-11-16
07.03.2022,8040,2401841,Flﾃｼgel 25x15x5; Mat. 100Cr6 gehﾃ､rtet,90801,8040,9909,18.10.2021,0.35,0.54,30364,HYDAC Cooling GmbH,2814,4341.6,D,08,MPEU,2,2021-11-16
10.01.2022,4200,2401842,Rotor BG 63; gesintert; AD=48; ID=14; B=15,90801,4200,9909,18.10.2021,1.06,1.69,30364,HYDAC Cooling GmbH,4452,7098,D,08,MPEU,2,2021-11-16
22.03.2022,2400,2401844,Rotor BG 63; gesintert; AD=48; ID=14; B=15,90801,2400,9909,18.10.2021,1.06,1.69,30364,HYDAC Cooling GmbH,2544,4056,D,08,MPEU,2,2021-11-16
29.10.2021,10,2401845,ASK 025 BB 8H7/8H7 ST,11302,10,9909,18.10.2021,23.68,21,21054,RRG Industrietechnik GmbH,236.8,210,A,80,MPEU,2,2021-11-16
14.02.2022,10,2401846,SFM-100SS-T014N,10470,10,2302,18.10.2021,300,462,30310,Yamazaki Mazak UK Ltd.,3000,4620,D,10,MPEU,2,2021-11-16
07.02.2022,100,2401847,MF-20K,90904,100,2502,18.10.2021,41.85,41.85,30325,Miki Pulley Co. Ltd.,4185,4185.19,D,98,MPEU,2,2021-11-16
07.03.2022,50,2401847,MF-20K,90904,50,2502,18.10.2021,41.85,41.85,30325,Miki Pulley Co. Ltd.,2092.5,2092.59,D,98,MPEU,2,2021-11-16
10.01.2022,5000,2401848,Innenring; gesintert; VG=10 ccm/U; AD=64; B=15,90801,5000,9909,19.10.2021,1.08,1.79,30364,HYDAC Cooling GmbH,5400,8950,D,08,MPEU,2,2021-11-16
24.11.2021,1,2401849,P-86-MA-12,50103,1,3101,19.10.2021,26.8,94.71,31068,ESK-SIC GmbH,26.8,94.71,D,90,MPEU,2,2021-11-16
01.12.2021,7,2401850,SFC-030DA2-6B-16B,10101,7,2301,19.10.2021,18.42,22.1,30206,Ammertech B.V.,128.94,154.7,A,80,MPEU,2,2021-11-16
30.11.2021,1,2401851,ASK 100 BB 40G6/40G6 AL,11301,1,9909,19.10.2021,73.06,212,30831,Maschinenfabrik Herkules Meuselwitz GmbH,73.06,212,D,10,MPEU,2,2021-11-16
30.11.2021,2,2401851,ASK 100 BB 40G6/40G6 AL,11301,2,9909,19.10.2021,73.06,212,30831,Maschinenfabrik Herkules Meuselwitz GmbH,146.12,424,D,10,MPEU,2,2021-11-16
22.02.2022,1,2401851,ASK 100 BB 40G6/40G6 AL,11301,1,9909,19.10.2021,73.06,212,30831,Maschinenfabrik Herkules Meuselwitz GmbH,73.06,212,D,10,MPEU,2,2021-11-16
26.10.2021,1,2401852,SFC-040DA2-14BH-14BH,10110,1,2301,19.10.2021,23.69,56.54,31069,UAB 窶?SG窶,23.69,56.54,D,90,MPEU,2,2021-11-16
26.10.2021,1,2401852,Mindermengenzuschlag,99997,1,9999,19.10.2021,0,23.46,31069,UAB 窶?SG窶,0,23.46,D,90,MPEU,2,2021-11-16
26.10.2021,1,2401852,Versandkosten inkl. Verpackung,99999,1,9999,19.10.2021,0,24,31069,UAB 窶?SG窶,0,24,D,90,MPEU,2,2021-11-16
