5300061,BXR-06-10-005-24V-20DIN,20101,1,1401,08.12.2021,30.90,69.00,30783,Lewenstein Technologies Ltd.,30.90,69.00,D,1,MPEU,3,2021-12-22
5300061,Mindermengenzuschlag,99997,1,9999,08.12.2021,0.00,11.00,30783,Lewenstein Technologies Ltd.,0.00,11.00,D,1,MPEU,3,2021-12-22
5300061,Bearbeitungsgebühr,99998,1,9999,08.12.2021,0.00,3.36,30783,Lewenstein Technologies Ltd.,0.00,3.36,D,1,MPEU,3,2021-12-22
5300062,125-20-12-A-11,40401,1,1302,09.12.2021,655.30,2433.89,31087,Lechevalier Le Mans,655.30,2433.89,D,,MPEU,3,2021-12-22
5300062,Versandkosten inkl. Verpackung,99999,1,9999,09.12.2021,0.00,280.00,31087,Lechevalier Le Mans,0.00,280.00,D,,MPEU,3,2021-12-22
4301406,BFK457-03 / 24V / 1.0Nm,90912,80,1401,06.12.2021,12.78,13.61,30778,Kendrion INTORQ GmbH,1022.40,1088.67,D,80,MPEU,3,2021-12-22
4301406,BFK457-03 / 12V / 1.0Nm,90912,500,1401,06.12.2021,12.88,13.70,30778,Kendrion INTORQ GmbH,6440.00,6850.00,D,80,MPEU,3,2021-12-22
4301406,BFK457-03 / 24V / 1.0Nm,90912,920,1401,06.12.2021,12.78,13.61,30778,Kendrion INTORQ GmbH,11757.60,12519.67,D,80,MPEU,3,2021-12-22
4301406,BFK457-04 / 24V / 2.0Nm,90912,680,1401,06.12.2021,13.69,14.57,30778,Kendrion INTORQ GmbH,9309.20,9905.33,D,80,MPEU,3,2021-12-22
4301406,BFK457-02 / 6 Nabe,90912,800,1401,06.12.2021,0.65,0.70,30778,Kendrion INTORQ GmbH,520.00,560.00,D,80,MPEU,3,2021-12-22
4301406,Verpackungskosten,99991,3,9999,06.12.2021,0.00,66.21,30778,Kendrion INTORQ GmbH,0.00,198.63,D,80,MPEU,3,2021-12-22
4301430,STK-35-GS-VA,11502,4,9909,01.12.2021,83.80,135.24,30734,Torautomatik Team AG,335.20,540.96,D,17,MPEU,3,2021-12-22
4301430,Flanschlager VA UCFL Typ 207 d35,90001,16,9909,01.12.2021,41.56,62.34,30734,Torautomatik Team AG,664.96,997.44,D,17,MPEU,3,2021-12-22
4301430,Versandkosten inkl. Verpackung,99999,1,9999,01.12.2021,0.00,64.23,30734,Torautomatik Team AG,0.00,64.23,D,17,MPEU,3,2021-12-22
4301431,DKWN-08-18,90904,147,2502,01.12.2021,11.67,11.44,30325,Miki Pulley Co. Ltd.,1715.49,1680.97,D,98,MPEU,3,2021-12-22
4301431,DKWN-08-18,90904,200,2502,01.12.2021,11.67,11.44,30325,Miki Pulley Co. Ltd.,2334.00,2287.04,D,98,MPEU,3,2021-12-22
4301431,DKWN-08-18,90904,200,2502,01.12.2021,11.67,11.44,30325,Miki Pulley Co. Ltd.,2334.00,2287.04,D,98,MPEU,3,2021-12-22
4301431,DKWN-08-18,90904,350,2502,01.12.2021,11.67,11.44,30325,Miki Pulley Co. Ltd.,4084.50,4002.31,D,98,MPEU,3,2021-12-22
4301431,DKWN-08-18,90904,103,2502,01.12.2021,11.67,11.44,30325,Miki Pulley Co. Ltd.,1202.01,1177.82,D,98,MPEU,3,2021-12-22
4301431,Verpackungskosten,99991,1,9999,01.12.2021,0.00,11.11,30325,Miki Pulley Co. Ltd.,0.00,11.11,D,98,MPEU,3,2021-12-22
4301432,Bearbeitungsgebühr,99998,1,9999,01.12.2021,0.00,457.41,30325,Miki Pulley Co. Ltd.,0.00,457.41,D,98,MPEU,3,2021-12-22
4301433,ASK 070 BB 30H7/32H7 AL,11301,5,9909,01.12.2021,41.30,119.00,21004,Hörauf Maschinenfabrik GmbH & Co. KG,206.50,595.00,D,10,MPEU,3,2021-12-22
4301433,Versandkosten inkl. Verpackung,99999,1,9999,01.12.2021,0.00,7.68,21004,Hörauf Maschinenfabrik GmbH & Co. KG,0.00,7.68,D,10,MPEU,3,2021-12-22
4301434,ASK 030 BB 8H7/14H7 VA,11303,4,9909,01.12.2021,10.99,42.00,21033,Mühlbauer GmbH & Co. KG,43.96,168.00,D,11,MPEU,3,2021-12-22
4301434,ASK 030 BB 10H7/14H7 VA,11303,2,9909,01.12.2021,10.77,42.00,21033,Mühlbauer GmbH & Co. KG,21.54,84.00,D,11,MPEU,3,2021-12-22
4301435,ASK S 040 BB 12H7/19H7 AL,11370,1,9909,01.12.2021,47.88,168.00,21131,Felss Systems GmbH,47.88,168.00,D,03,MPEU,3,2021-12-22
4301435,Versandkosten inkl. Verpackung,99999,1,9999,01.12.2021,0.00,7.68,21131,Felss Systems GmbH,0.00,7.68,D,03,MPEU,3,2021-12-22
4301436,ASK 060 BB 15H7/15H7 ST,11302,10,9909,01.12.2021,35.93,88.00,30319,Prud'homme Transmissions,359.30,880.00,A,80,MPEU,3,2021-12-22
4301436,ASK 070 BB VA,11350,1,9909,01.12.2021,58.17,105.00,30319,Prud'homme Transmissions,58.17,105.00,A,80,MPEU,3,2021-12-22
4301436,Versandkosten inkl. Verpackung,99999,1,9999,01.12.2021,0.00,22.68,30319,Prud'homme Transmissions,0.00,22.68,A,80,MPEU,3,2021-12-22
4301437,DMB-1-15Nm,30201,1,9909,01.12.2021,32.46,86.00,30362,Siemens AG,32.46,86.00,D,01,MPEU,3,2021-12-22
4301437,Versandkosten inkl. Verpackung,99999,1,9999,01.12.2021,0.00,7.68,30362,Siemens AG,0.00,7.68,D,01,MPEU,3,2021-12-22
4301438,BXW-02-10H-24V,20380,400,1201,01.12.2021,9.61,18.15,30482,Kählig Antriebstechnik GmbH,3844.00,7260.00,D,01,MPEU,3,2021-12-22
4301438,BXW-02-10 8 Nabe,20381,400,1201,01.12.2021,8.23,1.62,30482,Kählig Antriebstechnik GmbH,3292.00,648.00,D,01,MPEU,3,2021-12-22
4301438,Versandkosten inkl. Verpackung,99999,1,9999,01.12.2021,0.00,86.00,30482,Kählig Antriebstechnik GmbH,0.00,86.00,D,01,MPEU,3,2021-12-22
4301439,DMB-1-4Nm,30201,3,9909,01.12.2021,32.46,86.00,30544,SKAN AG,97.38,258.00,D,14,MPEU,3,2021-12-22
4301439,Versandkosten inkl. Verpackung,99999,1,9999,01.12.2021,0.00,34.03,30544,SKAN AG,0.00,34.03,D,14,MPEU,3,2021-12-22
4301440,ASK 100 BB 40G6/40G6 AL,11301,1,9909,01.12.2021,73.06,212.00,30831,Maschinenfabrik Herkules Meuselwitz GmbH,73.06,212.00,D,10,MPEU,3,2021-12-22
4301440,ASK 100 BB 40G6/40G6 AL,11301,1,9909,01.12.2021,73.06,212.00,30831,Maschinenfabrik Herkules Meuselwitz GmbH,73.06,212.00,D,10,MPEU,3,2021-12-22
4301440,ASK 100 BB 40G6/40G6 AL,11301,2,9909,01.12.2021,73.06,212.00,30831,Maschinenfabrik Herkules Meuselwitz GmbH,146.12,424.00,D,10,MPEU,3,2021-12-22
4301440,ASK 080 BB 40G6/40G6 AL,11301,2,9909,01.12.2021,58.04,145.00,30831,Maschinenfabrik Herkules Meuselwitz GmbH,116.08,290.00,D,10,MPEU,3,2021-12-22
4301440,Versandkosten inkl. Verpackung,99999,1,9999,01.12.2021,0.00,9.34,30831,Maschinenfabrik Herkules Meuselwitz GmbH,0.00,9.34,D,10,MPEU,3,2021-12-22
4301441,ASK 040 BB 14H7/15H7 VA,11303,1,9909,01.12.2021,29.57,55.00,31085,Forster Rohner AG,29.57,55.00,D,90,MPEU,3,2021-12-22
4301441,Mindermengenzuschlag,99997,1,9999,01.12.2021,0.00,25.00,31085,Forster Rohner AG,0.00,25.00,D,90,MPEU,3,2021-12-22
4301441,Versandkosten inkl. Verpackung,99999,1,9999,01.12.2021,0.00,34.03,31085,Forster Rohner AG,0.00,34.03,D,90,MPEU,3,2021-12-22
4301443,ASK 018 BB 4H7/6H7 AL,11301,5,9909,02.12.2021,8.61,18.80,21172,Schaeffler Industrial Drives AG & Co. KG,43.05,94.00,D,10,MPEU,3,2021-12-22
4301443,Versandkosten inkl. Verpackung,99999,1,9999,02.12.2021,0.00,7.68,21172,Schaeffler Industrial Drives AG & Co. KG,0.00,7.68,D,10,MPEU,3,2021-12-22
4301444,ASK 030 BB 6H7/10H7 AL,11301,3,9909,02.12.2021,7.58,37.00,21372,Speira GmbH,22.74,111.00,D,90,MPEU,3,2021-12-22
4301444,Versandkosten inkl. Verpackung,99999,1,9999,02.12.2021,0.00,7.68,21372,Speira GmbH,0.00,7.68,D,90,MPEU,3,2021-12-22
4301445,ASK 030 BB 10H7/12H7 AL,11301,4,9909,02.12.2021,10.00,30.34,21936,Misumi Europa GmbH,40.00,121.36,D,80,MPEU,3,2021-12-22
4301445,SFC-050DA2-8B-30B,10101,2,2301,02.12.2021,18.73,65.98,21936,Misumi Europa GmbH,37.46,131.96,D,80,MPEU,3,2021-12-22
4301445,ALS-040-R-10B-19B,10702,1,2202,02.12.2021,21.62,28.63,21936,Misumi Europa GmbH,21.62,28.63,D,80,MPEU,3,2021-12-22
4301446,BXW-01-10S-24V,20380,4,1201,02.12.2021,10.05,29.62,30790,IKS Engineering GmbH,40.20,118.48,D,90,MPEU,3,2021-12-22
4301446,BXW-01-10 5 Nabe,20381,4,1201,02.12.2021,0.78,1.88,30790,IKS Engineering GmbH,3.12,7.52,D,90,MPEU,3,2021-12-22
4301446,Versandkosten inkl. Verpackung,99999,1,9999,02.12.2021,0.00,7.68,30790,IKS Engineering GmbH,0.00,7.68,D,90,MPEU,3,2021-12-22
4301447,DKWN-40-65,90904,40,2502,03.12.2021,43.06,43.06,30325,Miki Pulley Co. Ltd.,1722.40,1722.22,D,98,MPEU,3,2021-12-22
4301447,MM-6K,90904,500,2502,03.12.2021,9.91,8.72,30325,Miki Pulley Co. Ltd.,4955.00,4361.11,D,98,MPEU,3,2021-12-22
4301447,MM-6K,90904,350,2502,03.12.2021,9.91,8.72,30325,Miki Pulley Co. Ltd.,3468.50,3052.78,D,98,MPEU,3,2021-12-22
4301447,MF-8K,90904,10,2502,03.12.2021,19.91,19.91,30325,Miki Pulley Co. Ltd.,199.10,199.07,D,98,MPEU,3,2021-12-22
4301447,MF-12K,90904,5,2502,03.12.2021,23.98,23.98,30325,Miki Pulley Co. Ltd.,119.90,119.91,D,98,MPEU,3,2021-12-22
4301447,DKWN-19-35,90904,250,2502,03.12.2021,18.70,18.33,30325,Miki Pulley Co. Ltd.,4675.00,4583.33,D,98,MPEU,3,2021-12-22
4301447,MM-8K Niro,90904,152,2502,03.12.2021,23.80,21.25,30325,Miki Pulley Co. Ltd.,3617.60,3230.00,D,98,MPEU,3,2021-12-22
4301447,MM-8K Niro,90904,150,2502,03.12.2021,23.80,21.25,30325,Miki Pulley Co. Ltd.,3570.00,3187.50,D,98,MPEU,3,2021-12-22
4301447,Bearbeitungsgebühr,99998,1,9999,03.12.2021,0.00,818.24,30325,Miki Pulley Co. Ltd.,0.00,818.24,D,98,MPEU,3,2021-12-22
4301447,Verpackungskosten,99991,1,9999,03.12.2021,0.00,88.89,30325,Miki Pulley Co. Ltd.,0.00,88.89,D,98,MPEU,3,2021-12-22
4301448,547-24-2-1,90903,1,1501,03.12.2021,1840.00,1840.00,30325,Miki Pulley Co. Ltd.,1840.00,1840.00,D,98,MPEU,3,2021-12-22
4301448,Bearbeitungsgebühr,99998,1,9999,03.12.2021,0.00,73.60,30325,Miki Pulley Co. Ltd.,0.00,73.60,D,98,MPEU,3,2021-12-22
4301449,ASK 018 BB 6H7/6H7 AL,11301,9,9909,03.12.2021,6.00,14.00,21054,RRG Industrietechnik GmbH,54.00,126.00,A,80,MPEU,3,2021-12-22
4301449,Versandkosten inkl. Verpackung,99999,1,9999,03.12.2021,0.00,7.68,21054,RRG Industrietechnik GmbH,0.00,7.68,A,80,MPEU,3,2021-12-22
4301450,ASK 050 BBH 16H7/16H7 AL,11301,2,9909,03.12.2021,39.30,67.00,21793,HA-CO GmbH,78.60,134.00,A,80,MPEU,3,2021-12-22
4301450,Versandkosten inkl. Verpackung,99999,1,9999,03.12.2021,0.00,7.68,21793,HA-CO GmbH,0.00,7.68,A,80,MPEU,3,2021-12-22
4301451,SFC-030DA2-6B-16B,10101,20,2301,03.12.2021,18.42,21.44,30206,Ammertech B.V.,368.40,428.80,A,80,MPEU,3,2021-12-22
4301451,SFC-030DA2-6B-16B,10101,7,2301,03.12.2021,18.42,22.10,30206,Ammertech B.V.,128.94,154.70,A,80,MPEU,3,2021-12-22
4301451,ALS-055-R-14B-25B,10701,16,2202,03.12.2021,15.80,30.47,30206,Ammertech B.V.,252.80,487.52,A,80,MPEU,3,2021-12-22
4301451,Versandkosten inkl. Verpackung,99999,1,9999,03.12.2021,0.00,15.06,30206,Ammertech B.V.,0.00,15.06,A,80,MPEU,3,2021-12-22
4301452,BXW-05-12H-105,20370,200,1201,03.12.2021,21.25,44.30,30214,Coroll s.r.o.,4250.00,8860.00,A,80,MPEU,3,2021-12-22
4301452,BXW-01-10S-24V,20380,2,1201,03.12.2021,10.05,16.12,30214,Coroll s.r.o.,20.10,32.24,A,80,MPEU,3,2021-12-22
4301452,BXW-01-10 5 Nabe,20381,2,1201,03.12.2021,0.78,1.88,30214,Coroll s.r.o.,1.56,3.76,A,80,MPEU,3,2021-12-22
4301452,ASK 030 BB 12H7/15H7 ST,11302,2,9909,03.12.2021,23.98,30.00,30214,Coroll s.r.o.,47.96,60.00,A,80,MPEU,3,2021-12-22
4301452,ASK 050 BB 17H7/26H7 ST,11302,1,9909,03.12.2021,31.19,64.00,30214,Coroll s.r.o.,31.19,64.00,A,80,MPEU,3,2021-12-22
4301452,Versandkosten inkl. Verpackung,99999,1,9999,03.12.2021,0.00,130.00,30214,Coroll s.r.o.,0.00,130.00,A,80,MPEU,3,2021-12-22
4301453,STK-16-GS-ST,11501,1,9909,06.12.2021,11.60,14.91,21005,Kugelfink GmbH,11.60,14.91,A,80,MPEU,3,2021-12-22
4301453,STK-19-GS-ST,11501,3,9909,06.12.2021,12.80,18.42,21005,Kugelfink GmbH,38.40,55.26,A,80,MPEU,3,2021-12-22
4301453,STK-14-GS-ST,11501,1,9909,06.12.2021,11.30,14.57,21005,Kugelfink GmbH,11.30,14.57,A,80,MPEU,3,2021-12-22
4301453,Versandkosten inkl. Verpackung,99999,1,9999,06.12.2021,0.00,17.22,21005,Kugelfink GmbH,0.00,17.22,A,80,MPEU,3,2021-12-22
4301454,AL-070 8-10,10801,1,2201,06.12.2021,9.70,27.90,30206,Ammertech B.V.,9.70,27.90,A,80,MPEU,3,2021-12-22
4301454,ALS-055-R-14B-25B,10701,16,2202,06.12.2021,15.80,30.47,30206,Ammertech B.V.,252.80,487.52,A,80,MPEU,3,2021-12-22
4301454,Versandkosten inkl. Verpackung,99999,1,9999,06.12.2021,0.00,15.06,30206,Ammertech B.V.,0.00,15.06,A,80,MPEU,3,2021-12-22
4301455,101-08-13G 24V 17JIS,60101,10,1301,06.12.2021,23.00,56.04,30209,Apex Dynamics Polska Sp. z o.o.,230.00,560.40,A,80,MPEU,3,2021-12-22
4301455,AL-070 12-15,10801,1,2201,06.12.2021,10.30,27.90,30209,Apex Dynamics Polska Sp. z o.o.,10.30,27.90,A,80,MPEU,3,2021-12-22
4301455,MM-20K 14H-20H,11701,2,2502,06.12.2021,50.40,70.30,30209,Apex Dynamics Polska Sp. z o.o.,100.80,140.60,A,80,MPEU,3,2021-12-22
4301455,SFC-050DA2-19B-22B,10101,10,2301,06.12.2021,26.24,37.25,30209,Apex Dynamics Polska Sp. z o.o.,262.40,372.50,A,80,MPEU,3,2021-12-22
4301455,SFC-030SA2-10B-14B,10101,10,2301,06.12.2021,9.56,17.27,30209,Apex Dynamics Polska Sp. z o.o.,95.60,172.70,A,80,MPEU,3,2021-12-22
4301455,SFC-030SA2-14B-14B,10101,5,2301,06.12.2021,9.06,17.80,30209,Apex Dynamics Polska Sp. z o.o.,45.30,89.00,A,80,MPEU,3,2021-12-22
4301455,AL Spider L-075,10820,10,2201,06.12.2021,0.40,4.20,30209,Apex Dynamics Polska Sp. z o.o.,4.00,42.00,A,80,MPEU,3,2021-12-22
4301455,BXR-08-10-012-24V-20DIN,20101,2,1401,06.12.2021,35.30,57.60,30209,Apex Dynamics Polska Sp. z o.o.,70.60,115.20,A,80,MPEU,3,2021-12-22
4301457,PE-155-MA-18H,50103,1,3101,06.12.2021,49.70,102.60,30211,Feyc Rodamientos S.A,49.70,102.60,A,80,MPEU,3,2021-12-22
4301458,BXR-035-10LE-A-36,20270,25,1201,06.12.2021,45.00,104.89,30249,SENSODRIVE GmbH,1125.00,2622.25,D,90,MPEU,3,2021-12-22
4301458,Versandkosten inkl. Verpackung,99999,1,9999,06.12.2021,0.00,7.68,30249,SENSODRIVE GmbH,0.00,7.68,D,90,MPEU,3,2021-12-22
4301459,101-25-15-A-43,60101,1,1301,06.12.2021,225.10,885.54,30252,SEFI S.A.S.,225.10,885.54,D,80,MPEU,3,2021-12-22
4301459,111-25-12-A-21,70101,1,1301,06.12.2021,156.80,708.81,30252,SEFI S.A.S.,156.80,708.81,D,80,MPEU,3,2021-12-22
4301459,Versandkosten inkl. Verpackung,99999,1,9999,06.12.2021,0.00,51.85,30252,SEFI S.A.S.,0.00,51.85,D,80,MPEU,3,2021-12-22
4301460,SFF-090DS-30B-42B-300N,10302,1,2302,06.12.2021,63.30,175.67,30339,Brinkmann Pumpen,63.30,175.67,D,08,MPEU,3,2021-12-22
4301460,SFF-090DS-28B-42B-250N,10302,1,2302,06.12.2021,62.20,176.71,30339,Brinkmann Pumpen,62.20,176.71,D,08,MPEU,3,2021-12-22
4301460,SFF-060DS-22B-24B-80N,10302,1,2302,06.12.2021,47.70,134.34,30339,Brinkmann Pumpen,47.70,134.34,D,08,MPEU,3,2021-12-22
4301460,SFF-060DS-20B-22B-80N,10302,1,2302,06.12.2021,47.70,134.34,30339,Brinkmann Pumpen,47.70,134.34,D,08,MPEU,3,2021-12-22
4301460,SFF-060DS-22B-28B-80N,10302,1,2302,06.12.2021,47.70,134.34,30339,Brinkmann Pumpen,47.70,134.34,D,08,MPEU,3,2021-12-22
4301460,SFF-060DS-19B-22B-60N,10302,1,2302,06.12.2021,46.50,134.65,30339,Brinkmann Pumpen,46.50,134.65,D,08,MPEU,3,2021-12-22
4301460,SFF-060DS-14B-22B-60N,10302,1,2302,06.12.2021,46.50,134.65,30339,Brinkmann Pumpen,46.50,134.65,D,08,MPEU,3,2021-12-22
4301460,SFF-050DS-12B-19B-25N,10302,1,2302,06.12.2021,44.80,127.69,30339,Brinkmann Pumpen,44.80,127.69,D,08,MPEU,3,2021-12-22
4301460,SFF-050DS-12B-14B-25N,10302,1,2302,06.12.2021,44.80,127.69,30339,Brinkmann Pumpen,44.80,127.69,D,08,MPEU,3,2021-12-22
4301460,SFF-050DS-12B-16B-25N,10302,1,2302,06.12.2021,44.80,127.69,30339,Brinkmann Pumpen,44.80,127.69,D,08,MPEU,3,2021-12-22
4301460,Versandkosten inkl. Verpackung,99999,1,9999,06.12.2021,0.00,9.34,30339,Brinkmann Pumpen,0.00,9.34,D,08,MPEU,3,2021-12-22
4301462,BXR-035-10LE-A-4,20270,100,1201,06.12.2021,26.00,50.55,30383,Georgii Kobold GmbH & Co. KG.,2600.00,5055.00,D,14,MPEU,3,2021-12-22
4301462,BXR-035-10LE-A-4,20270,100,1201,06.12.2021,26.00,50.55,30383,Georgii Kobold GmbH & Co. KG.,2600.00,5055.00,D,14,MPEU,3,2021-12-22
4301462,BXR-035-10LE-A-4,20270,100,1201,06.12.2021,26.00,50.55,30383,Georgii Kobold GmbH & Co. KG.,2600.00,5055.00,D,14,MPEU,3,2021-12-22
4301462,Transferkosten / Versandkosten,99976,1,9999,06.12.2021,0.00,270.00,30383,Georgii Kobold GmbH & Co. KG.,0.00,270.00,D,14,MPEU,3,2021-12-22
4301462,Versandkosten inkl. Verpackung,99999,1,9999,06.12.2021,0.00,35.95,30383,Georgii Kobold GmbH & Co. KG.,0.00,35.95,D,14,MPEU,3,2021-12-22
4301463,SFC-030DA2-8B-14B,10101,45,2301,06.12.2021,10.92,21.44,30386,HA-CO GmbH,491.40,964.80,A,80,MPEU,3,2021-12-22
4301463,SFC-010DA2-8B-8B,10101,1,2301,06.12.2021,12.89,18.50,30386,HA-CO GmbH,12.89,18.50,A,80,MPEU,3,2021-12-22
4301463,SFC-030DA2-10B-14B,10101,1,2301,06.12.2021,12.86,22.10,30386,HA-CO GmbH,12.86,22.10,A,80,MPEU,3,2021-12-22
4301463,Versandkosten inkl. Verpackung,99999,1,9999,06.12.2021,0.00,17.22,30386,HA-CO GmbH,0.00,17.22,A,80,MPEU,3,2021-12-22
4301464,BXH-08-10-A-32,20570,12,1401,06.12.2021,37.50,60.00,30387,Yamazaki Mazak Europe N.V.,450.00,720.00,D,10,MPEU,3,2021-12-22
4301465,ASK 018 BB 3H7/6H7 AL,11301,10,9909,06.12.2021,6.33,18.05,30626,Micronor AG,63.30,180.50,D,11,MPEU,3,2021-12-22
4301465,Versandkosten inkl. Verpackung,99999,1,9999,06.12.2021,0.00,34.03,30626,Micronor AG,0.00,34.03,D,11,MPEU,3,2021-12-22
4301466,BXW-03-10H-24V,20380,1,1201,06.12.2021,11.13,34.91,30797,Agathon AG,11.13,34.91,D,15,MPEU,3,2021-12-22
4301466,BXW-03-10 8 Nabe,20381,1,1201,06.12.2021,0.73,2.10,30797,Agathon AG,0.73,2.10,D,15,MPEU,3,2021-12-22
4301466,Mindermengenzuschlag,99997,1,9999,06.12.2021,0.00,42.99,30797,Agathon AG,0.00,42.99,D,15,MPEU,3,2021-12-22
4301466,Versandkosten inkl. Verpackung,99999,1,9999,06.12.2021,0.00,34.03,30797,Agathon AG,0.00,34.03,D,15,MPEU,3,2021-12-22
4301467,TT-2-01-14H-14H-10Nm,30101,3,3105,06.12.2021,67.70,140.45,31073,KAUFMANN AG,203.10,421.35,D,90,MPEU,3,2021-12-22
4301467,Versandkosten inkl. Verpackung,99999,1,9999,06.12.2021,0.00,34.03,31073,KAUFMANN AG,0.00,34.03,D,90,MPEU,3,2021-12-22
4301468,BFK457-02 / 24V / 0.5Nm,90912,260,1401,09.12.2021,10.96,12.01,30778,Kendrion INTORQ GmbH,2849.60,3122.17,D,80,MPEU,3,2021-12-22
4301469,BFK457-16 kompakt,90902,20,1302,07.12.2021,208.42,208.42,30325,Miki Pulley Co. Ltd.,4168.40,2084.20,D,98,MPEU,3,2021-12-22
4301469,Set Schrauben BFK458-14/16 M8X70,90902,100,1302,07.12.2021,5.12,5.45,30325,Miki Pulley Co. Ltd.,512.00,272.50,D,98,MPEU,3,2021-12-22
4301469,Stator komplett BFK458-14-42V,90902,10,1302,07.12.2021,197.69,197.69,30325,Miki Pulley Co. Ltd.,1976.90,988.45,D,98,MPEU,3,2021-12-22
4301469,Stator komplett BFK458-16E 42V 80Nm,90902,10,1302,07.12.2021,267.25,267.25,30325,Miki Pulley Co. Ltd.,2672.50,1336.25,D,98,MPEU,3,2021-12-22
4301469,Set Schrauben BFK458-16 M8X80,90902,50,1302,07.12.2021,5.66,5.66,30325,Miki Pulley Co. Ltd.,283.00,141.50,D,98,MPEU,3,2021-12-22
4301469,Set Schrauben BFK458-18 M8X80,90902,50,1302,07.12.2021,11.60,12.09,30325,Miki Pulley Co. Ltd.,580.00,302.25,D,98,MPEU,3,2021-12-22
4301469,Stator komplett BFK458-18-24V,90902,10,1302,07.12.2021,414.20,414.20,30325,Miki Pulley Co. Ltd.,4142.00,2071.00,D,98,MPEU,3,2021-12-22
4301469,Flansch BFK458-18,90902,10,1302,07.12.2021,69.97,69.97,30325,Miki Pulley Co. Ltd.,699.70,349.85,D,98,MPEU,3,2021-12-22
4301469,Rotor BFK458-18-AL,90902,10,1302,07.12.2021,89.94,89.94,30325,Miki Pulley Co. Ltd.,899.40,449.70,D,98,MPEU,3,2021-12-22
4301469,Stator komplett BFK458-06E 24V 4.0Nm,90902,15,1302,07.12.2021,58.82,58.82,30325,Miki Pulley Co. Ltd.,882.30,441.15,D,98,MPEU,3,2021-12-22
4301469,Nabe BFK458-12/14MM Pilotbohrung,90902,15,1302,07.12.2021,12.05,12.05,30325,Miki Pulley Co. Ltd.,180.75,90.37,D,98,MPEU,3,2021-12-22
4301469,Dichtung BFK458-12,90902,10,1302,07.12.2021,6.89,6.89,30325,Miki Pulley Co. Ltd.,68.90,34.45,D,98,MPEU,3,2021-12-22
4301469,Flansch BFK458-12,90902,1,1302,07.12.2021,41.08,41.08,30325,Miki Pulley Co. Ltd.,41.08,20.54,D,98,MPEU,3,2021-12-22
4301469,Set Schrauben BFK458-10/12 M6X55,90902,20,1302,07.12.2021,3.18,3.18,30325,Miki Pulley Co. Ltd.,63.60,31.80,D,98,MPEU,3,2021-12-22
4301469,Rotor BFK458-12-AL,90902,10,1302,07.12.2021,33.79,33.79,30325,Miki Pulley Co. Ltd.,337.90,168.95,D,98,MPEU,3,2021-12-22
4301469,Stator komplett BFK458-10-24V,90902,1,1302,07.12.2021,100.30,100.30,30325,Miki Pulley Co. Ltd.,100.30,50.15,D,98,MPEU,3,2021-12-22
4301469,Nabe BFK458-08/10/10MM Pilotbohrung,90902,20,1302,07.12.2021,8.34,8.34,30325,Miki Pulley Co. Ltd.,166.80,83.40,D,98,MPEU,3,2021-12-22
4301469,Handlüftung BFK458-18,90902,5,1302,07.12.2021,52.34,52.34,30325,Miki Pulley Co. Ltd.,261.70,130.85,D,98,MPEU,3,2021-12-22
4301469,Stator komplett BFK458-12-96V,90902,1,1302,07.12.2021,135.69,135.69,30325,Miki Pulley Co. Ltd.,135.69,67.84,D,98,MPEU,3,2021-12-22
4301469,Bearbeitungsgebühr,99998,1,9999,07.12.2021,0.00,364.61,30325,Miki Pulley Co. Ltd.,0.00,364.61,D,98,MPEU,3,2021-12-22
4301470,SFC-090DA2-25BJ-32BJ,10110,10,2301,07.12.2021,56.10,162.77,30225,Dor Drives Systems 2020 Ltd.,561.00,1627.70,D,80,MPEU,3,2021-12-22
4301471,SFM-100SS-T014N,10470,10,2302,07.12.2021,300.00,462.00,30310,Yamazaki Mazak UK Ltd.,3000.00,4620.00,D,10,MPEU,3,2021-12-22
4301471,Versandkosten inkl. Verpackung,99999,1,9999,07.12.2021,0.00,33.35,30310,Yamazaki Mazak UK Ltd.,0.00,33.35,D,10,MPEU,3,2021-12-22
4301472,ASK 050 BB 15H7/19H7 AL,11301,5,9909,07.12.2021,27.71,74.00,21168,Ernst Grob AG,138.55,370.00,D,10,MPEU,3,2021-12-22
4301472,Versandkosten inkl. Verpackung,99999,1,9999,07.12.2021,0.00,34.03,21168,Ernst Grob AG,0.00,34.03,D,10,MPEU,3,2021-12-22
4301473,ASK 018 BB 6H7/6H7 AL,11301,5,9909,07.12.2021,6.00,18.80,21980,Antriebstechnik delta GmbH,30.00,94.00,D,,MPEU,3,2021-12-22
4301473,Versandkosten inkl. Verpackung,99999,1,9999,07.12.2021,0.00,10.91,21980,Antriebstechnik delta GmbH,0.00,10.91,D,,MPEU,3,2021-12-22
4301474,CYT-03-33B 24V 6,60501,100,1101,07.12.2021,9.00,18.94,30210,Bianchi Industrial SpA,900.00,1894.00,A,80,MPEU,3,2021-12-22
4301474,112-03-11 24V 6DIN,70201,100,1101,07.12.2021,11.30,15.99,30210,Bianchi Industrial SpA,1130.00,1599.00,A,80,MPEU,3,2021-12-22
4301474,ALS-055-14B Klemmnabe,10781,5,2202,07.12.2021,61.00,133.50,30210,Bianchi Industrial SpA,305.00,667.50,A,80,MPEU,3,2021-12-22
4301474,ALS-055-22B Klemmnabe,10781,3,2202,07.12.2021,61.00,133.50,30210,Bianchi Industrial SpA,183.00,400.50,A,80,MPEU,3,2021-12-22
4301474,ALS-065-G-EL,10720,100,2202,07.12.2021,2.14,3.99,30210,Bianchi Industrial SpA,214.00,399.00,A,80,MPEU,3,2021-12-22
4301474,ALS-065-35B Klemmnabe,10781,7,2202,07.12.2021,78.00,174.40,30210,Bianchi Industrial SpA,546.00,1220.80,A,80,MPEU,3,2021-12-22
4301474,SFC-080SA2-25B-32B,10101,10,2301,07.12.2021,34.89,56.36,30210,Bianchi Industrial SpA,348.90,563.60,A,80,MPEU,3,2021-12-22
4301474,SFC-080SA2-25B-35B,10101,20,2301,07.12.2021,34.89,56.36,30210,Bianchi Industrial SpA,697.80,1127.20,A,80,MPEU,3,2021-12-22
4301474,SFC-020DA2-10B-10B,10101,5,2301,07.12.2021,11.15,18.90,30210,Bianchi Industrial SpA,55.75,94.50,A,80,MPEU,3,2021-12-22
4301476,SFC-060DA2-18B-24B,10101,3,2301,07.12.2021,22.96,53.10,30436,ABSSAC Limited,68.88,159.30,A,80,MPEU,3,2021-12-22
4301476,SFC-050SA2-15BJ-20B,10110,1,2301,07.12.2021,17.58,34.20,30436,ABSSAC Limited,17.58,34.20,A,80,MPEU,3,2021-12-22
4301476,SFC-050SA2-15BJ-20BJ,10110,1,2301,07.12.2021,24.66,40.20,30436,ABSSAC Limited,24.66,40.20,A,80,MPEU,3,2021-12-22
4301476,SFF-070SS-20B-20B-100N,10302,4,2302,07.12.2021,42.30,61.63,30436,ABSSAC Limited,169.20,246.52,A,80,MPEU,3,2021-12-22
4301476,SFF-070SS-25B-25B-100N,10302,4,2302,07.12.2021,42.30,61.63,30436,ABSSAC Limited,169.20,246.52,A,80,MPEU,3,2021-12-22
4301477,ASK 040 BB 16.5/16.5 VA,11303,80,9909,07.12.2021,14.48,49.50,30954,G. Elsinghorst Stahl und Technik GmbH,1158.40,3960.00,D,80,MPEU,3,2021-12-22
4301477,Versandkosten inkl. Verpackung,99999,1,9999,07.12.2021,0.00,219.60,30954,G. Elsinghorst Stahl und Technik GmbH,0.00,219.60,D,80,MPEU,3,2021-12-22
4301478,CP1010-02-SF,80201,1,3104,07.12.2021,59.30,177.90,31075,Dosirion Dispensing World,59.30,177.90,D,80,MPEU,3,2021-12-22
4301478,CP2020-08-SF,80201,1,3104,07.12.2021,72.80,218.40,31075,Dosirion Dispensing World,72.80,218.40,D,80,MPEU,3,2021-12-22
4301478,Versandkosten inkl. Verpackung,99999,1,9999,07.12.2021,0.00,7.68,31075,Dosirion Dispensing World,0.00,7.68,D,80,MPEU,3,2021-12-22
4301479,BFK457-16 kompakt,90902,5,1302,07.12.2021,208.42,208.42,30325,Miki Pulley Co. Ltd.,1042.10,521.05,D,98,MPEU,3,2021-12-22
4301479,Set Schrauben BFK458-14/16 M8X70,90902,100,1302,07.12.2021,5.12,5.45,30325,Miki Pulley Co. Ltd.,512.00,272.50,D,98,MPEU,3,2021-12-22
4301479,Nabe BFK458-12/14MM Pilotbohrung,90902,10,1302,07.12.2021,12.05,12.05,30325,Miki Pulley Co. Ltd.,120.50,60.25,D,98,MPEU,3,2021-12-22
4301479,Dichtung BFK458-12,90902,10,1302,07.12.2021,6.89,6.89,30325,Miki Pulley Co. Ltd.,68.90,34.45,D,98,MPEU,3,2021-12-22
4301479,Set Schrauben BFK458-10/12 M6X55,90902,20,1302,07.12.2021,3.18,3.18,30325,Miki Pulley Co. Ltd.,63.60,31.80,D,98,MPEU,3,2021-12-22
4301479,Flansch BFK458-10,90902,5,1302,07.12.2021,32.46,32.46,30325,Miki Pulley Co. Ltd.,162.30,81.15,D,98,MPEU,3,2021-12-22
4301479,Nabe BFK458-08/10/10MM Pilotbohrung,90902,10,1302,07.12.2021,8.34,8.34,30325,Miki Pulley Co. Ltd.,83.40,41.70,D,98,MPEU,3,2021-12-22
4301479,Stator komplett BFK458-10-96V,90902,1,1302,07.12.2021,100.30,100.30,30325,Miki Pulley Co. Ltd.,100.30,50.15,D,98,MPEU,3,2021-12-22
4301479,Set Schrauben BFK458-06 M4X35,90902,50,1302,07.12.2021,2.40,2.51,30325,Miki Pulley Co. Ltd.,120.00,62.75,D,98,MPEU,3,2021-12-22
4301479,Bearbeitungsgebühr,99998,1,9999,07.12.2021,0.00,46.23,30325,Miki Pulley Co. Ltd.,0.00,46.23,D,98,MPEU,3,2021-12-22
4301480,DMB-2-80Nm,30201,3,9909,08.12.2021,41.48,92.00,31054,Dionex Softron GmbH,124.44,276.00,D,14,MPEU,3,2021-12-22
4301480,Versandkosten inkl. Verpackung,99999,1,9999,08.12.2021,0.00,7.68,31054,Dionex Softron GmbH,0.00,7.68,D,14,MPEU,3,2021-12-22
4301482,BFK457-16 kompakt,90902,10,1302,09.12.2021,208.42,208.42,30325,Miki Pulley Co. Ltd.,2084.20,1042.10,D,98,MPEU,3,2021-12-22
4301482,Nabe BFK458-16/30MM Pilotbohrung,90902,10,1302,09.12.2021,25.30,25.30,30325,Miki Pulley Co. Ltd.,253.00,126.50,D,98,MPEU,3,2021-12-22
4301482,Stator komplett BFK458-14-42V,90902,15,1302,09.12.2021,197.69,197.69,30325,Miki Pulley Co. Ltd.,2965.35,1482.67,D,98,MPEU,3,2021-12-22
4301482,Rotor komplett BFK458-14 ALG,90902,15,1302,09.12.2021,76.60,76.60,30325,Miki Pulley Co. Ltd.,1149.00,574.50,D,98,MPEU,3,2021-12-22
4301482,Nabe BFK458-14/14MM Pilotbohrung,90902,25,1302,09.12.2021,19.74,19.74,30325,Miki Pulley Co. Ltd.,493.50,246.75,D,98,MPEU,3,2021-12-22
4301482,Rotor komplett BFK458-16 ALG,90902,10,1302,09.12.2021,87.73,87.73,30325,Miki Pulley Co. Ltd.,877.30,438.65,D,98,MPEU,3,2021-12-22
4301482,Nabe BFK458-18/20MM Pilotbohrung,90902,10,1302,09.12.2021,48.89,48.89,30325,Miki Pulley Co. Ltd.,488.90,244.45,D,98,MPEU,3,2021-12-22
4301482,Flansch BFK458-18,90902,5,1302,09.12.2021,69.97,69.97,30325,Miki Pulley Co. Ltd.,349.85,174.92,D,98,MPEU,3,2021-12-22
4301482,Rotor BFK458-18-AL,90902,5,1302,09.12.2021,89.94,89.94,30325,Miki Pulley Co. Ltd.,449.70,224.85,D,98,MPEU,3,2021-12-22
4301482,Rotor BFK458-06-AL,90902,15,1302,09.12.2021,18.68,18.68,30325,Miki Pulley Co. Ltd.,280.20,140.10,D,98,MPEU,3,2021-12-22
4301482,Flansch BFK458-12,90902,15,1302,09.12.2021,41.08,41.08,30325,Miki Pulley Co. Ltd.,616.20,308.10,D,98,MPEU,3,2021-12-22
4301482,Rotor BFK458-12-AL,90902,10,1302,09.12.2021,33.79,33.79,30325,Miki Pulley Co. Ltd.,337.90,168.95,D,98,MPEU,3,2021-12-22
4301482,Nabe BFK458-08/10/10MM Pilotbohrung,90902,10,1302,09.12.2021,8.34,8.34,30325,Miki Pulley Co. Ltd.,83.40,41.70,D,98,MPEU,3,2021-12-22
4301482,Handlüftung BFK458-10,90902,1,1302,09.12.2021,20.41,20.41,30325,Miki Pulley Co. Ltd.,20.41,10.20,D,98,MPEU,3,2021-12-22
4301482,Rotor BFK458-10-AL,90902,5,1302,09.12.2021,28.76,28.76,30325,Miki Pulley Co. Ltd.,143.80,71.90,D,98,MPEU,3,2021-12-22
4301482,Handlüftung BFK458-14,90902,1,1302,09.12.2021,27.96,27.96,30325,Miki Pulley Co. Ltd.,27.96,13.98,D,98,MPEU,3,2021-12-22
4301482,Bearbeitungsgebühr,99998,1,9999,09.12.2021,0.00,212.41,30325,Miki Pulley Co. Ltd.,0.00,212.41,D,98,MPEU,3,2021-12-22
4301483,SFC-020DA2-7B-8B,10101,1,2301,09.12.2021,18.66,31.49,21936,Misumi Europa GmbH,18.66,31.49,D,80,MPEU,3,2021-12-22
4301483,SFC-035SA2-6B-14B,10101,2,2301,09.12.2021,8.38,34.40,21936,Misumi Europa GmbH,16.76,68.80,D,80,MPEU,3,2021-12-22
4301483,SFC-030SA2-10B-14B,10101,2,2301,09.12.2021,9.56,29.80,21936,Misumi Europa GmbH,19.12,59.60,D,80,MPEU,3,2021-12-22
4301483,DMB-1-20Nm,30201,1,9909,09.12.2021,32.46,70.52,21936,Misumi Europa GmbH,32.46,70.52,D,80,MPEU,3,2021-12-22
4301483,ALS-055-R-22B-25B,10702,1,2202,09.12.2021,27.74,40.02,21936,Misumi Europa GmbH,27.74,40.02,D,80,MPEU,3,2021-12-22
4301484,BXW-04-10H-24V,20380,500,1201,09.12.2021,12.57,17.15,30206,Ammertech B.V.,6285.00,8575.00,A,80,MPEU,3,2021-12-22
4301484,BXW-04-10 10 Nabe mit Passfedernut,20381,500,1201,09.12.2021,0.90,1.27,30206,Ammertech B.V.,450.00,635.00,A,80,MPEU,3,2021-12-22
4301484,Versandkosten inkl. Verpackung,99999,1,9999,09.12.2021,0.00,135.00,30206,Ammertech B.V.,0.00,135.00,A,80,MPEU,3,2021-12-22
4301485,ASK 080 BB 32G6/32G6 ST,11302,2,9909,09.12.2021,104.10,182.00,30831,Maschinenfabrik Herkules Meuselwitz GmbH,208.20,364.00,D,10,MPEU,3,2021-12-22
4301485,Versandkosten inkl. Verpackung,99999,1,9999,09.12.2021,0.00,7.94,30831,Maschinenfabrik Herkules Meuselwitz GmbH,0.00,7.94,D,10,MPEU,3,2021-12-22
4301486,ASK S 060 BBH 25H7/25H7 AL,11370,15,9909,09.12.2021,58.79,103.92,31084,HL engineering GmbH,881.85,1558.80,D,90,MPEU,3,2021-12-22
4301486,Versandkosten inkl. Verpackung,99999,1,9999,09.12.2021,0.00,9.34,31084,HL engineering GmbH,0.00,9.34,D,90,MPEU,3,2021-12-22
4301487,MM-14K,90904,350,2502,09.12.2021,18.61,16.38,30325,Miki Pulley Co. Ltd.,6513.50,5732.87,D,98,MPEU,3,2021-12-22
4301487,MM-25K,90904,10,2502,09.12.2021,49.72,49.72,30325,Miki Pulley Co. Ltd.,497.20,497.22,D,98,MPEU,3,2021-12-22
4301487,ZG-25x12x02,90904,50,2502,09.12.2021,4.35,4.07,30325,Miki Pulley Co. Ltd.,217.50,203.70,D,98,MPEU,3,2021-12-22
4301487,Bearbeitungsgebühr,99998,1,9999,09.12.2021,0.00,257.35,30325,Miki Pulley Co. Ltd.,0.00,257.35,D,98,MPEU,3,2021-12-22
4301488,AL-075 T2 Nabe,90913,1000,2201,10.12.2021,2.22,2.27,30351,Maschinenfabrik Mönninghoff GmbH & Co. KG,2220.00,2270.00,D,80,MPEU,3,2021-12-22
4301488,Transferkosten / Versandkosten,99976,1,9999,10.12.2021,0.00,966.00,30351,Maschinenfabrik Mönninghoff GmbH & Co. KG,0.00,966.00,D,80,MPEU,3,2021-12-22
4301489,ASK S 018 AA M5/M5 Peek,11370,500,9909,10.12.2021,3.10,4.55,30435,Bausch + Ströbel,1550.00,2275.00,D,19,MPEU,3,2021-12-22
4301489,Versandkosten inkl. Verpackung,99999,1,9999,10.12.2021,0.00,7.68,30435,Bausch + Ströbel,0.00,7.68,D,19,MPEU,3,2021-12-22
4301490,BFK457-03 / 24V / 1.0Nm,90912,80,1401,15.12.2021,12.78,13.61,30778,Kendrion INTORQ GmbH,1022.40,1088.67,D,80,MPEU,3,2021-12-22
4301490,BFK457-04 / 24V / 2.0Nm,90912,820,1401,15.12.2021,13.69,14.57,30778,Kendrion INTORQ GmbH,11225.80,11944.67,D,80,MPEU,3,2021-12-22
4301490,BFK457-05 / 24V / 2.0Nm,90912,200,1401,15.12.2021,15.32,16.78,30778,Kendrion INTORQ GmbH,3064.00,3355.00,D,80,MPEU,3,2021-12-22
4301490,BFK457-05 / 24V / 2.0Nm,90912,500,1401,15.12.2021,15.32,16.78,30778,Kendrion INTORQ GmbH,7660.00,8387.50,D,80,MPEU,3,2021-12-22
4301491,KSK 2 BB 7H7/8H7,11401,1,9909,13.12.2021,10.54,14.45,21048,Rubix GmbH,10.54,14.45,D,80,MPEU,3,2021-12-22
4301491,KSK 2 BB 7H7/8H7,11401,5,9909,13.12.2021,10.54,13.50,21048,Rubix GmbH,52.70,67.50,D,80,MPEU,3,2021-12-22
4301491,ASK 080 BBH 24H7/38H7 AL,11301,5,9909,13.12.2021,87.44,189.64,21048,Rubix GmbH,437.20,948.20,D,80,MPEU,3,2021-12-22
4301491,Versandkosten inkl. Verpackung,99999,1,9999,13.12.2021,0.00,7.94,21048,Rubix GmbH,0.00,7.94,D,80,MPEU,3,2021-12-22
4301492,ASK 050 BB 10H7/12H7 AL,11301,2,9909,13.12.2021,27.71,74.00,21219,Rodenstock GmbH,55.42,148.00,D,14,MPEU,3,2021-12-22
4301492,ASK 030 BB 10H7/14H7 AL,11301,2,9909,13.12.2021,10.00,37.00,21219,Rodenstock GmbH,20.00,74.00,D,14,MPEU,3,2021-12-22
4301492,Mindermengenzuschlag,99997,1,9999,13.12.2021,0.00,6.00,21219,Rodenstock GmbH,0.00,6.00,D,14,MPEU,3,2021-12-22
4301492,Versandkosten inkl. Verpackung,99999,1,9999,13.12.2021,0.00,7.68,21219,Rodenstock GmbH,0.00,7.68,D,14,MPEU,3,2021-12-22
4301493,SFC-020DA2-6B-8B,10101,1,2301,13.12.2021,11.15,18.90,30386,HA-CO GmbH,11.15,18.90,A,80,MPEU,3,2021-12-22
4301493,Versandkosten inkl. Verpackung,99999,1,9999,13.12.2021,0.00,17.22,30386,HA-CO GmbH,0.00,17.22,A,80,MPEU,3,2021-12-22
4301494,ASK 070 BB 20H7/20H7 VA,11303,1,9909,13.12.2021,69.42,134.00,30490,Bahama GmbH,69.42,134.00,D,80,MPEU,3,2021-12-22
4301494,Versandkosten inkl. Verpackung,99999,1,9999,13.12.2021,0.00,7.68,30490,Bahama GmbH,0.00,7.68,D,80,MPEU,3,2021-12-22
4301495,BXR-08-10-012-24V-16DIN,20101,4,1401,13.12.2021,41.85,90.20,30587,Mojin Robotics GmbH,167.40,360.80,D,13,MPEU,3,2021-12-22
4301495,Versandkosten inkl. Verpackung,99999,1,9999,13.12.2021,0.00,7.68,30587,Mojin Robotics GmbH,0.00,7.68,D,13,MPEU,3,2021-12-22
4301496,6A30C 19BC-24BC,80101,5,3104,13.12.2021,206.46,289.04,30602,MKD Maschinen und Fahrzeugteile,1032.30,1445.20,A,80,MPEU,3,2021-12-22
4301497,Torsionsprüfmaschine S-1691,90001,1,9909,13.12.2021,2888.00,2888.00,31081,BAUMANN Federn AG,2888.00,2888.00,D,80,MPEU,3,2021-12-22
4301497,Torsionsprüfmaschine S-1692,90001,1,9909,13.12.2021,2940.00,2940.00,31081,BAUMANN Federn AG,2940.00,2940.00,D,80,MPEU,3,2021-12-22
4301497,MM-25K,90904,45,2502,13.12.2021,49.72,0.00,31081,BAUMANN Federn AG,2237.40,0.00,D,80,MPEU,3,2021-12-22
4301497,Versandkosten,99999,1,9999,13.12.2021,0.00,1361.60,31081,BAUMANN Federn AG,0.00,1361.60,D,80,MPEU,3,2021-12-22
4301497,Versandkosten inkl. Verpackung,99999,1,9999,13.12.2021,0.00,208.00,31081,BAUMANN Federn AG,0.00,208.00,D,80,MPEU,3,2021-12-22
4301498,ASK 018 BB 3H7/4.5H7 AL,11301,150,9909,14.12.2021,8.41,14.00,30397,HA-CO Motion AG,1261.50,2100.00,A,80,MPEU,3,2021-12-22
4301498,ASK 030 BB 14H7/14H7 AL,11301,9,9909,14.12.2021,10.00,25.00,30397,HA-CO Motion AG,90.00,225.00,A,80,MPEU,3,2021-12-22
4301499,14.800.10.11.1 24V 19MM HT80,90902,3,1302,14.12.2021,830.01,830.01,30325,Miki Pulley Co. Ltd.,2490.03,1245.01,D,98,MPEU,3,2021-12-22
4301499,14.800.12.11.1 24V 24MM HT100,90902,2,1302,14.12.2021,1136.48,1136.48,30325,Miki Pulley Co. Ltd.,2272.96,1136.48,D,98,MPEU,3,2021-12-22
4301499,14.800.12.11.1 24V 24MM HT100,90902,1,1302,14.12.2021,1136.48,1136.48,30325,Miki Pulley Co. Ltd.,1136.48,568.24,D,98,MPEU,3,2021-12-22
4301499,Bearbeitungsgebühr,99998,1,9999,14.12.2021,0.00,117.99,30325,Miki Pulley Co. Ltd.,0.00,117.99,D,98,MPEU,3,2021-12-22
4301500,ASK 080 BB 28H7/38H7 ST,11302,2,9909,14.12.2021,103.34,182.00,21036,Liebherr-Verzahntechnik GmbH,206.68,364.00,D,80,MPEU,3,2021-12-22
4301500,ASK S 050 BB 19H7/24H7 AL,11370,11,9909,14.12.2021,31.14,75.04,21036,Liebherr-Verzahntechnik GmbH,342.54,825.44,D,80,MPEU,3,2021-12-22
4301501,Dichtung Enkamat,90401,300,0001,14.12.2021,1.80,2.20,21565,Low & Bonar Production GmbH,540.00,660.00,D,23,MPEU,3,2021-12-22
4301501,Versandkosten inkl. Verpackung,99999,1,9999,14.12.2021,0.00,7.68,21565,Low & Bonar Production GmbH,0.00,7.68,D,23,MPEU,3,2021-12-22
4301502,ASK 030 BB 9H7/9H7 AL,11301,2,9909,14.12.2021,9.93,30.34,21936,Misumi Europa GmbH,19.86,60.68,D,80,MPEU,3,2021-12-22
4301503,ASK 025 BB 6H7/6H7 AL,11301,2,9909,14.12.2021,9.68,28.00,30358,KARL MAYER STOLL,19.36,56.00,D,23,MPEU,3,2021-12-22
4301503,Mindermengenzuschlag,99997,1,9999,14.12.2021,0.00,24.00,30358,KARL MAYER STOLL,0.00,24.00,D,23,MPEU,3,2021-12-22
4301503,Versandkosten inkl. Verpackung,99999,1,9999,14.12.2021,0.00,7.68,30358,KARL MAYER STOLL,0.00,7.68,D,23,MPEU,3,2021-12-22
4301504,SFC-090SA2-30BJ-30BJ,10110,1,2301,14.12.2021,45.70,178.50,30738,Rubix GmbH,45.70,178.50,D,80,MPEU,3,2021-12-22
4301504,Versandkosten inkl. Verpackung,99999,1,9999,14.12.2021,0.00,7.68,30738,Rubix GmbH,0.00,7.68,D,80,MPEU,3,2021-12-22
4301505,458-16E 100NM 30DIN DC42V,90902,40,1302,14.12.2021,162.66,162.66,30325,Miki Pulley Co. Ltd.,6506.40,6506.40,D,98,MPEU,3,2021-12-22
4301505,Stator komplett BFK458-14-42V,90902,10,1302,14.12.2021,197.69,197.69,30325,Miki Pulley Co. Ltd.,1976.90,988.45,D,98,MPEU,3,2021-12-22
4301505,Rotor komplett BFK458-14 ALG,90902,10,1302,14.12.2021,76.60,76.60,30325,Miki Pulley Co. Ltd.,766.00,383.00,D,98,MPEU,3,2021-12-22
4301505,Nabe BFK458-16/15MM Pilotbohrung,90902,10,1302,14.12.2021,25.30,25.30,30325,Miki Pulley Co. Ltd.,253.00,126.50,D,98,MPEU,3,2021-12-22
4301505,Stator komplett BFK458-10-24V,90902,10,1302,14.12.2021,100.30,100.30,30325,Miki Pulley Co. Ltd.,1003.00,501.50,D,98,MPEU,3,2021-12-22
4301505,Flansch BFK458-10,90902,5,1302,14.12.2021,32.46,32.46,30325,Miki Pulley Co. Ltd.,162.30,81.15,D,98,MPEU,3,2021-12-22
4301505,Nabe BFK458-08/10/10MM Pilotbohrung,90902,5,1302,14.12.2021,8.34,8.34,30325,Miki Pulley Co. Ltd.,41.70,20.85,D,98,MPEU,3,2021-12-22
4301505,Rotor BFK458-10-AL,90902,15,1302,14.12.2021,28.76,28.76,30325,Miki Pulley Co. Ltd.,431.40,215.70,D,98,MPEU,3,2021-12-22
4301505,Stator komplett BFK458-16-24V,90902,5,1302,14.12.2021,267.25,267.25,30325,Miki Pulley Co. Ltd.,1336.25,668.12,D,98,MPEU,3,2021-12-22
4301505,Handlüftung BFK458-16,90902,5,1302,14.12.2021,33.51,33.51,30325,Miki Pulley Co. Ltd.,167.55,83.77,D,98,MPEU,3,2021-12-22
4301505,Flansch BFK458-16,90902,10,1302,14.12.2021,61.09,61.09,30325,Miki Pulley Co. Ltd.,610.90,305.45,D,98,MPEU,3,2021-12-22
4301505,Rotor BFK458-16-AL,90902,5,1302,14.12.2021,49.29,49.29,30325,Miki Pulley Co. Ltd.,246.45,123.22,D,98,MPEU,3,2021-12-22
4301505,Stator komplett BFK458-20-24V,90902,3,1302,14.12.2021,572.27,572.27,30325,Miki Pulley Co. Ltd.,1716.81,858.40,D,98,MPEU,3,2021-12-22
4301505,Handlüftung BFK458-20,90902,2,1302,14.12.2021,64.54,64.54,30325,Miki Pulley Co. Ltd.,129.08,64.54,D,98,MPEU,3,2021-12-22
4301505,Dichtung BFK458-20,90902,4,1302,14.12.2021,26.36,26.36,30325,Miki Pulley Co. Ltd.,105.44,52.72,D,98,MPEU,3,2021-12-22
4301505,Nabe BFK458-20/25MM Pilotbohrung,90902,4,1302,14.12.2021,57.64,57.64,30325,Miki Pulley Co. Ltd.,230.56,115.28,D,98,MPEU,3,2021-12-22
4301505,Stator komplett BFK458-16-96V,90902,2,1302,14.12.2021,267.25,267.25,30325,Miki Pulley Co. Ltd.,534.50,267.25,D,98,MPEU,3,2021-12-22
4301505,Nabe BFK458-12/14MM Pilotbohrung,90902,15,1302,14.12.2021,12.05,12.05,30325,Miki Pulley Co. Ltd.,180.75,90.37,D,98,MPEU,3,2021-12-22
4301505,Flansch BFK458-10,90902,7,1302,14.12.2021,32.46,32.46,30325,Miki Pulley Co. Ltd.,227.22,113.61,D,98,MPEU,3,2021-12-22
4301505,Handlüftung BFK458-18,90902,1,1302,14.12.2021,52.34,52.34,30325,Miki Pulley Co. Ltd.,52.34,26.17,D,98,MPEU,3,2021-12-22
4301505,Flansch BFK458-16,90902,4,1302,14.12.2021,61.09,61.09,30325,Miki Pulley Co. Ltd.,244.36,122.18,D,98,MPEU,3,2021-12-22
4301505,Handlüftung BFK458-20,90902,4,1302,14.12.2021,64.54,64.54,30325,Miki Pulley Co. Ltd.,258.16,129.08,D,98,MPEU,3,2021-12-22
4301505,Dichtung BFK458-20,90902,7,1302,14.12.2021,26.36,26.36,30325,Miki Pulley Co. Ltd.,184.52,92.26,D,98,MPEU,3,2021-12-22
4301505,Nabe BFK458-20/25MM Pilotbohrung,90902,9,1302,14.12.2021,57.64,57.64,30325,Miki Pulley Co. Ltd.,518.76,259.38,D,98,MPEU,3,2021-12-22
4301505,Stator komplett BFK458-12-96V,90902,2,1302,14.12.2021,135.69,135.69,30325,Miki Pulley Co. Ltd.,271.38,135.69,D,98,MPEU,3,2021-12-22
4301505,Stator komplett BFK458-16-96V,90902,2,1302,14.12.2021,267.25,267.25,30325,Miki Pulley Co. Ltd.,534.50,267.25,D,98,MPEU,3,2021-12-22
4301505,458-16E 100NM 30DIN DC42V,90902,40,1302,14.12.2021,162.66,162.66,30325,Miki Pulley Co. Ltd.,6506.40,6506.40,D,98,MPEU,3,2021-12-22
4301505,Handlüftung Set BFK458-06,90902,10,1302,14.12.2021,17.36,17.36,30325,Miki Pulley Co. Ltd.,173.60,86.80,D,98,MPEU,3,2021-12-22
4301505,Handlüftung Set BFK458-06,90902,10,1302,14.12.2021,17.36,17.36,30325,Miki Pulley Co. Ltd.,173.60,86.80,D,98,MPEU,3,2021-12-22
4301505,Bearbeitungsgebühr,99998,1,9999,14.12.2021,0.00,771.13,30325,Miki Pulley Co. Ltd.,0.00,771.13,D,98,MPEU,3,2021-12-22
4301506,BXW-03-10L-24V,20380,10,1201,15.12.2021,11.13,34.91,30372,Schleuniger AG,111.30,349.10,D,11,MPEU,3,2021-12-22
4301506,BXW-03-10 8 Nabe,20381,10,1201,15.12.2021,0.73,2.10,30372,Schleuniger AG,7.30,21.00,D,11,MPEU,3,2021-12-22
4301507,ASK 100 BB 50H7/50H7 AL,11301,4,9909,15.12.2021,73.22,212.00,21004,Hörauf Maschinenfabrik GmbH & Co. KG,292.88,848.00,D,10,MPEU,3,2021-12-22
4301507,Versandkosten inkl. Verpackung,99999,1,9999,15.12.2021,0.00,9.34,21004,Hörauf Maschinenfabrik GmbH & Co. KG,0.00,9.34,D,10,MPEU,3,2021-12-22
4301508,ASK 040 BB 10H7/19H7 VA,11303,5,9909,15.12.2021,25.60,55.00,21033,Mühlbauer GmbH & Co. KG,128.00,275.00,D,11,MPEU,3,2021-12-22
4301509,ASK 040 BB 12H7/12H7 VA,11303,2,9909,15.12.2021,29.57,44.00,21054,RRG Industrietechnik GmbH,59.14,88.00,A,80,MPEU,3,2021-12-22
4301509,ASK 030 BB 12H7/14H7 ST,11302,1,9909,15.12.2021,23.58,30.00,21054,RRG Industrietechnik GmbH,23.58,30.00,A,80,MPEU,3,2021-12-22
4301509,ASK 060 BB 20H7/20H7 AL,11301,2,9909,15.12.2021,37.74,76.00,21054,RRG Industrietechnik GmbH,75.48,152.00,A,80,MPEU,3,2021-12-22
4301509,Versandkosten inkl. Verpackung,99999,1,9999,15.12.2021,0.00,7.68,21054,RRG Industrietechnik GmbH,0.00,7.68,A,80,MPEU,3,2021-12-22
4301510,ASK 040 BB 14H7/18H7 AL,11301,4,9909,15.12.2021,17.02,40.80,21258,Schneider Antriebstechnik GmbH,68.08,163.20,D,80,MPEU,3,2021-12-22
4301510,Versandkosten inkl. Verpackung,99999,1,9999,15.12.2021,0.00,7.68,21258,Schneider Antriebstechnik GmbH,0.00,7.68,D,80,MPEU,3,2021-12-22
4301511,ASK 040 BB 9H7/16H7 VA,11303,30,9909,15.12.2021,14.35,50.60,21516,Unielektro Fachgroßhandel GmbH & Co. KG,430.50,1518.00,D,80,MPEU,3,2021-12-22
4301511,Versandkosten inkl. Verpackung,99999,1,9999,15.12.2021,0.00,12.11,21516,Unielektro Fachgroßhandel GmbH & Co. KG,0.00,12.11,D,80,MPEU,3,2021-12-22
4301512,ASK 025 BB 8H7/8H7 AL,11301,4,9909,15.12.2021,9.00,25.80,21803,Gühring KG,36.00,103.20,D,80,MPEU,3,2021-12-22
4301512,Versandkosten inkl. Verpackung,99999,1,9999,15.12.2021,0.00,7.68,21803,Gühring KG,0.00,7.68,D,80,MPEU,3,2021-12-22
4301513,ASK 030 BB 14H7/14H7 AL,11301,2,9909,15.12.2021,10.00,37.00,21975,BMW AG,20.00,74.00,D,90,MPEU,3,2021-12-22
4301513,Mindermengenzuschlag,99997,1,9999,15.12.2021,0.00,6.00,21975,BMW AG,0.00,6.00,D,90,MPEU,3,2021-12-22
4301513,Versandkosten inkl. Verpackung,99999,1,9999,15.12.2021,0.00,7.68,21975,BMW AG,0.00,7.68,D,90,MPEU,3,2021-12-22
4301514,SFC-030SA2-9B-9B,10101,4,2301,15.12.2021,10.06,17.80,30212,SCHMIDT KUPPLUNG GmbH,40.24,71.20,A,80,MPEU,3,2021-12-22
4301514,SFC-020DA2-10B-10B,10101,2,2301,15.12.2021,11.15,18.90,30212,SCHMIDT KUPPLUNG GmbH,22.30,37.80,A,80,MPEU,3,2021-12-22
4301515,STK-10-GS-ST,11501,2,9909,15.12.2021,9.40,11.97,30463,StS Coupling GmbH,18.80,23.94,A,16,MPEU,3,2021-12-22
4301516,AL Spider L-110,10820,1,2201,15.12.2021,1.40,6.10,30911,N2 Automation AB,1.40,6.10,A,80,MPEU,3,2021-12-22
4301516,Versandkosten inkl. Verpackung,99999,1,9999,15.12.2021,0.00,17.22,30911,N2 Automation AB,0.00,17.22,A,80,MPEU,3,2021-12-22
4301517,BXR-020-10LE-014 24V,20201,6,1201,15.12.2021,25.20,68.76,30980,Physik Instrumente (PI) GmbH & Co. KG,151.20,412.56,D,99,MPEU,3,2021-12-22
4301517,Versandkosten inkl. Verpackung,99999,1,9999,15.12.2021,0.00,7.68,30980,Physik Instrumente (PI) GmbH & Co. KG,0.00,7.68,D,99,MPEU,3,2021-12-22
4301518,112-02-11 24V 5,70201,2,1101,15.12.2021,10.50,25.08,31010,W. Gessmann GmbH,21.00,50.16,D,06,MPEU,3,2021-12-22
4301518,112-03-11 24V 6DIN,70201,2,1101,15.12.2021,11.30,27.22,31010,W. Gessmann GmbH,22.60,54.44,D,06,MPEU,3,2021-12-22
4301518,Versandkosten inkl. Verpackung,99999,1,9999,15.12.2021,0.00,7.68,31010,W. Gessmann GmbH,0.00,7.68,D,06,MPEU,3,2021-12-22
4301519,ASK 018 BB 4H7/6H7 AL,11301,10,9909,16.12.2021,8.61,18.05,21282,Rotra Antriebsentwicklung GmbH,86.10,180.50,D,90,MPEU,3,2021-12-22
4301519,ASK 018 BB 5H7/5H7 AL,11301,6,9909,16.12.2021,8.61,18.80,21282,Rotra Antriebsentwicklung GmbH,51.66,112.80,D,90,MPEU,3,2021-12-22
4301519,ASK 020 BB 5H7/5H7 AL,11301,6,9909,16.12.2021,19.91,24.00,21282,Rotra Antriebsentwicklung GmbH,119.46,144.00,D,90,MPEU,3,2021-12-22
4301519,Versandkosten inkl. Verpackung,99999,1,9999,16.12.2021,0.00,10.91,21282,Rotra Antriebsentwicklung GmbH,0.00,10.91,D,90,MPEU,3,2021-12-22
4301520,ASK 080 BB 34H7/34H7 AL,11301,2,9909,16.12.2021,58.04,145.00,21531,PIA Automation Austria GmbH,116.08,290.00,D,80,MPEU,3,2021-12-22
4301520,Versandkosten inkl. Verpackung,99999,1,9999,16.12.2021,0.00,17.22,21531,PIA Automation Austria GmbH,0.00,17.22,D,80,MPEU,3,2021-12-22
4301521,ASK S 060 BBH 18H7/20H7 VA,11370,12,9909,16.12.2021,94.11,111.00,21793,HA-CO GmbH,1129.32,1332.00,A,80,MPEU,3,2021-12-22
4301521,Versandkosten inkl. Verpackung,99999,1,9999,16.12.2021,0.00,14.53,21793,HA-CO GmbH,0.00,14.53,A,80,MPEU,3,2021-12-22
4301522,ASK 030 BB 6H7/12H7 AL,11301,2,9909,16.12.2021,7.58,30.34,21936,Misumi Europa GmbH,15.16,60.68,D,80,MPEU,3,2021-12-22
4301522,SFC-020DA2-6B-8B,10101,3,2301,16.12.2021,11.15,31.49,21936,Misumi Europa GmbH,33.45,94.47,D,80,MPEU,3,2021-12-22
4301522,SFC-020DA2-6B-8B,10101,3,2301,16.12.2021,11.15,31.49,21936,Misumi Europa GmbH,33.45,94.47,D,80,MPEU,3,2021-12-22
4301522,ALS-030-R-12B-12B,10702,12,2202,16.12.2021,9.81,20.35,21936,Misumi Europa GmbH,117.72,244.20,D,80,MPEU,3,2021-12-22
4301523,ALS-055-R-14B-25B,10701,16,2202,16.12.2021,15.80,30.47,30206,Ammertech B.V.,252.80,487.52,A,80,MPEU,3,2021-12-22
4301523,SFC-030DA2-6B-16B,10101,2,2301,16.12.2021,18.42,22.10,30206,Ammertech B.V.,36.84,44.20,A,80,MPEU,3,2021-12-22
4301523,ALS-055-R-25B-28B,10702,16,2202,16.12.2021,27.74,30.47,30206,Ammertech B.V.,443.84,487.52,A,80,MPEU,3,2021-12-22
4301523,Versandkosten inkl. Verpackung,99999,1,9999,16.12.2021,0.00,16.32,30206,Ammertech B.V.,0.00,16.32,A,80,MPEU,3,2021-12-22
4301524,SFS-09S,10250,3,2302,16.12.2021,22.30,51.34,30209,Apex Dynamics Polska Sp. z o.o.,66.90,154.02,A,80,MPEU,3,2021-12-22
4301524,AL-100 25H-25H,10801,2,2201,16.12.2021,20.00,44.40,30209,Apex Dynamics Polska Sp. z o.o.,40.00,88.80,A,80,MPEU,3,2021-12-22
4301524,AL-050 12H-12H,10801,2,2201,16.12.2021,10.40,26.50,30209,Apex Dynamics Polska Sp. z o.o.,20.80,53.00,A,80,MPEU,3,2021-12-22
4301524,SFC-080SA2-32B-32B,10101,1,2301,16.12.2021,34.89,58.10,30209,Apex Dynamics Polska Sp. z o.o.,34.89,58.10,A,80,MPEU,3,2021-12-22
4301525,ALS-040-10B Klemmnabe,10781,4,2202,16.12.2021,35.00,95.90,30210,Bianchi Industrial SpA,140.00,383.60,A,80,MPEU,3,2021-12-22
4301526,BXR-040-10LE-132 24V,20201,30,1201,16.12.2021,28.50,44.00,30213,MTA GmbH,855.00,1320.00,D,01,MPEU,3,2021-12-22
4301526,BXW-03-10H-24V,20380,25,1201,16.12.2021,11.13,26.18,30213,MTA GmbH,278.25,654.50,D,01,MPEU,3,2021-12-22
4301526,BXW-03-10 8 Nabe,20381,25,1201,16.12.2021,0.73,2.10,30213,MTA GmbH,18.25,52.50,D,01,MPEU,3,2021-12-22
4301526,Versandkosten,99999,1,9999,16.12.2021,0.00,22.68,30213,MTA GmbH,0.00,22.68,D,01,MPEU,3,2021-12-22
4301527,101-08-11G 24V R15DIN A15DIN,60101,2,1301,16.12.2021,31.40,58.08,30214,Coroll s.r.o.,62.80,116.16,A,80,MPEU,3,2021-12-22
4301527,111-08-11G 24V 15DIN,70101,2,1301,16.12.2021,24.10,57.74,30214,Coroll s.r.o.,48.20,115.48,A,80,MPEU,3,2021-12-22
4301527,111-16-12G 24V 40JIS,70101,4,1301,16.12.2021,63.50,125.70,30214,Coroll s.r.o.,254.00,502.80,A,80,MPEU,3,2021-12-22
4301527,BXW-05-12H-105,20370,30,1201,16.12.2021,21.25,44.30,30214,Coroll s.r.o.,637.50,1329.00,A,80,MPEU,3,2021-12-22
4301527,BXW-05-12H-105,20370,20,1201,16.12.2021,21.25,44.30,30214,Coroll s.r.o.,425.00,886.00,A,80,MPEU,3,2021-12-22
4301527,Versandkosten inkl. Verpackung,99999,1,9999,16.12.2021,0.00,97.38,30214,Coroll s.r.o.,0.00,97.38,A,80,MPEU,3,2021-12-22
4301528,AK-185-MA-28N-SD,50103,3,3101,16.12.2021,116.20,417.09,30220,JD Engineers BV,348.60,1251.27,D,19,MPEU,3,2021-12-22
4301528,AK-155-MA-24N-SD,50103,2,3101,16.12.2021,98.80,335.35,30220,JD Engineers BV,197.60,670.70,D,19,MPEU,3,2021-12-22
4301528,AK-155-MA-24N-RFB,50103,2,3101,16.12.2021,143.00,470.08,30220,JD Engineers BV,286.00,940.16,D,19,MPEU,3,2021-12-22
4301528,AK-124-MA-14N-SD,50103,1,3101,16.12.2021,83.90,281.02,30220,JD Engineers BV,83.90,281.02,D,19,MPEU,3,2021-12-22
4301528,PE-216-MA-25H,50103,1,3101,16.12.2021,83.30,372.82,30220,JD Engineers BV,83.30,372.82,D,19,MPEU,3,2021-12-22
4301528,PE-216-MA-30H,50103,1,3101,16.12.2021,83.30,372.82,30220,JD Engineers BV,83.30,372.82,D,19,MPEU,3,2021-12-22
4301528,RFB-155-SD-500 Fernbedienung,50103,1,3101,16.12.2021,78.70,200.57,30220,JD Engineers BV,78.70,200.57,D,19,MPEU,3,2021-12-22
4301528,Versandkosten inkl. Verpackung,99999,1,9999,16.12.2021,0.00,171.00,30220,JD Engineers BV,0.00,171.00,D,19,MPEU,3,2021-12-22
4301529,SFC-020DA2-5B-6.35B,10101,3,2301,16.12.2021,18.66,28.63,30225,Dor Drives Systems 2020 Ltd.,55.98,85.89,D,80,MPEU,3,2021-12-22
4301529,SFC-020DA2-8B-10B,10101,2,2301,16.12.2021,11.15,28.63,30225,Dor Drives Systems 2020 Ltd.,22.30,57.26,D,80,MPEU,3,2021-12-22
4301530,SFC-060SA2-20-30,10170,6,2301,16.12.2021,53.75,96.00,30256,TROTEC Laser GmbH,322.50,576.00,D,90,MPEU,3,2021-12-22
4301530,Versandkosten inkl. Verpackung,99999,1,9999,16.12.2021,0.00,17.22,30256,TROTEC Laser GmbH,0.00,17.22,D,90,MPEU,3,2021-12-22
4301531,ASK 030 BB 8H7/8H7 VA,11303,2,9909,16.12.2021,13.99,32.00,30319,Prud'homme Transmissions,27.98,64.00,A,80,MPEU,3,2021-12-22
4301531,ASK 040 BB 15H7/15H7 AL,11301,15,9909,16.12.2021,13.80,33.00,30319,Prud'homme Transmissions,207.00,495.00,A,80,MPEU,3,2021-12-22
4301531,ASK 030 BB 8H7/10H7 ST,11302,2,9909,16.12.2021,23.81,30.00,30319,Prud'homme Transmissions,47.62,60.00,A,80,MPEU,3,2021-12-22
4301531,ASK 025 BB 10H7/10H7 AL,11301,2,9909,16.12.2021,7.38,17.00,30319,Prud'homme Transmissions,14.76,34.00,A,80,MPEU,3,2021-12-22
4301531,ASK 025 BB 8H7/9.5H7 AL,11301,1,9909,16.12.2021,16.98,17.00,30319,Prud'homme Transmissions,16.98,17.00,A,80,MPEU,3,2021-12-22
4301531,Versandkosten inkl. Verpackung,99999,1,9999,16.12.2021,0.00,17.22,30319,Prud'homme Transmissions,0.00,17.22,A,80,MPEU,3,2021-12-22
4301532,SFC-040DA2-M-19B-19B,90913,5,2301,16.12.2021,20.69,21.17,30351,Maschinenfabrik Mönninghoff GmbH & Co. KG,103.45,105.85,D,80,MPEU,3,2021-12-22
4301532,SFC-035DA2-M-12B-15B,90913,100,2301,16.12.2021,17.96,18.37,30351,Maschinenfabrik Mönninghoff GmbH & Co. KG,1796.00,1837.00,D,80,MPEU,3,2021-12-22
4301532,Feder TT-2X-01-A 8Nm,90913,30,3105,16.12.2021,1.27,1.30,30351,Maschinenfabrik Mönninghoff GmbH & Co. KG,38.10,39.00,D,80,MPEU,3,2021-12-22
4301532,Membrane SFS-06S,90913,500,2302,16.12.2021,0.85,0.87,30351,Maschinenfabrik Mönninghoff GmbH & Co. KG,425.00,435.00,D,80,MPEU,3,2021-12-22
4301532,SFC-030DA2-M-6B-10B,90913,5,2301,16.12.2021,15.86,16.22,30351,Maschinenfabrik Mönninghoff GmbH & Co. KG,79.30,81.10,D,80,MPEU,3,2021-12-22
4301532,SFC-050DA2-M-19B-20B,90913,6,2301,16.12.2021,31.92,32.65,30351,Maschinenfabrik Mönninghoff GmbH & Co. KG,191.52,195.90,D,80,MPEU,3,2021-12-22
4301532,SFC-020DA2-M-6.35B-8B,90913,20,2301,16.12.2021,15.44,15.80,30351,Maschinenfabrik Mönninghoff GmbH & Co. KG,308.80,316.00,D,80,MPEU,3,2021-12-22
4301532,SFC-050SA2-M-18B-18B,90913,2,2301,16.12.2021,22.16,22.67,30351,Maschinenfabrik Mönninghoff GmbH & Co. KG,44.32,45.34,D,80,MPEU,3,2021-12-22
4301532,Transferkosten / Versandkosten,99976,1,9999,16.12.2021,0.00,252.00,30351,Maschinenfabrik Mönninghoff GmbH & Co. KG,0.00,252.00,D,80,MPEU,3,2021-12-22
4301533,Messrad gesintert (di35),90001,50,9101,16.12.2021,26.49,36.90,30362,Siemens AG,1324.50,1845.00,D,01,MPEU,3,2021-12-22
4301533,Messrad gesintert (di35),90001,50,9101,16.12.2021,26.49,36.90,30362,Siemens AG,1324.50,1845.00,D,01,MPEU,3,2021-12-22
4301533,Messrad gesintert (di35),90001,50,9101,16.12.2021,26.49,36.90,30362,Siemens AG,1324.50,1845.00,D,01,MPEU,3,2021-12-22
4301533,Messrad gesintert (di35),90001,50,9101,16.12.2021,26.49,36.90,30362,Siemens AG,1324.50,1845.00,D,01,MPEU,3,2021-12-22
4301533,Messrad gesintert (di35),90001,50,9101,16.12.2021,26.49,36.90,30362,Siemens AG,1324.50,1845.00,D,01,MPEU,3,2021-12-22
4301533,Versandkosten inkl. Verpackung,99999,1,9999,16.12.2021,0.00,47.17,30362,Siemens AG,0.00,47.17,D,01,MPEU,3,2021-12-22
4301534,BXR-035-10LE-A-4,20270,100,1201,16.12.2021,26.00,50.55,30383,Georgii Kobold GmbH & Co. KG.,2600.00,5055.00,D,14,MPEU,3,2021-12-22
4301534,BXR-035-10LE-A-4,20270,100,1201,16.12.2021,26.00,50.55,30383,Georgii Kobold GmbH & Co. KG.,2600.00,5055.00,D,14,MPEU,3,2021-12-22
4301534,Transferkosten / Versandkosten,99976,1,9999,16.12.2021,0.00,180.00,30383,Georgii Kobold GmbH & Co. KG.,0.00,180.00,D,14,MPEU,3,2021-12-22
4301534,Versandkosten inkl. Verpackung,99999,1,9999,16.12.2021,0.00,27.47,30383,Georgii Kobold GmbH & Co. KG.,0.00,27.47,D,14,MPEU,3,2021-12-22
4301535,112-05-13 24V,70201,2,1101,16.12.2021,11.30,18.60,30388,SC PARCON FREIWALD SRL,22.60,37.20,A,80,MPEU,3,2021-12-22
4301535,Versandkosten inkl. Verpackung,99999,1,9999,16.12.2021,0.00,7.68,30388,SC PARCON FREIWALD SRL,0.00,7.68,A,80,MPEU,3,2021-12-22
4301536,ASK S 050 BBH 15H7/15H7 VA,11370,6,9909,16.12.2021,60.14,110.00,31013,OLBRICH GmbH,360.84,660.00,D,10,MPEU,3,2021-12-22
4301536,Versandkosten inkl. Verpackung,99999,1,9999,16.12.2021,0.00,7.94,31013,OLBRICH GmbH,0.00,7.94,D,10,MPEU,3,2021-12-22
4301537,TT-2-01-14H-14H-10Nm,30101,7,3105,16.12.2021,67.70,140.45,31073,KAUFMANN AG,473.90,983.15,D,90,MPEU,3,2021-12-22
4301537,Versandkosten inkl. Verpackung,99999,1,9999,16.12.2021,0.00,35.36,31073,KAUFMANN AG,0.00,35.36,D,90,MPEU,3,2021-12-22
4301538,ASK 030 BB 8.5H7/14H7 AL,11301,5,9909,17.12.2021,15.08,37.00,21250,Klein SystemTechnik GmbH,75.40,185.00,D,90,MPEU,3,2021-12-22
4301538,Versandkosten inkl. Verpackung,99999,1,9999,17.12.2021,0.00,7.68,21250,Klein SystemTechnik GmbH,0.00,7.68,D,90,MPEU,3,2021-12-22
4301539,SFF-080SS-22K-35K-200N,10303,19,2302,17.12.2021,37.80,67.34,30211,Feyc Rodamientos S.A,718.20,1279.46,A,80,MPEU,3,2021-12-22
4301540,SFC-060SA2-T131,10170,30,2301,17.12.2021,27.95,76.00,30256,TROTEC Laser GmbH,838.50,2280.00,D,90,MPEU,3,2021-12-22
4301540,Versandkosten inkl. Verpackung,99999,1,9999,17.12.2021,0.00,19.22,30256,TROTEC Laser GmbH,0.00,19.22,D,90,MPEU,3,2021-12-22
4301541,BXW-02-10H-24V,20380,425,1201,17.12.2021,9.61,18.15,30482,Kählig Antriebstechnik GmbH,4084.25,7713.75,D,01,MPEU,3,2021-12-22
4301541,BXW-02-10 8 Nabe,20381,450,1201,17.12.2021,8.23,1.62,30482,Kählig Antriebstechnik GmbH,3703.50,729.00,D,01,MPEU,3,2021-12-22
4301541,Versandkosten inkl. Verpackung,99999,1,9999,17.12.2021,0.00,97.00,30482,Kählig Antriebstechnik GmbH,0.00,97.00,D,01,MPEU,3,2021-12-22
4301542,458-16E 100NM 30DIN DC42V,90902,40,1302,17.12.2021,162.66,162.66,30325,Miki Pulley Co. Ltd.,6506.40,6506.40,D,98,MPEU,3,2021-12-22
4301542,Bearbeitungsgebühr,99998,1,9999,17.12.2021,0.00,260.26,30325,Miki Pulley Co. Ltd.,0.00,260.26,D,98,MPEU,3,2021-12-22
4301543,DKWN-06-16,90904,87,2502,17.12.2021,11.11,10.89,30325,Miki Pulley Co. Ltd.,966.57,947.33,D,98,MPEU,3,2021-12-22
4301543,DKWN-06-16,90904,300,2502,17.12.2021,11.11,10.89,30325,Miki Pulley Co. Ltd.,3333.00,3266.67,D,98,MPEU,3,2021-12-22
4301543,DKWN-06-16,90904,62,2502,17.12.2021,11.11,10.89,30325,Miki Pulley Co. Ltd.,688.82,675.11,D,98,MPEU,3,2021-12-22
4301543,DKWN-35-60,90904,25,2502,17.12.2021,38.52,38.52,30325,Miki Pulley Co. Ltd.,963.00,962.96,D,98,MPEU,3,2021-12-22
4301543,Bearbeitungsgebühr,99998,1,9999,17.12.2021,0.00,234.08,30325,Miki Pulley Co. Ltd.,0.00,234.08,D,98,MPEU,3,2021-12-22
4301543,Verpackungskosten,99991,1,9999,17.12.2021,0.00,12.96,30325,Miki Pulley Co. Ltd.,0.00,12.96,D,98,MPEU,3,2021-12-22
4301544,MM-19K 18H-19H,11701,1,2502,20.12.2021,43.50,62.88,30209,Apex Dynamics Polska Sp. z o.o.,43.50,62.88,A,80,MPEU,3,2021-12-22
4301545,MF-20K,90904,10,2502,21.12.2021,41.85,41.85,30325,Miki Pulley Co. Ltd.,418.50,418.52,D,98,MPEU,3,2021-12-22
4301545,Bearbeitungsgebühr,99998,1,9999,21.12.2021,0.00,16.74,30325,Miki Pulley Co. Ltd.,0.00,16.74,D,98,MPEU,3,2021-12-22
4301548,BFK457-16 kompakt,90902,10,1302,22.12.2021,208.42,208.42,30325,Miki Pulley Co. Ltd.,2084.20,1042.10,D,98,MPEU,3,2021-12-22
4301548,Flansch BFK458-10,90902,2,1302,22.12.2021,32.46,32.46,30325,Miki Pulley Co. Ltd.,64.92,32.46,D,98,MPEU,3,2021-12-22
4301548,Nabe BFK458-08/10/10MM Pilotbohrung,90902,2,1302,22.12.2021,8.34,8.34,30325,Miki Pulley Co. Ltd.,16.68,8.34,D,98,MPEU,3,2021-12-22
4301548,Stator komplett BFK458-06E 24V 4.0Nm,90902,10,1302,22.12.2021,58.82,58.82,30325,Miki Pulley Co. Ltd.,588.20,294.10,D,98,MPEU,3,2021-12-22
4301548,Handlüftung BFK458-10,90902,1,1302,22.12.2021,20.41,20.41,30325,Miki Pulley Co. Ltd.,20.41,10.20,D,98,MPEU,3,2021-12-22
4301548,Handlüftung BFK458-16,90902,2,1302,22.12.2021,33.51,33.51,30325,Miki Pulley Co. Ltd.,67.02,33.51,D,98,MPEU,3,2021-12-22
4301548,Flansch BFK458-16,90902,3,1302,22.12.2021,61.09,61.09,30325,Miki Pulley Co. Ltd.,183.27,91.63,D,98,MPEU,3,2021-12-22
4301548,Rotor BFK458-16-AL,90902,1,1302,22.12.2021,49.29,49.29,30325,Miki Pulley Co. Ltd.,49.29,24.64,D,98,MPEU,3,2021-12-22
4301548,Bearbeitungsgebühr,99998,1,9999,22.12.2021,0.00,61.48,30325,Miki Pulley Co. Ltd.,0.00,61.48,D,98,MPEU,3,2021-12-22
